id	Üst Kategori	Alt Kategori 1	Alt Kategori 2	Ürün Grubu (Leaf)	Komisyon % (KDV Dahil)	Pazarlama Hizmet Bedeli %	Pazaryeri Hizmet Bedeli %	Hakediş Süresi (Gün)
n11-1	Ayakkabı & Çanta	Ayakkabı Bakım Ürünleri	Ayakkabı Boyası & Spreyi	Ayakkabı Boyası & Spreyi	19%	%1	%0.67	24
n11-2	Ayakkabı & Çanta	Ayakkabı Bakım Ürünleri	Ayakkabı Tamir Malzemeleri	Ayakkabı Tamir Malzemeleri	19%	%1	%0.67	24
n11-3	Ayakkabı & Çanta	Ayakkabı Bakım Ürünleri	Ayakkabı Bağcığı	Ayakkabı Bağcığı	19%	%1	%0.67	24
n11-4	Ayakkabı & Çanta	Ayakkabı Bakım Ürünleri	Ayakkabı Kalıbı	Ayakkabı Kalıbı	19%	%1	%0.67	24
n11-5	Ayakkabı & Çanta	Ayakkabı Bakım Ürünleri	Ayakkabı Çekeceği	Ayakkabı Çekeceği	19%	%1	%0.67	24
n11-6	Ayakkabı & Çanta	Ayakkabı Bakım Ürünleri	Ayakkabı & Terlik Aksesuar	Ayakkabı & Terlik Aksesuar	19%	%1	%0.67	24
n11-7	Ayakkabı & Çanta	Bavul & Valiz	Büyük Boy Valiz	Büyük Boy Valiz	18%	%1	%0.67	24
n11-8	Ayakkabı & Çanta	Bavul & Valiz	Kabin Boy Valiz	Kabin Boy Valiz	18%	%1	%0.67	24
n11-9	Ayakkabı & Çanta	Bavul & Valiz	Orta Boy Valiz	Orta Boy Valiz	18%	%1	%0.67	24
n11-10	Ayakkabı & Çanta	Bavul & Valiz	Seyahat Çantaları	Seyahat Çantaları	18%	%1	%0.67	24
n11-11	Ayakkabı & Çanta	Bavul & Valiz	Valiz Seti	Valiz Seti	18%	%1	%0.67	24
n11-12	Ayakkabı & Çanta	Bavul & Valiz	Çocuk Valizleri	Çocuk Valizleri	18%	%1	%0.67	24
n11-13	Ayakkabı & Çanta	Bavul & Valiz	Seyahat Kozmetik Çantaları	Seyahat Kozmetik Çantaları	18%	%1	%0.67	24
n11-14	Ayakkabı & Çanta	Bavul & Valiz	Valiz Kılıfı & Aksesuar	Valiz Kılıfı & Aksesuar	18%	%1	%0.67	24
n11-15	Ayakkabı & Çanta	Çocuk Ayakkabı	Erkek Çocuk Ayakkabı	Erkek Çocuk Bot & Çizme	18%	%1	%0.67	24
n11-16	Ayakkabı & Çanta	Çocuk Ayakkabı	Erkek Çocuk Ayakkabı	Erkek Çocuk Günlük Ayakkabı	18%	%1	%0.67	24
n11-17	Ayakkabı & Çanta	Çocuk Ayakkabı	Erkek Çocuk Ayakkabı	Erkek Çocuk Terlik	18%	%1	%0.67	24
n11-18	Ayakkabı & Çanta	Çocuk Ayakkabı	Erkek Çocuk Ayakkabı	Erkek Çocuk Sandalet	18%	%1	%0.67	24
n11-19	Ayakkabı & Çanta	Çocuk Ayakkabı	Erkek Çocuk Ayakkabı	Erkek Çocuk Ev Terliği & Panduf	18%	%1	%0.67	24
n11-20	Ayakkabı & Çanta	Çocuk Ayakkabı	Erkek Çocuk Ayakkabı	Erkek Çocuk Deniz Ayakkabısı	18%	%1	%0.67	24
n11-21	Ayakkabı & Çanta	Çocuk Ayakkabı	Kız Çocuk Ayakkabı	Kız Çocuk Günlük Ayakkabı	18%	%1	%0.67	24
n11-22	Ayakkabı & Çanta	Çocuk Ayakkabı	Kız Çocuk Ayakkabı	Kız Çocuk Terlik	18%	%1	%0.67	24
n11-23	Ayakkabı & Çanta	Çocuk Ayakkabı	Kız Çocuk Ayakkabı	Kız Çocuk Bot & Çizme	18%	%1	%0.67	24
n11-24	Ayakkabı & Çanta	Çocuk Ayakkabı	Kız Çocuk Ayakkabı	Kız Çocuk Ev Terliği & Panduf	18%	%1	%0.67	24
n11-25	Ayakkabı & Çanta	Çocuk Ayakkabı	Kız Çocuk Ayakkabı	Kız Çocuk Deniz Ayakkabısı	18%	%1	%0.67	24
n11-26	Ayakkabı & Çanta	Çocuk Ayakkabı	Kız Çocuk Ayakkabı	Kız Çocuk Sandalet	18%	%1	%0.67	24
n11-27	Ayakkabı & Çanta	Çocuk Ayakkabı	Kız Çocuk Ayakkabı	Kız Çocuk Babet	18%	%1	%0.67	24
n11-28	Ayakkabı & Çanta	Çocuk Ayakkabı	Kız Çocuk Ayakkabı	Kız Çocuk Topuklu Ayakkabı	18%	%1	%0.67	24
n11-29	Ayakkabı & Çanta	Çocuk Çanta	Kız Çocuk Çantası	Kız Çocuk El & Sırt Çantası	18%	%1	%0.67	24
n11-30	Ayakkabı & Çanta	Çocuk Çanta	Kız Çocuk Çantası	Kız Çocuk Bel Çantası	18%	%1	%0.67	24
n11-31	Ayakkabı & Çanta	Çocuk Çanta	Kız Çocuk Çantası	Kız Çocuk Cüzdan	18%	%1	%0.67	24
n11-32	Ayakkabı & Çanta	Çocuk Çanta	Erkek Çocuk Çantası	Erkek Çocuk El & Sırt Çantası	18%	%1	%0.67	24
n11-33	Ayakkabı & Çanta	Çocuk Çanta	Erkek Çocuk Çantası	Erkek Çocuk Bel Çantası	18%	%1	%0.67	24
n11-34	Ayakkabı & Çanta	Çocuk Çanta	Erkek Çocuk Çantası	Erkek Çocuk Cüzdan	18%	%1	%0.67	24
n11-35	Ayakkabı & Çanta	Erkek Ayakkabı	Erkek Günlük Ayakkabı	Erkek Casual Ayakkabı	18%	%1	%0.67	24
n11-36	Ayakkabı & Çanta	Erkek Ayakkabı	Erkek Günlük Ayakkabı	Erkek Klasik Ayakkabı	18%	%1	%0.67	24
n11-37	Ayakkabı & Çanta	Erkek Ayakkabı	Erkek Günlük Ayakkabı	Erkek Sneaker	18%	%1	%0.67	24
n11-38	Ayakkabı & Çanta	Erkek Ayakkabı	Erkek Günlük Ayakkabı	Erkek Espadril Ayakkabı	18%	%1	%0.67	24
n11-39	Ayakkabı & Çanta	Erkek Ayakkabı	Erkek Günlük Ayakkabı	Erkek Makosen Ayakkabı	18%	%1	%0.67	24
n11-40	Ayakkabı & Çanta	Erkek Ayakkabı	Erkek Günlük Ayakkabı	Erkek Loafer Ayakkabı	18%	%1	%0.67	24
n11-41	Ayakkabı & Çanta	Erkek Ayakkabı	Erkek Günlük Ayakkabı	Erkek Oxford Ayakkabı	18%	%1	%0.67	24
n11-42	Ayakkabı & Çanta	Erkek Ayakkabı	Erkek Terlik & Sandalet	Erkek Terlik	18%	%1	%0.67	24
n11-43	Ayakkabı & Çanta	Erkek Ayakkabı	Erkek Terlik & Sandalet	Erkek Sandalet	18%	%1	%0.67	24
n11-44	Ayakkabı & Çanta	Erkek Ayakkabı	Erkek Terlik & Sandalet	Erkek Plaj Terliği	18%	%1	%0.67	24
n11-45	Ayakkabı & Çanta	Erkek Ayakkabı	Erkek Terlik & Sandalet	Erkek Deniz Ayakkabısı	18%	%1	%0.67	24
n11-46	Ayakkabı & Çanta	Erkek Ayakkabı	Erkek Ev Terliği & Panduf	Erkek Ev Terliği	18%	%1	%0.67	24
n11-47	Ayakkabı & Çanta	Erkek Ayakkabı	Erkek Ev Terliği & Panduf	Erkek Panduf & Ev Botu	18%	%1	%0.67	24
n11-48	Ayakkabı & Çanta	Erkek Ayakkabı	Erkek Bot & Çizme	Erkek Bot	18%	%1	%0.67	24
n11-49	Ayakkabı & Çanta	Erkek Ayakkabı	Erkek Bot & Çizme	Erkek Çizme	18%	%1	%0.67	24
n11-50	Ayakkabı & Çanta	Erkek Ayakkabı	Erkek Bot & Çizme	Erkek Kar Botu	18%	%1	%0.67	24
n11-51	Ayakkabı & Çanta	Erkek Ayakkabı	Erkek Bot & Çizme	Erkek Yağmur Çizmesi	18%	%1	%0.67	24
n11-52	Ayakkabı & Çanta	Erkek Çanta	Erkek Cüzdan & Kartlık	Erkek Cüzdan & Kartlık	18%	%1	%0.67	24
n11-53	Ayakkabı & Çanta	Erkek Çanta	Erkek El Çantası & Portföy	Erkek El Çantası & Portföy	18%	%1	%0.67	24
n11-54	Ayakkabı & Çanta	Erkek Çanta	Erkek Evrak Çantası	Erkek Evrak Çantası	18%	%1	%0.67	24
n11-55	Ayakkabı & Çanta	Erkek Çanta	Erkek Postacı Çanta	Erkek Postacı Çanta	18%	%1	%0.67	24
n11-56	Ayakkabı & Çanta	Erkek Çanta	Erkek Sırt Çantası	Erkek Sırt Çantası	18%	%1	%0.67	24
n11-57	Ayakkabı & Çanta	Erkek Çanta	Erkek Bel Çantası	Erkek Bel Çantası	18%	%1	%0.67	24
n11-58	Ayakkabı & Çanta	Erkek Çanta	Erkek Çanta Aksesuarı	Erkek Çanta Aksesuarı	18%	%1	%0.67	24
n11-59	Ayakkabı & Çanta	Kadın Ayakkabı	Kadın Bot & Çizme	Kadın Bot	18%	%1	%0.67	24
n11-60	Ayakkabı & Çanta	Kadın Ayakkabı	Kadın Bot & Çizme	Kadın Kar Botu	18%	%1	%0.67	24
n11-61	Ayakkabı & Çanta	Kadın Ayakkabı	Kadın Bot & Çizme	Kadın Çizme	18%	%1	%0.67	24
n11-62	Ayakkabı & Çanta	Kadın Ayakkabı	Kadın Bot & Çizme	Kadın Yağmur Çizmesi	18%	%1	%0.67	24
n11-63	Ayakkabı & Çanta	Kadın Ayakkabı	Topuklu Ayakkabı	Dolgu Topuklu Ayakkabı	18%	%1	%0.67	24
n11-64	Ayakkabı & Çanta	Kadın Ayakkabı	Topuklu Ayakkabı	Klasik Topuklu Ayakkabı	18%	%1	%0.67	24
n11-65	Ayakkabı & Çanta	Kadın Ayakkabı	Topuklu Ayakkabı	Platform Topuklu Ayakkabı	18%	%1	%0.67	24
n11-66	Ayakkabı & Çanta	Kadın Ayakkabı	Topuklu Ayakkabı	Stiletto	18%	%1	%0.67	24
n11-67	Ayakkabı & Çanta	Kadın Ayakkabı	Topuklu Ayakkabı	Gelin Ayakkabısı	18%	%1	%0.67	24
n11-68	Ayakkabı & Çanta	Kadın Ayakkabı	Topuklu Ayakkabı	Abiye Ayakkabısı	18%	%1	%0.67	24
n11-69	Ayakkabı & Çanta	Kadın Ayakkabı	Kadın Günlük Ayakkabı	Kadın Casual Ayakkabı	18%	%1	%0.67	24
n11-70	Ayakkabı & Çanta	Kadın Ayakkabı	Kadın Günlük Ayakkabı	Kadın Sneaker	18%	%1	%0.67	24
n11-71	Ayakkabı & Çanta	Kadın Ayakkabı	Kadın Günlük Ayakkabı	Kadın Babet	18%	%1	%0.67	24
n11-72	Ayakkabı & Çanta	Kadın Ayakkabı	Kadın Günlük Ayakkabı	Kadın Espadril Ayakkabı	18%	%1	%0.67	24
n11-73	Ayakkabı & Çanta	Kadın Ayakkabı	Kadın Günlük Ayakkabı	Kadın Loafer Ayakkabı	18%	%1	%0.67	24
n11-74	Ayakkabı & Çanta	Kadın Ayakkabı	Kadın Günlük Ayakkabı	Kadın Oxford Ayakkabı	18%	%1	%0.67	24
n11-75	Ayakkabı & Çanta	Kadın Ayakkabı	Terlik & Sandalet	Kadın Terlik	18%	%1	%0.67	24
n11-76	Ayakkabı & Çanta	Kadın Ayakkabı	Terlik & Sandalet	Kadın Sandalet	18%	%1	%0.67	24
n11-77	Ayakkabı & Çanta	Kadın Ayakkabı	Terlik & Sandalet	Kadın Plaj Terliği	18%	%1	%0.67	24
n11-78	Ayakkabı & Çanta	Kadın Ayakkabı	Terlik & Sandalet	Kadın Deniz Ayakkabısı	18%	%1	%0.67	24
n11-79	Ayakkabı & Çanta	Kadın Ayakkabı	Ev Terliği & Panduf	Kadın Ev Terliği	18%	%1	%0.67	24
n11-80	Ayakkabı & Çanta	Kadın Ayakkabı	Ev Terliği & Panduf	Kadın Panduf & Ev Botu	18%	%1	%0.67	24
n11-81	Ayakkabı & Çanta	Kadın Ayakkabı	Ev Terliği & Panduf	Kadın Patik	18%	%1	%0.67	24
n11-82	Ayakkabı & Çanta	Kadın Çanta	Kadın Abiye Çanta	Kadın Abiye Çanta	18%	%1	%0.67	24
n11-83	Ayakkabı & Çanta	Kadın Çanta	Kadın Cüzdan & Kartlık	Kadın Cüzdan & Kartlık	18%	%1	%0.67	24
n11-84	Ayakkabı & Çanta	Kadın Çanta	Kadın Çanta Aksesuarı	Kadın Çanta Aksesuarı	18%	%1	%0.67	24
n11-85	Ayakkabı & Çanta	Kadın Çanta	Kadın El Çantası	Kadın El Çantası	18%	%1	%0.67	24
n11-86	Ayakkabı & Çanta	Kadın Çanta	Kadın Omuz Çantası	Kadın Omuz Çantası	18%	%1	%0.67	24
n11-87	Ayakkabı & Çanta	Kadın Çanta	Kadın Postacı Çantası	Kadın Postacı Çantası	18%	%1	%0.67	24
n11-88	Ayakkabı & Çanta	Kadın Çanta	Kadın Sırt Çantası	Kadın Sırt Çantası	18%	%1	%0.67	24
n11-89	Ayakkabı & Çanta	Kadın Çanta	Kadın Evrak Çantası	Kadın Evrak Çantası	18%	%1	%0.67	24
n11-90	Ayakkabı & Çanta	Kadın Çanta	Kadın Bel Çantası	Kadın Bel Çantası	18%	%1	%0.67	24
n11-91	Ayakkabı & Çanta	Kadın Çanta	Kadın Plaj Çantası	Kadın Plaj Çantası	18%	%1	%0.67	24
n11-92	Ayakkabı & Çanta	Kadın Çanta	Bez & Alışveriş Çantası	Bez & Alışveriş Çantası	18%	%1	%0.67	24
n11-93	Ayakkabı & Çanta	Kadın Çanta	Kadın Portföy & Clucth Çanta	Kadın Portföy & Clucth Çanta	18%	%1	%0.67	24
n11-94	Çocuk Giyim & Aksesuar	Aksesuar	Çocuk Atkı & Eldiven	Çocuk Atkı & Eldiven	20.34%	%1	%0.67	24
n11-95	Çocuk Giyim & Aksesuar	Aksesuar	Kemer & Pantolon Askısı	Kemer & Pantolon Askısı	20%	%1	%0.67	24
n11-96	Çocuk Giyim & Aksesuar	Aksesuar	Kravat, Papyon, Mendil	Kravat, Papyon, Mendil	20.34%	%1	%0.67	24
n11-97	Çocuk Giyim & Aksesuar	Aksesuar	Çocuk Şapka, Bere, Kulaklık	Çocuk Şapka, Bere, Kulaklık	20.34%	%1	%0.67	24
n11-98	Çocuk Giyim & Aksesuar	Aksesuar	Çocuk Şemsiye	Çocuk Şemsiye	20.34%	%1	%0.67	24
n11-99	Çocuk Giyim & Aksesuar	Erkek Çocuk	Erkek Çocuk Ceket & Yelek	Erkek Çocuk Ceket & Yelek	20.34%	%1	%0.67	24
n11-100	Çocuk Giyim & Aksesuar	Erkek Çocuk	Erkek Çocuk Eşofman & Sweatshirt	Erkek Çocuk Eşofman & Sweatshirt	20.34%	%1	%0.67	24
n11-101	Çocuk Giyim & Aksesuar	Erkek Çocuk	Erkek Çocuk Gömlek	Erkek Çocuk Gömlek	20.34%	%1	%0.67	24
n11-102	Çocuk Giyim & Aksesuar	Erkek Çocuk	Erkek Çocuk Kazak, Hırka, Yelek	Erkek Çocuk Kazak, Hırka, Yelek	20.34%	%1	%0.67	24
n11-103	Çocuk Giyim & Aksesuar	Erkek Çocuk	Erkek Çocuk Kostüm	Erkek Çocuk Kostüm	20.34%	%1	%0.67	24
n11-104	Çocuk Giyim & Aksesuar	Erkek Çocuk	Erkek Çocuk Kot	Erkek Çocuk Kot	20.34%	%1	%0.67	24
n11-105	Çocuk Giyim & Aksesuar	Erkek Çocuk	Erkek Çocuk Mayo	Erkek Çocuk Mayo	20.34%	%1	%0.67	24
n11-106	Çocuk Giyim & Aksesuar	Erkek Çocuk	Erkek Çocuk Mont, Kaban, Trençkot	Erkek Çocuk Mont, Kaban, Trençkot	20.34%	%1	%0.67	24
n11-107	Çocuk Giyim & Aksesuar	Erkek Çocuk	Erkek Çocuk Pantolon	Erkek Çocuk Pantolon	20.34%	%1	%0.67	24
n11-108	Çocuk Giyim & Aksesuar	Erkek Çocuk	Erkek Çocuk Tişört	Erkek Çocuk Tişört	20.34%	%1	%0.67	24
n11-109	Çocuk Giyim & Aksesuar	Erkek Çocuk	Erkek Çocuk Takım Elbise	Erkek Çocuk Takım Elbise	20.34%	%1	%0.67	24
n11-110	Çocuk Giyim & Aksesuar	Erkek Çocuk	Erkek Çocuk Tulum & Salopet	Erkek Çocuk Tulum & Salopet	20.34%	%1	%0.67	24
n11-111	Çocuk Giyim & Aksesuar	Erkek Çocuk	İç Giyim & Uyku Giyim	Erkek Çocuk Boxer, Külot, Slip	20.34%	%1	%0.67	24
n11-112	Çocuk Giyim & Aksesuar	Erkek Çocuk	İç Giyim & Uyku Giyim	Erkek Çocuk Pijama	20.34%	%1	%0.67	24
n11-113	Çocuk Giyim & Aksesuar	Erkek Çocuk	İç Giyim & Uyku Giyim	Erkek Çocuk Fanila & Atlet	20.34%	%1	%0.67	24
n11-114	Çocuk Giyim & Aksesuar	Erkek Çocuk	İç Giyim & Uyku Giyim	Erkek Çocuk Çorap	20.34%	%1	%0.67	24
n11-115	Çocuk Giyim & Aksesuar	Erkek Çocuk	Erkek Çocuk Şort	Erkek Çocuk Şort	20.34%	%1	%0.67	24
n11-116	Çocuk Giyim & Aksesuar	Erkek Çocuk	Sünnet	Sünnet	20.34%	%1	%0.67	24
n11-117	Çocuk Giyim & Aksesuar	Erkek Çocuk	Erkek Çocuk Alt & Üst Takım	Erkek Çocuk Alt & Üst Takım	20.34%	%1	%0.67	24
n11-118	Çocuk Giyim & Aksesuar	Kız Çocuk	Ceket & Yelek & Bolero	Ceket & Yelek & Bolero	20.34%	%1	%0.67	24
n11-119	Çocuk Giyim & Aksesuar	Kız Çocuk	Kız Çocuk Elbise & Jile	Kız Çocuk Elbise & Jile	20.34%	%1	%0.67	24
n11-120	Çocuk Giyim & Aksesuar	Kız Çocuk	Kız Çocuk Etek	Kız Çocuk Etek	20.34%	%1	%0.67	24
n11-121	Çocuk Giyim & Aksesuar	Kız Çocuk	Kız Çocuk Eşofman & Sweatshirt	Kız Çocuk Eşofman & Sweatshirt	20.34%	%1	%0.67	24
n11-122	Çocuk Giyim & Aksesuar	Kız Çocuk	Gömlek & Bluz	Gömlek & Bluz	20.34%	%1	%0.67	24
n11-123	Çocuk Giyim & Aksesuar	Kız Çocuk	Kız Çocuk Kazak & Hırka	Kız Çocuk Kazak & Hırka	20.34%	%1	%0.67	24
n11-124	Çocuk Giyim & Aksesuar	Kız Çocuk	Kız Çocuk Kostüm	Kız Çocuk Kostüm	20.34%	%1	%0.67	24
n11-125	Çocuk Giyim & Aksesuar	Kız Çocuk	Kot	Kot	20.34%	%1	%0.67	24
n11-126	Çocuk Giyim & Aksesuar	Kız Çocuk	Kız Çocuk Mayo, Bikini, Pareo	Kız Çocuk Mayo, Bikini, Pareo	20.34%	%1	%0.67	24
n11-127	Çocuk Giyim & Aksesuar	Kız Çocuk	Kız Çocuk Mont, Kaban, Trençkot	Kız Çocuk Mont, Kaban, Trençkot	20.34%	%1	%0.67	24
n11-128	Çocuk Giyim & Aksesuar	Kız Çocuk	Kız Çocuk Pantolon	Kız Çocuk Pantolon	20.34%	%1	%0.67	24
n11-129	Çocuk Giyim & Aksesuar	Kız Çocuk	Kız Çocuk Tişört	Kız Çocuk Tişört	20.34%	%1	%0.67	24
n11-130	Çocuk Giyim & Aksesuar	Kız Çocuk	Kız Çocuk Tayt	Kız Çocuk Tayt	20.34%	%1	%0.67	24
n11-131	Çocuk Giyim & Aksesuar	Kız Çocuk	Kız Çocuk Tulum & Salopet	Kız Çocuk Tulum & Salopet	20.34%	%1	%0.67	24
n11-132	Çocuk Giyim & Aksesuar	Kız Çocuk	İç Giyim & Uyku Giyim	İç Çamaşırı	20.34%	%1	%0.67	24
n11-133	Çocuk Giyim & Aksesuar	Kız Çocuk	İç Giyim & Uyku Giyim	Çorap	20.34%	%1	%0.67	24
n11-134	Çocuk Giyim & Aksesuar	Kız Çocuk	İç Giyim & Uyku Giyim	Kız Çocuk Pijama & Gecelik	20.34%	%1	%0.67	24
n11-135	Çocuk Giyim & Aksesuar	Kız Çocuk	İç Giyim & Uyku Giyim	Alt & Üst Takım	20.34%	%1	%0.67	24
n11-136	Çocuk Giyim & Aksesuar	Kız Çocuk	İç Giyim & Uyku Giyim	Kız Çocuk Body & Atlet	20.34%	%1	%0.67	24
n11-137	Çocuk Giyim & Aksesuar	Kız Çocuk	Kız Çocuk Şort	Kız Çocuk Şort	20.34%	%1	%0.67	24
n11-138	Çocuk Giyim & Aksesuar	Kız Çocuk	Kız Çocuk Abiye	Kız Çocuk Abiye	20.34%	%1	%0.67	24
n11-139	Çocuk Giyim & Aksesuar	Kız Çocuk	Kız Çocuk Alt & Üst Takım	Kız Çocuk Alt & Üst Takım	20.34%	%1	%0.67	24
n11-140	Erkek Giyim & Aksesuar	Dış Giyim	Erkek Deri Mont	Erkek Deri Mont	20.34%	%1	%0.67	24
n11-141	Erkek Giyim & Aksesuar	Dış Giyim	Erkek Mont & Kaban & Palto	Erkek Mont & Kaban & Palto	20.34%	%1	%0.67	24
n11-142	Erkek Giyim & Aksesuar	Dış Giyim	Erkek Yağmurluk & Rüzgarlık	Erkek Yağmurluk & Rüzgarlık	20.34%	%1	%0.67	24
n11-143	Erkek Giyim & Aksesuar	Dış Giyim	Erkek Yelek	Erkek Yelek	20.34%	%1	%0.67	24
n11-144	Erkek Giyim & Aksesuar	Dış Giyim	Erkek Ceket	Erkek Ceket	20.34%	%1	%0.67	24
n11-145	Erkek Giyim & Aksesuar	Dış Giyim	Erkek Pardesü & Trençkot	Erkek Pardesü & Trençkot	20.34%	%1	%0.67	24
n11-146	Erkek Giyim & Aksesuar	Erkek Aksesuar	Erkek Şal & Fular	Erkek Şal & Fular	20.34%	%1	%0.67	24
n11-147	Erkek Giyim & Aksesuar	Erkek Aksesuar	Kravat, Papyon, Mendil	Kravat, Papyon, Mendil	20.34%	%1	%0.67	24
n11-148	Erkek Giyim & Aksesuar	Erkek Aksesuar	Erkek Çorap	Erkek Çorap	20.34%	%1	%0.67	24
n11-149	Erkek Giyim & Aksesuar	Erkek Aksesuar	Erkek Şemsiye	Erkek Şemsiye	20.34%	%1	%0.67	24
n11-150	Erkek Giyim & Aksesuar	Erkek Aksesuar	Erkek Kemer & Pantolon Askısı	Erkek Kemer	20%	%1	%0.67	24
n11-151	Erkek Giyim & Aksesuar	Erkek Aksesuar	Erkek Kemer & Pantolon Askısı	Pantolon Askısı	20%	%1	%0.67	24
n11-152	Erkek Giyim & Aksesuar	Erkek Aksesuar	Erkek Şapka & Bere & Eldiven	Erkek Şapka & Kasket	20.34%	%1	%0.67	24
n11-153	Erkek Giyim & Aksesuar	Erkek Aksesuar	Erkek Şapka & Bere & Eldiven	Erkek Bere	20.34%	%1	%0.67	24
n11-154	Erkek Giyim & Aksesuar	Erkek Aksesuar	Erkek Şapka & Bere & Eldiven	Erkek Eldiven	20.34%	%1	%0.67	24
n11-155	Erkek Giyim & Aksesuar	Erkek Aksesuar	Erkek Şapka & Bere & Eldiven	Erkek Atkı	20.34%	%1	%0.67	24
n11-156	Erkek Giyim & Aksesuar	Erkek Aksesuar	Erkek Şapka & Bere & Eldiven	Erkek Boyunluk	20.34%	%1	%0.67	24
n11-157	Erkek Giyim & Aksesuar	Erkek Aksesuar	Erkek Şapka & Bere & Eldiven	Erkek Atkı Bere Eldiven Takımı	20.34%	%1	%0.67	24
n11-158	Erkek Giyim & Aksesuar	Erkek Aksesuar	Arma Yama	Arma Yama	20.34%	%1	%0.67	24
n11-159	Erkek Giyim & Aksesuar	Erkek Büyük Beden	Erkek Büyük Beden Ceket & Deri Ceket	Erkek Büyük Beden Ceket & Deri Ceket	20.34%	%1	%0.67	24
n11-160	Erkek Giyim & Aksesuar	Erkek Büyük Beden	Erkek Büyük Beden Eşofman & Sweatshirt	Erkek Büyük Beden Eşofman & Sweatshirt	20.34%	%1	%0.67	24
n11-161	Erkek Giyim & Aksesuar	Erkek Büyük Beden	Erkek Büyük Beden Gömlek	Erkek Büyük Beden Gömlek	20.34%	%1	%0.67	24
n11-162	Erkek Giyim & Aksesuar	Erkek Büyük Beden	Erkek Büyük Beden Mont & Kaban	Erkek Büyük Beden Mont & Kaban	20.34%	%1	%0.67	24
n11-163	Erkek Giyim & Aksesuar	Erkek Büyük Beden	Erkek Büyük Beden Pantolon & Şort	Erkek Büyük Beden Pantolon & Şort	20.34%	%1	%0.67	24
n11-164	Erkek Giyim & Aksesuar	Erkek Büyük Beden	Erkek Büyük Beden Tişört	Erkek Büyük Beden Tişört	20.34%	%1	%0.67	24
n11-165	Erkek Giyim & Aksesuar	Erkek Büyük Beden	Erkek Büyük Beden Takım Elbise	Erkek Büyük Beden Takım Elbise	20.34%	%1	%0.67	24
n11-166	Erkek Giyim & Aksesuar	Erkek Büyük Beden	Erkek Büyük Beden Kazak	Erkek Büyük Beden Kazak	20.34%	%1	%0.67	24
n11-167	Erkek Giyim & Aksesuar	Erkek Büyük Beden	Erkek Büyük Beden Pijama	Erkek Büyük Beden Pijama	20.34%	%1	%0.67	24
n11-168	Erkek Giyim & Aksesuar	Erkek Büyük Beden	Erkek Büyük Beden Yelek	Erkek Büyük Beden Yelek	20.34%	%1	%0.67	24
n11-169	Erkek Giyim & Aksesuar	Erkek Büyük Beden	Erkek Büyük Beden Hırka	Erkek Büyük Beden Hırka	20.34%	%1	%0.67	24
n11-170	Erkek Giyim & Aksesuar	Erkek Büyük Beden	Erkek Büyük Beden Mayo	Erkek Büyük Beden Mayo	20.34%	%1	%0.67	24
n11-171	Erkek Giyim & Aksesuar	Erkek Mayo & Deniz Şortu	Slip Mayo	Slip Mayo	20.34%	%1	%0.67	24
n11-172	Erkek Giyim & Aksesuar	Erkek Mayo & Deniz Şortu	Deniz Şortu	Deniz Şortu	20.34%	%1	%0.67	24
n11-173	Erkek Giyim & Aksesuar	Erkek Tişört & Polo Yaka Tişört	Erkek Tişört & Polo Yaka Tişört	Erkek Tişört & Polo Yaka Tişört	20.34%	%1	%0.67	24
n11-174	Erkek Giyim & Aksesuar	Eşofman & Sweatshirt	Erkek Eşofman Altı	Erkek Eşofman Altı	20.34%	%1	%0.67	24
n11-175	Erkek Giyim & Aksesuar	Eşofman & Sweatshirt	Erkek Eşofman Takımı	Erkek Eşofman Takımı	20.34%	%1	%0.67	24
n11-176	Erkek Giyim & Aksesuar	Eşofman & Sweatshirt	Erkek Sweatshirt	Erkek Sweatshirt	20.34%	%1	%0.67	24
n11-177	Erkek Giyim & Aksesuar	Eşofman & Sweatshirt	Erkek Polar	Erkek Polar	20.34%	%1	%0.67	24
n11-178	Erkek Giyim & Aksesuar	Gömlek	Gömlek	Gömlek	20.34%	%1	%0.67	24
n11-179	Erkek Giyim & Aksesuar	İç Giyim	Erkek Atlet & Fanila & Body	Erkek Atlet & Fanila & Body	20.34%	%1	%0.67	24
n11-180	Erkek Giyim & Aksesuar	İç Giyim	Erkek Boxer	Erkek Boxer	20.34%	%1	%0.67	24
n11-181	Erkek Giyim & Aksesuar	İç Giyim	Erkek Korse	Erkek Korse	20.34%	%1	%0.67	24
n11-182	Erkek Giyim & Aksesuar	İç Giyim	Erkek İçlik & Termal İç Giyim	Erkek İçlik & Termal İç Giyim	20.34%	%1	%0.67	24
n11-183	Erkek Giyim & Aksesuar	İç Giyim	Erkek Fantezi Giyim	Erkek Fantezi Aksesuar	20.34%	%1	%0.67	24
n11-184	Erkek Giyim & Aksesuar	İç Giyim	Erkek Fantezi Giyim	Erkek Fantezi String	20.34%	%1	%0.67	24
n11-185	Erkek Giyim & Aksesuar	İç Giyim	Erkek Fantezi Giyim	Erkek Fantezi Slip	20.34%	%1	%0.67	24
n11-186	Erkek Giyim & Aksesuar	İç Giyim	Erkek Fantezi Giyim	Erkek Fantezi Külot	20.34%	%1	%0.67	24
n11-187	Erkek Giyim & Aksesuar	İç Giyim	Erkek Fantezi Giyim	Fantezi Boxer	20.34%	%1	%0.67	24
n11-188	Erkek Giyim & Aksesuar	İç Giyim	Erkek Fantezi Giyim	Erkek Fantezi İç Çamaşırı Takımları	20.34%	%1	%0.67	24
n11-189	Erkek Giyim & Aksesuar	İç Giyim	Erkek Fantezi Giyim	Erkek Fantezi Kostüm	20.34%	%1	%0.67	24
n11-190	Erkek Giyim & Aksesuar	İç Giyim	Erkek Slip	Erkek Slip	20.34%	%1	%0.67	24
n11-191	Erkek Giyim & Aksesuar	İç Giyim	Erkek Külot	Erkek Külot	20.34%	%1	%0.67	24
n11-192	Erkek Giyim & Aksesuar	İç Giyim	Erkek Pijama & Sabahlık	Erkek Pijama Takımı	20.34%	%1	%0.67	24
n11-193	Erkek Giyim & Aksesuar	İç Giyim	Erkek Pijama & Sabahlık	Erkek Pijama Altı	20.34%	%1	%0.67	24
n11-194	Erkek Giyim & Aksesuar	İç Giyim	Erkek Pijama & Sabahlık	Erkek Pijama Üstü	20.34%	%1	%0.67	24
n11-195	Erkek Giyim & Aksesuar	İç Giyim	Erkek Pijama & Sabahlık	Erkek Sabahlık & Ropdöşambır	20.34%	%1	%0.67	24
n11-196	Erkek Giyim & Aksesuar	Kazak & Hırka	Erkek Hırka	Erkek Hırka	20.34%	%1	%0.67	24
n11-197	Erkek Giyim & Aksesuar	Kazak & Hırka	Erkek Kazak	Erkek Kazak	20.34%	%1	%0.67	24
n11-198	Erkek Giyim & Aksesuar	Kazak & Hırka	Erkek Yelek & Süveter	Erkek Yelek & Süveter	20.34%	%1	%0.67	24
n11-199	Erkek Giyim & Aksesuar	Pantolon & Şort	Erkek Pantolon	Erkek Pantolon	20.34%	%1	%0.67	24
n11-200	Erkek Giyim & Aksesuar	Pantolon & Şort	Erkek Şort	Erkek Şort	20.34%	%1	%0.67	24
n11-201	Erkek Giyim & Aksesuar	Pantolon & Şort	Erkek Jean	Erkek Jean	20.34%	%1	%0.67	24
n11-202	Erkek Giyim & Aksesuar	Smokin & Damatlık	Smokin & Damatlık	Smokin & Damatlık	20.34%	%1	%0.67	24
n11-203	Erkek Giyim & Aksesuar	Takım Elbise	Takım Elbise	Takım Elbise	20.34%	%1	%0.67	24
n11-204	Kadın Giyim & Aksesuar	Abiye Elbise	Abiye Elbise	Abiye Elbise	20.34%	%1	%0.67	24
n11-205	Kadın Giyim & Aksesuar	Bluz	Bluz	Bluz	20.34%	%1	%0.67	24
n11-206	Kadın Giyim & Aksesuar	Büyük Beden	Kadın Büyük Beden Abiye Elbise	Kadın Büyük Beden Abiye Elbise	20.34%	%1	%0.67	24
n11-207	Kadın Giyim & Aksesuar	Büyük Beden	Kadın Büyük Beden Ceket	Kadın Büyük Beden Ceket	20.34%	%1	%0.67	24
n11-208	Kadın Giyim & Aksesuar	Büyük Beden	Kadın Büyük Beden Elbise	Kadın Büyük Beden Elbise	20.34%	%1	%0.67	24
n11-209	Kadın Giyim & Aksesuar	Büyük Beden	Kadın Büyük Beden Etek	Kadın Büyük Beden Etek	20.34%	%1	%0.67	24
n11-210	Kadın Giyim & Aksesuar	Büyük Beden	Kadın Büyük Beden Eşofman Takımı	Kadın Büyük Beden Eşofman Takımı	20.34%	%1	%0.67	24
n11-211	Kadın Giyim & Aksesuar	Büyük Beden	Kadın Büyük Beden Gömlek	Kadın Büyük Beden Gömlek	20.34%	%1	%0.67	24
n11-212	Kadın Giyim & Aksesuar	Büyük Beden	Kadın Büyük Beden Mont & Kaban	Kadın Büyük Beden Mont & Kaban	20.34%	%1	%0.67	24
n11-213	Kadın Giyim & Aksesuar	Büyük Beden	Kadın Büyük Beden Pantolon	Kadın Büyük Beden Pantolon	20.34%	%1	%0.67	24
n11-214	Kadın Giyim & Aksesuar	Büyük Beden	Kadın Büyük Beden Tişört	Kadın Büyük Beden Tişört	20.34%	%1	%0.67	24
n11-215	Kadın Giyim & Aksesuar	Büyük Beden	Kadın Büyük Beden Kazak	Kadın Büyük Beden Kazak	20.34%	%1	%0.67	24
n11-216	Kadın Giyim & Aksesuar	Büyük Beden	Kadın Büyük Beden Şort	Kadın Büyük Beden Şort	20.34%	%1	%0.67	24
n11-217	Kadın Giyim & Aksesuar	Büyük Beden	Kadın Büyük Beden Bluz	Kadın Büyük Beden Bluz	20.34%	%1	%0.67	24
n11-218	Kadın Giyim & Aksesuar	Büyük Beden	Kadın Büyük Beden Hırka	Kadın Büyük Beden Hırka	20.34%	%1	%0.67	24
n11-219	Kadın Giyim & Aksesuar	Büyük Beden	Kadın Büyük Beden Sweatshirt	Kadın Büyük Beden Sweatshirt	20.34%	%1	%0.67	24
n11-220	Kadın Giyim & Aksesuar	Büyük Beden	Kadın Büyük Beden Tunik	Kadın Büyük Beden Tunik	20.34%	%1	%0.67	24
n11-221	Kadın Giyim & Aksesuar	Büyük Beden	Kadın Büyük Beden Tayt	Kadın Büyük Beden Tayt	20.34%	%1	%0.67	24
n11-222	Kadın Giyim & Aksesuar	Büyük Beden	Kadın Büyük Beden Eşofman Altı	Kadın Büyük Beden Eşofman Altı	20.34%	%1	%0.67	24
n11-223	Kadın Giyim & Aksesuar	Büyük Beden	Kadın Büyük Beden Yelek	Kadın Büyük Beden Yelek	20.34%	%1	%0.67	24
n11-224	Kadın Giyim & Aksesuar	Büyük Beden	Kadın Büyük Beden Trençkot	Kadın Büyük Beden Trençkot	20.34%	%1	%0.67	24
n11-225	Kadın Giyim & Aksesuar	Büyük Beden	Kadın Büyük Beden Abiye Takım	Kadın Büyük Beden Abiye Takım	20.34%	%1	%0.67	24
n11-226	Kadın Giyim & Aksesuar	Büyük Beden	Kadın Büyük Beden Mayo	Kadın Büyük Beden Mayo	20.34%	%1	%0.67	24
n11-227	Kadın Giyim & Aksesuar	Büyük Beden	Kadın Büyük Beden Tulum	Kadın Büyük Beden Tulum	20.34%	%1	%0.67	24
n11-228	Kadın Giyim & Aksesuar	Büyük Beden	Kadın Büyük Beden Pijama	Kadın Büyük Beden Pijama Takımı	20.34%	%1	%0.67	24
n11-229	Kadın Giyim & Aksesuar	Büyük Beden	Kadın Büyük Beden Pijama	Kadın Büyük Beden Pijama Üstü	20.34%	%1	%0.67	24
n11-230	Kadın Giyim & Aksesuar	Büyük Beden	Kadın Büyük Beden Pijama	Kadın Büyük Beden Pijama Altı	20.34%	%1	%0.67	24
n11-231	Kadın Giyim & Aksesuar	Büyük Beden	Kadın Büyük Beden İkili Takım	Kadın Büyük Beden İkili Takım	20.34%	%1	%0.67	24
n11-232	Kadın Giyim & Aksesuar	Crop Top	Crop Top	Crop Top	20.34%	%1	%0.67	24
n11-233	Kadın Giyim & Aksesuar	Dış Giyim	Kadın Trençkot & Pardesü	Kadın Trençkot & Pardesü	20.34%	%1	%0.67	24
n11-234	Kadın Giyim & Aksesuar	Dış Giyim	Kadın Yelek	Kadın Yelek	20.34%	%1	%0.67	24
n11-235	Kadın Giyim & Aksesuar	Dış Giyim	Kadın Mont & Kaban	Kadın Mont	20.34%	%1	%0.67	24
n11-236	Kadın Giyim & Aksesuar	Dış Giyim	Kadın Mont & Kaban	Kadın Kaban	20.34%	%1	%0.67	24
n11-237	Kadın Giyim & Aksesuar	Dış Giyim	Kadın Mont & Kaban	Kadın Palto	20.34%	%1	%0.67	24
n11-238	Kadın Giyim & Aksesuar	Dış Giyim	Kadın Mont & Kaban	Kadın Parka	20.34%	%1	%0.67	24
n11-239	Kadın Giyim & Aksesuar	Dış Giyim	Kadın Mont & Kaban	Kadın Panço	20.34%	%1	%0.67	24
n11-240	Kadın Giyim & Aksesuar	Dış Giyim	Kadın Mont & Kaban	Kadın Deri Mont & Ceket	20.34%	%1	%0.67	24
n11-241	Kadın Giyim & Aksesuar	Dış Giyim	Kadın Ceket	Kadın Ceket	20.34%	%1	%0.67	24
n11-242	Kadın Giyim & Aksesuar	Dış Giyim	Kadın Yağmurluk & Rüzgarlık	Kadın Yağmurluk & Rüzgarlık	20.34%	%1	%0.67	24
n11-243	Kadın Giyim & Aksesuar	Elbise	Elbise	Elbise	20.34%	%1	%0.67	24
n11-244	Kadın Giyim & Aksesuar	Etek	Midi Etek	Midi Etek	20.34%	%1	%0.67	24
n11-245	Kadın Giyim & Aksesuar	Etek	Mini Etek	Mini Etek	20.34%	%1	%0.67	24
n11-246	Kadın Giyim & Aksesuar	Etek	Maxi Etek	Maxi Etek	20.34%	%1	%0.67	24
n11-247	Kadın Giyim & Aksesuar	Gelinlik	Gelinlik	Gelinlik	20.34%	%1	%0.67	24
n11-248	Kadın Giyim & Aksesuar	İç Giyim	Kadın Atlet & Body	Kadın Atlet & Body	20.34%	%1	%0.67	24
n11-249	Kadın Giyim & Aksesuar	İç Giyim	Babydoll	Babydoll	20.34%	%1	%0.67	24
n11-250	Kadın Giyim & Aksesuar	İç Giyim	Kombinezon	Kombinezon	20.34%	%1	%0.67	24
n11-251	Kadın Giyim & Aksesuar	İç Giyim	Kadın Korse	Kadın Korse	20.34%	%1	%0.67	24
n11-252	Kadın Giyim & Aksesuar	İç Giyim	Kadın Külot	Kadın Külot	20.34%	%1	%0.67	24
n11-253	Kadın Giyim & Aksesuar	İç Giyim	Sütyen	Sütyen	20.34%	%1	%0.67	24
n11-254	Kadın Giyim & Aksesuar	İç Giyim	İç Çamaşırı Takımları	İç Çamaşırı Takımları	20.34%	%1	%0.67	24
n11-255	Kadın Giyim & Aksesuar	İç Giyim	Kadın İçlik & Termal İç Giyim	Kadın İçlik & Termal İç Giyim	20.34%	%1	%0.67	24
n11-256	Kadın Giyim & Aksesuar	İç Giyim	Fantezi Giyim	Fantezi Aksesuar	20.34%	%1	%0.67	24
n11-257	Kadın Giyim & Aksesuar	İç Giyim	Fantezi Giyim	Fantezi Elbise & Kostüm	20.34%	%1	%0.67	24
n11-258	Kadın Giyim & Aksesuar	İç Giyim	Fantezi Giyim	Fantezi İç Çamaşırı Takımları	20.34%	%1	%0.67	24
n11-259	Kadın Giyim & Aksesuar	İç Giyim	Fantezi Giyim	Fantezi Çorap & Vücut Çorabı	20.34%	%1	%0.67	24
n11-260	Kadın Giyim & Aksesuar	İç Giyim	Fantezi Giyim	Fantezi Babydoll	20.34%	%1	%0.67	24
n11-261	Kadın Giyim & Aksesuar	İç Giyim	Fantezi Giyim	Fantezi Jartiyer	20.34%	%1	%0.67	24
n11-262	Kadın Giyim & Aksesuar	İç Giyim	Fantezi Giyim	Fantezi Külot	20.34%	%1	%0.67	24
n11-263	Kadın Giyim & Aksesuar	İç Giyim	Fantezi Giyim	Fantezi String	20.34%	%1	%0.67	24
n11-264	Kadın Giyim & Aksesuar	İç Giyim	Fantezi Giyim	Fantezi Sütyen	20.34%	%1	%0.67	24
n11-265	Kadın Giyim & Aksesuar	İç Giyim	Fantezi Giyim	Fantezi Kombinezon	20.34%	%1	%0.67	24
n11-266	Kadın Giyim & Aksesuar	İç Giyim	Fantezi Giyim	Kadın Fantezi Slip	20.34%	%1	%0.67	24
n11-267	Kadın Giyim & Aksesuar	İç Giyim	Fantezi Giyim	Fantezi Sabahlık	20.34%	%1	%0.67	24
n11-268	Kadın Giyim & Aksesuar	İç Giyim	Fantezi Giyim	Fantezi Gecelik	20.34%	%1	%0.67	24
n11-269	Kadın Giyim & Aksesuar	İç Giyim	Gecelik & Sabahlık	Gecelik	20.34%	%1	%0.67	24
n11-270	Kadın Giyim & Aksesuar	İç Giyim	Gecelik & Sabahlık	Kadın Sabahlık	20.34%	%1	%0.67	24
n11-271	Kadın Giyim & Aksesuar	İç Giyim	Gecelik & Sabahlık	Gecelik Takımı	20.34%	%1	%0.67	24
n11-272	Kadın Giyim & Aksesuar	İç Giyim	Kadın Pijama	Kadın Pijama Takımı	20.34%	%1	%0.67	24
n11-273	Kadın Giyim & Aksesuar	İç Giyim	Kadın Pijama	Kadın Pijama Altı	20.34%	%1	%0.67	24
n11-274	Kadın Giyim & Aksesuar	İç Giyim	Kadın Pijama	Kadın Pijama Üstü	20.34%	%1	%0.67	24
n11-275	Kadın Giyim & Aksesuar	İç Giyim	String	String	20.34%	%1	%0.67	24
n11-276	Kadın Giyim & Aksesuar	İç Giyim	Büstiyer	Büstiyer	20.34%	%1	%0.67	24
n11-277	Kadın Giyim & Aksesuar	İç Giyim	Jartiyer	Jartiyer	20.34%	%1	%0.67	24
n11-278	Kadın Giyim & Aksesuar	İç Giyim	Kadın İç Giyim Aksesuarları	Uyku Bandı	20.34%	%1	%0.67	24
n11-279	Kadın Giyim & Aksesuar	İç Giyim	Kadın İç Giyim Aksesuarları	Sütyen Askısı	20.34%	%1	%0.67	24
n11-280	Kadın Giyim & Aksesuar	İç Giyim	Kadın İç Giyim Aksesuarları	Göğüs Ucu Bandı	20.34%	%1	%0.67	24
n11-281	Kadın Giyim & Aksesuar	Kadın Aksesuar	Fular & Şal	Fular & Şal	20.34%	%1	%0.67	24
n11-282	Kadın Giyim & Aksesuar	Kadın Aksesuar	Kadın Şemsiye	Kadın Şemsiye	20.34%	%1	%0.67	24
n11-283	Kadın Giyim & Aksesuar	Kadın Aksesuar	Kadın Çorap	Kadın Çorap	20.34%	%1	%0.67	24
n11-284	Kadın Giyim & Aksesuar	Kadın Aksesuar	Kadın Şapka & Bere & Eldiven	Kadın Şapka	20.34%	%1	%0.67	24
n11-285	Kadın Giyim & Aksesuar	Kadın Aksesuar	Kadın Şapka & Bere & Eldiven	Kadın Bere	20.34%	%1	%0.67	24
n11-286	Kadın Giyim & Aksesuar	Kadın Aksesuar	Kadın Şapka & Bere & Eldiven	Kadın Eldiven	20.34%	%1	%0.67	24
n11-287	Kadın Giyim & Aksesuar	Kadın Aksesuar	Kadın Şapka & Bere & Eldiven	Kadın Atkı	20.34%	%1	%0.67	24
n11-288	Kadın Giyim & Aksesuar	Kadın Aksesuar	Kadın Şapka & Bere & Eldiven	Kadın Boyunluk	20.34%	%1	%0.67	24
n11-289	Kadın Giyim & Aksesuar	Kadın Aksesuar	Kadın Şapka & Bere & Eldiven	Kadın Atkı, Bere, Eldiven Takımı	20.34%	%1	%0.67	24
n11-290	Kadın Giyim & Aksesuar	Kadın Aksesuar	Kadın Kemer & Pantolon Askısı	Kadın Kemer	20%	%1	%0.67	24
n11-291	Kadın Giyim & Aksesuar	Kadın Aksesuar	Kadın Kemer & Pantolon Askısı	Kadın Pantolon Askısı	20%	%1	%0.67	24
n11-292	Kadın Giyim & Aksesuar	Kadın Alt-Üst Takım	Kadın Alt-Üst Takım	Kadın Alt-Üst Takım	20.34%	%1	%0.67	24
n11-293	Kadın Giyim & Aksesuar	Kadın Body	Kadın Body	Kadın Body	20.34%	%1	%0.67	24
n11-294	Kadın Giyim & Aksesuar	Kadın Eşofman & Sweatshirt	Kadın Eşofman Altı	Kadın Eşofman Altı	20.34%	%1	%0.67	24
n11-295	Kadın Giyim & Aksesuar	Kadın Eşofman & Sweatshirt	Kadın Eşofman Takımı	Kadın Eşofman Takımı	20.34%	%1	%0.67	24
n11-296	Kadın Giyim & Aksesuar	Kadın Eşofman & Sweatshirt	Kadın Sweatshirt	Kadın Sweatshirt	20.34%	%1	%0.67	24
n11-297	Kadın Giyim & Aksesuar	Kadın Gömlek	Kadın Gömlek	Kadın Gömlek	20.34%	%1	%0.67	24
n11-298	Kadın Giyim & Aksesuar	Kadın Hırka	Kadın Hırka	Kadın Hırka	20.34%	%1	%0.67	24
n11-299	Kadın Giyim & Aksesuar	Kadın Jean	Kadın Jean	Kadın Jean	20.34%	%1	%0.67	24
n11-300	Kadın Giyim & Aksesuar	Kadın Kazak	Kadın Kazak	Kadın Kazak	20.34%	%1	%0.67	24
n11-301	Kadın Giyim & Aksesuar	Kadın Pantolon	Kadın Pantolon	Kadın Pantolon	20.34%	%1	%0.67	24
n11-302	Kadın Giyim & Aksesuar	Kadın Plaj Giyim	Kadın Mayo	Kadın Mayo	20.34%	%1	%0.67	24
n11-303	Kadın Giyim & Aksesuar	Kadın Plaj Giyim	Mayokini & Tankini	Mayokini & Tankini	20.34%	%1	%0.67	24
n11-304	Kadın Giyim & Aksesuar	Kadın Plaj Giyim	Kadın Bikini	Bikini Takımı	20.34%	%1	%0.67	24
n11-305	Kadın Giyim & Aksesuar	Kadın Plaj Giyim	Kadın Bikini	Bikini Üstü	20.34%	%1	%0.67	24
n11-306	Kadın Giyim & Aksesuar	Kadın Plaj Giyim	Kadın Bikini	Bikini Altı	20.34%	%1	%0.67	24
n11-307	Kadın Giyim & Aksesuar	Kadın Plaj Giyim	Kadın Bikini	Yüksek Bel Bikini Takımı	20.34%	%1	%0.67	24
n11-308	Kadın Giyim & Aksesuar	Kadın Plaj Giyim	Pareo & Kimono & Kaftan	Pareo	20.34%	%1	%0.67	24
n11-309	Kadın Giyim & Aksesuar	Kadın Plaj Giyim	Pareo & Kimono & Kaftan	Kaftan	20.34%	%1	%0.67	24
n11-310	Kadın Giyim & Aksesuar	Kadın Plaj Giyim	Pareo & Kimono & Kaftan	Kimono	20.34%	%1	%0.67	24
n11-311	Kadın Giyim & Aksesuar	Kadın Plaj Giyim	Pareo & Kimono & Kaftan	Plaj Elbisesi	20.34%	%1	%0.67	24
n11-312	Kadın Giyim & Aksesuar	Kadın Plaj Giyim	Pareo & Kimono & Kaftan	Plaj Pantolonu	20.34%	%1	%0.67	24
n11-313	Kadın Giyim & Aksesuar	Kadın Plaj Giyim	Kadın Deniz Şortu	Kadın Deniz Şortu	20.34%	%1	%0.67	24
n11-314	Kadın Giyim & Aksesuar	Kadın Şort	Kadın Şort	Kadın Şort	20.34%	%1	%0.67	24
n11-315	Kadın Giyim & Aksesuar	Kadın Süveter	Kadın Süveter	Kadın Süveter	20.34%	%1	%0.67	24
n11-316	Kadın Giyim & Aksesuar	Kadın Tişört	Kadın Tişört	Kadın Tişört	20.34%	%1	%0.67	24
n11-317	Kadın Giyim & Aksesuar	Kadın Tulum	Kadın Tulum	Kadın Tulum	20.34%	%1	%0.67	24
n11-318	Kadın Giyim & Aksesuar	Nikah Elbisesi	Nikah Elbisesi	Nikah Elbisesi	20.34%	%1	%0.67	24
n11-319	Kadın Giyim & Aksesuar	Tayt	Tayt	Tayt	20.34%	%1	%0.67	24
n11-320	Kadın Giyim & Aksesuar	Tesettür Giyim	Tesettür Alt-Üst Takım	Tesettür Alt-Üst Takım	20.34%	%1	%0.67	24
n11-321	Kadın Giyim & Aksesuar	Tesettür Giyim	Tesettür Tunik	Tesettür Tunik	20.34%	%1	%0.67	24
n11-322	Kadın Giyim & Aksesuar	Tesettür Giyim	Tesettür Elbise	Tesettür Elbise	20.34%	%1	%0.67	24
n11-323	Kadın Giyim & Aksesuar	Tesettür Giyim	Kap & Ferace	Kap & Ferace	20.34%	%1	%0.67	24
n11-324	Kadın Giyim & Aksesuar	Tesettür Giyim	Tesettür Mont & Kaban	Tesettür Mont	20.34%	%1	%0.67	24
n11-325	Kadın Giyim & Aksesuar	Tesettür Giyim	Tesettür Mont & Kaban	Tesettür Kaban	20.34%	%1	%0.67	24
n11-326	Kadın Giyim & Aksesuar	Tesettür Giyim	Tesettür Mont & Kaban	Tesettür Pardesü	20.34%	%1	%0.67	24
n11-327	Kadın Giyim & Aksesuar	Tesettür Giyim	Tesettür Mont & Kaban	Tesettür Yağmurluk	20.34%	%1	%0.67	24
n11-328	Kadın Giyim & Aksesuar	Tesettür Giyim	Tesettür Mont & Kaban	Tesettür Trençkot	20.34%	%1	%0.67	24
n11-329	Kadın Giyim & Aksesuar	Tesettür Giyim	Tesettür Eşofman Takımı	Tesettür Eşofman Takımı	20.34%	%1	%0.67	24
n11-330	Kadın Giyim & Aksesuar	Tesettür Giyim	Tesettür Sweatshirt	Tesettür Sweatshirt	20.34%	%1	%0.67	24
n11-331	Kadın Giyim & Aksesuar	Tesettür Giyim	Tesettür Etek	Tesettür Etek	20.34%	%1	%0.67	24
n11-332	Kadın Giyim & Aksesuar	Tesettür Giyim	Tesettür Pantolon	Tesettür Pantolon	20.34%	%1	%0.67	24
n11-333	Kadın Giyim & Aksesuar	Tesettür Giyim	Tesettür Hırka	Tesettür Hırka	20.34%	%1	%0.67	24
n11-334	Kadın Giyim & Aksesuar	Tesettür Giyim	Tesettür Yelek	Tesettür Yelek	20.34%	%1	%0.67	24
n11-335	Kadın Giyim & Aksesuar	Tesettür Giyim	Tesettür Ceket	Tesettür Ceket	20.34%	%1	%0.67	24
n11-336	Kadın Giyim & Aksesuar	Tesettür Giyim	Tesettür Tulum	Tesettür Tulum	20.34%	%1	%0.67	24
n11-337	Kadın Giyim & Aksesuar	Tesettür Giyim	Tesettür Abiye	Tesettür Abiye	20.34%	%1	%0.67	24
n11-338	Kadın Giyim & Aksesuar	Tesettür Giyim	Tesettür Gömlek	Tesettür Gömlek	20.34%	%1	%0.67	24
n11-339	Kadın Giyim & Aksesuar	Tesettür Giyim	Tesettür Süveter	Tesettür Süveter	20.34%	%1	%0.67	24
n11-340	Kadın Giyim & Aksesuar	Tesettür Giyim	Eşarp & Şal	Eşarp & Şal	20.34%	%1	%0.67	24
n11-341	Kadın Giyim & Aksesuar	Tesettür Giyim	Tesettür Bone	Tesettür Bone	20.34%	%1	%0.67	24
n11-342	Kadın Giyim & Aksesuar	Tesettür Giyim	Tesettür Bluz	Tesettür Bluz	20.34%	%1	%0.67	24
n11-343	Kadın Giyim & Aksesuar	Tesettür Giyim	Tesettür Eşofman Altı	Tesettür Eşofman Altı	20.34%	%1	%0.67	24
n11-344	Kadın Giyim & Aksesuar	Tesettür Giyim	Tesettür Salopet	Tesettür Salopet	20.34%	%1	%0.67	24
n11-345	Kadın Giyim & Aksesuar	Tesettür Giyim	Tesettür Kimono	Tesettür Kimono	20.34%	%1	%0.67	24
n11-346	Kadın Giyim & Aksesuar	Tesettür Giyim	Tesettür Pareo	Tesettür Pareo	20.34%	%1	%0.67	24
n11-347	Kadın Giyim & Aksesuar	Tesettür Giyim	Tesettür Kazak	Tesettür Kazak	20.34%	%1	%0.67	24
n11-348	Kadın Giyim & Aksesuar	Tesettür Giyim	Tesettür Mayo	Tesettür Mayo	20.34%	%1	%0.67	24
n11-349	Kadın Giyim & Aksesuar	Tesettür Giyim	Namaz Elbisesi	Namaz Elbisesi	20.34%	%1	%0.67	24
n11-350	Aksesuar & Tuning	Ayna	Dış Ayna	Dış Ayna	14%	%1	%0.67	20
n11-351	Aksesuar & Tuning	Ayna	İç Ayna	İç Ayna	14%	%1	%0.67	20
n11-352	Aksesuar & Tuning	Krom Aksesuar	Ayna Kapağı	Ayna Kapağı	14%	%1	%0.67	20
n11-353	Aksesuar & Tuning	Krom Aksesuar	Bagaj Çıtası	Bagaj Çıtası	14%	%1	%0.67	20
n11-354	Aksesuar & Tuning	Krom Aksesuar	Diğer Krom Aksesuar	Diğer Krom Aksesuar	14%	%1	%0.67	20
n11-355	Aksesuar & Tuning	Krom Aksesuar	Kapı Eşiği	Kapı Eşiği	14%	%1	%0.67	20
n11-356	Aksesuar & Tuning	Krom Aksesuar	Kapı Kolu	Kapı Kolu	14%	%1	%0.67	20
n11-357	Aksesuar & Tuning	Krom Aksesuar	Kapı Çıtası	Kapı Çıtası	14%	%1	%0.67	20
n11-358	Aksesuar & Tuning	Oto Bakım	Bez & Havlu	Bez & Havlu	14%	%1	%0.67	20
n11-359	Aksesuar & Tuning	Oto Bakım	Boya & Parlatıcı	Boya	14%	%1	%0.67	20
n11-360	Aksesuar & Tuning	Oto Bakım	Boya & Parlatıcı	Rötüş Boyası	14%	%1	%0.67	20
n11-361	Aksesuar & Tuning	Oto Bakım	Böcek, Zift, Reçine	Böcek, Zift, Reçine	14%	%1	%0.67	20
n11-362	Aksesuar & Tuning	Oto Bakım	Cam Temizleyici & Koruyucu	Cam Temizleyici & Koruyucu	14%	%1	%0.67	20
n11-363	Aksesuar & Tuning	Oto Bakım	Fren Bakım Spreyleri	Fren Bakım Spreyleri	14%	%1	%0.67	20
n11-364	Aksesuar & Tuning	Oto Bakım	Klima	Klima	14%	%1	%0.67	20
n11-365	Aksesuar & Tuning	Oto Bakım	Kışlık Ürünler	Buğu Giderici	14%	%1	%0.67	20
n11-366	Aksesuar & Tuning	Oto Bakım	Kışlık Ürünler	Buz Kazıyıcı	14%	%1	%0.67	20
n11-367	Aksesuar & Tuning	Oto Bakım	Kışlık Ürünler	Antifriz	14%	%1	%0.67	20
n11-368	Aksesuar & Tuning	Oto Bakım	Kışlık Ürünler	Cam Suyu	14%	%1	%0.67	20
n11-369	Aksesuar & Tuning	Oto Bakım	Kışlık Ürünler	Diğer Kışlık Ürünler	14%	%1	%0.67	20
n11-370	Aksesuar & Tuning	Oto Bakım	Kışlık Ürünler	Lastik Zinciri	14%	%1	%0.67	20
n11-371	Aksesuar & Tuning	Oto Bakım	Motor Temizleme & Koruma	Yakıt Tasarruf Ürünleri	14%	%1	%0.67	20
n11-372	Aksesuar & Tuning	Oto Bakım	Motor Temizleme & Koruma	Yakıt Katkısı	14%	%1	%0.67	20
n11-373	Aksesuar & Tuning	Oto Bakım	Motor Temizleme & Koruma	Motor Yağ Katkısı	14%	%1	%0.67	20
n11-374	Aksesuar & Tuning	Oto Bakım	Motor Temizleme & Koruma	Motor Temizleyici	14%	%1	%0.67	20
n11-375	Aksesuar & Tuning	Oto Bakım	Oto Kokuları	Oto Kokuları	14%	%1	%0.67	20
n11-376	Aksesuar & Tuning	Oto Bakım	Pasta & Cila	Oto Cila & Parlatıcı	14%	%1	%0.67	20
n11-377	Aksesuar & Tuning	Oto Bakım	Pasta & Cila	Pasta	14%	%1	%0.67	20
n11-378	Aksesuar & Tuning	Oto Bakım	Radyatör	Radyatör	14%	%1	%0.67	20
n11-379	Aksesuar & Tuning	Oto Bakım	Set Ürünler	Set Ürünler	14%	%1	%0.67	20
n11-380	Aksesuar & Tuning	Oto Bakım	Süpürge & Yıkama Makineleri	Süpürge & Yıkama Makineleri	14%	%1	%0.67	20
n11-381	Aksesuar & Tuning	Oto Bakım	Tampon Bakım	Tampon Bakım	14%	%1	%0.67	20
n11-382	Aksesuar & Tuning	Oto Bakım	İç Temizlik & Koruma & Bakım	İç Temizlik & Koruma & Bakım	14%	%1	%0.67	20
n11-383	Aksesuar & Tuning	Oto Bakım	Oto Şampuan	Oto Şampuan	14%	%1	%0.67	20
n11-384	Aksesuar & Tuning	Oto Cam & Aksesuar	Cam Filmi	Cam Filmi	14%	%1	%0.67	20
n11-385	Aksesuar & Tuning	Oto Cam & Aksesuar	Cam Yazıları	Cam Yazıları	14%	%1	%0.67	20
n11-386	Aksesuar & Tuning	Oto Cam & Aksesuar	Güneşlik	Güneşlik	14%	%1	%0.67	20
n11-387	Aksesuar & Tuning	Oto Cam & Aksesuar	Rüzgarlık	Rüzgarlık	14%	%1	%0.67	20
n11-388	Aksesuar & Tuning	Oto Dış Aksesuar	Oto Anahtarlık	Oto Anahtarlık	14%	%1	%0.67	20
n11-389	Aksesuar & Tuning	Oto Dış Aksesuar	Araç Antenleri	Araç Antenleri	14%	%1	%0.67	20
n11-390	Aksesuar & Tuning	Oto Dış Aksesuar	Arma Sticker	Arma Sticker	14%	%1	%0.67	20
n11-391	Aksesuar & Tuning	Oto Dış Aksesuar	Branda	Branda	14%	%1	%0.67	20
n11-392	Aksesuar & Tuning	Oto Dış Aksesuar	Diğer Oto Dış Aksesuar	Diğer Oto Dış Aksesuar	14%	%1	%0.67	20
n11-393	Aksesuar & Tuning	Oto Dış Aksesuar	Fosforlu Bant	Fosforlu Bant	14%	%1	%0.67	20
n11-394	Aksesuar & Tuning	Oto Dış Aksesuar	Kapı Aksesuarları	Kapı Aksesuarları	14%	%1	%0.67	20
n11-395	Aksesuar & Tuning	Oto Dış Aksesuar	Oto Basamak	Oto Basamak	14%	%1	%0.67	20
n11-396	Aksesuar & Tuning	Oto Dış Aksesuar	Plaka Aksesuarları	Plaka Aksesuarları	14%	%1	%0.67	20
n11-397	Aksesuar & Tuning	Oto Dış Aksesuar	Tampon	Tampon	14%	%1	%0.67	20
n11-398	Aksesuar & Tuning	Oto Dış Aksesuar	Çamurluk	Çamurluk	14%	%1	%0.67	20
n11-399	Aksesuar & Tuning	Oto Dış Aksesuar	Çift Taraflı Bant	Çift Taraflı Bant	14%	%1	%0.67	20
n11-400	Aksesuar & Tuning	Oto Güvenlik	Alarm	Alarm	14%	%1	%0.67	20
n11-401	Aksesuar & Tuning	Oto Güvenlik	Direksiyon Kilidi	Direksiyon Kilidi	14%	%1	%0.67	20
n11-402	Aksesuar & Tuning	Oto Güvenlik	Emniyet Kemeri	Emniyet Kemeri	14%	%1	%0.67	20
n11-403	Aksesuar & Tuning	Oto Güvenlik	Merkezi Kilit	Merkezi Kilit	14%	%1	%0.67	20
n11-404	Aksesuar & Tuning	Oto Güvenlik	Uyarı Levhaları	Uyarı Levhaları	14%	%1	%0.67	20
n11-405	Aksesuar & Tuning	Oto İç Aksesuar	Bagaj Aksesuarları	Bagaj Aksesuarları	14%	%1	%0.67	20
n11-406	Aksesuar & Tuning	Oto İç Aksesuar	CD Organizer & Çanta	CD Organizer & Çanta	14%	%1	%0.67	20
n11-407	Aksesuar & Tuning	Oto İç Aksesuar	Direksiyon Aksesuarları	Direksiyon Aksesuarları	14%	%1	%0.67	20
n11-408	Aksesuar & Tuning	Oto İç Aksesuar	Diğer Oto İç Aksesuar	Diğer Oto İç Aksesuar	14%	%1	%0.67	20
n11-409	Aksesuar & Tuning	Oto İç Aksesuar	Konsol Kaplama	Konsol Kaplama	14%	%1	%0.67	20
n11-410	Aksesuar & Tuning	Oto İç Aksesuar	Küllük	Küllük	14%	%1	%0.67	20
n11-411	Aksesuar & Tuning	Oto İç Aksesuar	Torpido Aksesuar	Torpido Aksesuar	14%	%1	%0.67	20
n11-412	Aksesuar & Tuning	Oto Koltuk & Aksesuar	Diğer Oto Koltuk & Aksesuar	Diğer Oto Koltuk & Aksesuar	14%	%1	%0.67	20
n11-413	Aksesuar & Tuning	Oto Koltuk & Aksesuar	Koltuk Başlık	Koltuk Başlık	14%	%1	%0.67	20
n11-414	Aksesuar & Tuning	Oto Koltuk & Aksesuar	Koltuk Kılıfı	Koltuk Kılıfı	14%	%1	%0.67	20
n11-415	Aksesuar & Tuning	Oto Koltuk & Aksesuar	Koltuk Minderi	Koltuk Minderi	14%	%1	%0.67	20
n11-416	Aksesuar & Tuning	Oto Koltuk & Aksesuar	Kolçak	Kolçak	14%	%1	%0.67	20
n11-417	Aksesuar & Tuning	Paspas & Bagaj Havuzu	3D Oto Paspas	3D Oto Paspas	14%	%1	%0.67	20
n11-418	Aksesuar & Tuning	Paspas & Bagaj Havuzu	Bagaj Havuzu	Bagaj Havuzu	14%	%1	%0.67	20
n11-419	Aksesuar & Tuning	Paspas & Bagaj Havuzu	Halı Paspas	Halı Paspas	14%	%1	%0.67	20
n11-420	Aksesuar & Tuning	Paspas & Bagaj Havuzu	Paspas	Paspas	14%	%1	%0.67	20
n11-421	Aksesuar & Tuning	Paspas & Bagaj Havuzu	Spor Paspas	Spor Paspas	14%	%1	%0.67	20
n11-422	Aksesuar & Tuning	Seyahat Ürünleri	220V Dönüştürücü	220V Dönüştürücü	14%	%1	%0.67	20
n11-423	Aksesuar & Tuning	Seyahat Ürünleri	Oto Buzdolabı	Oto Buzdolabı	14%	%1	%0.67	20
n11-424	Aksesuar & Tuning	Seyahat Ürünleri	Diğer Seyahat Ürünleri	Diğer Seyahat Ürünleri	14%	%1	%0.67	20
n11-425	Aksesuar & Tuning	Seyahat Ürünleri	Kupa & Bardak	Kupa & Bardak	14%	%1	%0.67	20
n11-426	Aksesuar & Tuning	Seyahat Ürünleri	Su Isıtıcıları	Su Isıtıcıları	14%	%1	%0.67	20
n11-427	Aksesuar & Tuning	Seyahat Ürünleri	Vantilatör	Vantilatör	14%	%1	%0.67	20
n11-428	Aksesuar & Tuning	Seyahat Ürünleri	Çakmak Soketleri	Çakmak Soketleri	14%	%1	%0.67	20
n11-429	Aksesuar & Tuning	Taşıyıcılar	Portbagaj	Portbagaj	14%	%1	%0.67	20
n11-430	Aksesuar & Tuning	Taşıyıcılar	Bisiklet Taşıyıcı	Bisiklet Taşıyıcı	14%	%1	%0.67	20
n11-431	Aksesuar & Tuning	Taşıyıcılar	Çeki Demiri	Çeki Demiri	14%	%1	%0.67	20
n11-432	Aksesuar & Tuning	Taşıyıcılar	Taşıyıcı Barlar	Taşıyıcı Barlar	14%	%1	%0.67	20
n11-433	Aksesuar & Tuning	Telefon & Tablet Aksesuarları	Araç Şarj Cihazı	Araç Şarj Cihazı	14%	%1	%0.67	20
n11-434	Aksesuar & Tuning	Telefon & Tablet Aksesuarları	Tablet Tutucu	Tablet Tutucu	14%	%1	%0.67	20
n11-435	Aksesuar & Tuning	Telefon & Tablet Aksesuarları	Telefon Tutucu	Telefon Tutucu	14%	%1	%0.67	20
n11-436	Aksesuar & Tuning	Trafik & Emniyet Ürünleri	Benzin Bidonu	Benzin Bidonu	14%	%1	%0.67	20
n11-437	Aksesuar & Tuning	Trafik & Emniyet Ürünleri	Boyunluk	Boyunluk	14%	%1	%0.67	20
n11-438	Aksesuar & Tuning	Trafik & Emniyet Ürünleri	Huni & Ölçü Kabı	Huni & Ölçü Kabı	14%	%1	%0.67	20
n11-439	Aksesuar & Tuning	Trafik & Emniyet Ürünleri	Seyyar Lamba	Seyyar Lamba	14%	%1	%0.67	20
n11-440	Aksesuar & Tuning	Trafik & Emniyet Ürünleri	Takoz	Takoz	14%	%1	%0.67	20
n11-441	Aksesuar & Tuning	Trafik & Emniyet Ürünleri	Yangın Söndürücü	Yangın Söndürücü	14%	%1	%0.67	20
n11-442	Aksesuar & Tuning	Trafik & Emniyet Ürünleri	Çekme Halatı	Çekme Halatı	14%	%1	%0.67	20
n11-443	Aksesuar & Tuning	Trafik & Emniyet Ürünleri	Üçgen Reflektör	Üçgen Reflektör	14%	%1	%0.67	20
n11-444	Aksesuar & Tuning	Trafik & Emniyet Ürünleri	İkaz Kukaları	İkaz Kukaları	14%	%1	%0.67	20
n11-445	Aksesuar & Tuning	Trafik & Emniyet Ürünleri	İkaz Lambası	İkaz Lambası	14%	%1	%0.67	20
n11-446	Aksesuar & Tuning	Trafik & Emniyet Ürünleri	İlk Yardım ve Trafik Seti	İlk Yardım ve Trafik Seti	14%	%1	%0.67	20
n11-447	Aksesuar & Tuning	Trafik & Emniyet Ürünleri	İmdat Çekici	İmdat Çekici	14%	%1	%0.67	20
n11-448	Aksesuar & Tuning	Tuning	Ayak Dayama	Ayak Dayama	14%	%1	%0.67	20
n11-449	Aksesuar & Tuning	Tuning	Body Kit & Aerodinamik	Spoiler & Kanat	14%	%1	%0.67	20
n11-450	Aksesuar & Tuning	Tuning	Body Kit & Aerodinamik	Spor Izgara	14%	%1	%0.67	20
n11-451	Aksesuar & Tuning	Tuning	Body Kit & Aerodinamik	Body Kit	14%	%1	%0.67	20
n11-452	Aksesuar & Tuning	Tuning	Diğer Tuning	Diğer Tuning	14%	%1	%0.67	20
n11-453	Aksesuar & Tuning	Tuning	Folyo Kaplama	Far Folyo	14%	%1	%0.67	20
n11-454	Aksesuar & Tuning	Tuning	Folyo Kaplama	Karbon Folyo	14%	%1	%0.67	20
n11-455	Aksesuar & Tuning	Tuning	Gösterge	Gösterge	14%	%1	%0.67	20
n11-456	Aksesuar & Tuning	Tuning	Pedal Seti	Pedal Seti	14%	%1	%0.67	20
n11-457	Aksesuar & Tuning	Tuning	Performans	Performans	14%	%1	%0.67	20
n11-458	Aksesuar & Tuning	Tuning	Spor Koltuk	Spor Koltuk	14%	%1	%0.67	20
n11-459	Aksesuar & Tuning	Tuning	Spor Yay	Spor Yay	14%	%1	%0.67	20
n11-460	Aksesuar & Tuning	Tuning	Vites Topuzu	Vites Topuzu	14%	%1	%0.67	20
n11-461	Lastik & Jant	Atv & UTV Lastik	Atv & UTV Lastik	Atv & UTV Lastik	9%	%1	%0.67	20
n11-462	Lastik & Jant	Forklift Lastik	Forklift Lastik	Forklift Lastik	9%	%1	%0.67	20
n11-463	Lastik & Jant	İç Lastik	İç Lastik	İç Lastik	9%	%1	%0.67	20
n11-464	Lastik & Jant	Jant	Jant	Jant	12%	%1	%0.67	20
n11-465	Lastik & Jant	Kamyon & Kamyonet Lastik	Kamyon & Kamyonet Lastik	Kamyon & Kamyonet Lastik	9%	%1	%0.67	20
n11-466	Lastik & Jant	Lastik & Jant Bakım Ürünleri	Basınç Ölçme Saati	Basınç Ölçme Saati	14%	%1	%0.67	20
n11-467	Lastik & Jant	Lastik & Jant Bakım Ürünleri	Diğer Lastik & Jant Bakım Ürünleri	Diğer Lastik & Jant Bakım Ürünleri	14%	%1	%0.67	20
n11-468	Lastik & Jant	Lastik & Jant Bakım Ürünleri	Kompresör & Hava Pompası	Kompresör & Hava Pompası	14%	%1	%0.67	20
n11-469	Lastik & Jant	Lastik & Jant Bakım Ürünleri	Parlatıcı & Temizleyici Sprey	Parlatıcı & Temizleyici Sprey	14%	%1	%0.67	20
n11-470	Lastik & Jant	Lastik & Jant Bakım Ürünleri	Tamir Spreyi	Tamir Spreyi	14%	%1	%0.67	20
n11-471	Lastik & Jant	Lastik & Jant Ekipmanları	Bijon Anahtarları	Bijon Anahtarları	14%	%1	%0.67	20
n11-472	Lastik & Jant	Lastik & Jant Ekipmanları	Disk Fırfırı	Disk Fırfırı	14%	%1	%0.67	20
n11-473	Lastik & Jant	Lastik & Jant Ekipmanları	Diğer Lastik & Jant Ekipmanları	Diğer Lastik & Jant Ekipmanları	14%	%1	%0.67	20
n11-474	Lastik & Jant	Lastik & Jant Ekipmanları	Jant Kapağı	Jant Kapağı	14%	%1	%0.67	20
n11-475	Lastik & Jant	Lastik & Jant Ekipmanları	Kriko	Kriko	14%	%1	%0.67	20
n11-476	Lastik & Jant	Lastik & Jant Ekipmanları	Sibop Kapağı	Sibop Kapağı	14%	%1	%0.67	20
n11-477	Lastik & Jant	Lastik & Jant Ekipmanları	Stepne Aksesuarları	Stepne Aksesuarları	14%	%1	%0.67	20
n11-478	Lastik & Jant	Lastik & Jant Ekipmanları	Yazı Kalemi	Yazı Kalemi	14%	%1	%0.67	20
n11-479	Lastik & Jant	Lastik & Jant Ekipmanları	Basınç Sensörü	Basınç Sensörü	14%	%1	%0.67	20
n11-480	Lastik & Jant	Motosiklet Lastik	Motosiklet Lastik	Motosiklet Lastik	9%	%1	%0.67	20
n11-481	Lastik & Jant	Oto Lastik	Oto Lastik	Oto Lastik	9%	%1	%0.67	20
n11-482	Lastik & Jant	Oto Lastik Montaj	Oto Lastik Montaj	Oto Lastik Montaj	10%	%1	%0.67	20
n11-483	Lastik & Jant	Stepne	Stepne	Stepne	14%	%1	%0.67	20
n11-484	Lastik & Jant	Traktör Lastik	Traktör Lastik	Traktör Lastik	9%	%1	%0.67	20
n11-485	Motosiklet	Kask	Kask	Kask	10.5%	%1	%0.67	20
n11-486	Motosiklet	Kıyafet & Ekipman	Aksesuar	Aksesuar	10.5%	%1	%0.67	20
n11-487	Motosiklet	Kıyafet & Ekipman	Bot & Ayakkabı	Bot & Ayakkabı	10.5%	%1	%0.67	20
n11-488	Motosiklet	Kıyafet & Ekipman	Eldiven	Eldiven	10.5%	%1	%0.67	20
n11-489	Motosiklet	Kıyafet & Ekipman	Gözlük	Gözlük	10.5%	%1	%0.67	20
n11-490	Motosiklet	Kıyafet & Ekipman	Intercom & Bluetooth	Intercom & Bluetooth	10.5%	%1	%0.67	20
n11-491	Motosiklet	Kıyafet & Ekipman	Koruma Ekipmanları	Dizlik	10.5%	%1	%0.67	20
n11-492	Motosiklet	Kıyafet & Ekipman	Koruma Ekipmanları	Bellik	10.5%	%1	%0.67	20
n11-493	Motosiklet	Kıyafet & Ekipman	Koruma Ekipmanları	Diğer Koruma Ekipmanları	10.5%	%1	%0.67	20
n11-494	Motosiklet	Kıyafet & Ekipman	Koruma Ekipmanları	Sırtlık	10.5%	%1	%0.67	20
n11-495	Motosiklet	Kıyafet & Ekipman	Maske & Balaklava	Maske & Balaklava	10.5%	%1	%0.67	20
n11-496	Motosiklet	Kıyafet & Ekipman	Mont	Mont	10.5%	%1	%0.67	20
n11-497	Motosiklet	Kıyafet & Ekipman	Pantolon	Pantolon	10.5%	%1	%0.67	20
n11-498	Motosiklet	Kıyafet & Ekipman	T-shirt & Şapka	T-shirt & Şapka	10.5%	%1	%0.67	20
n11-499	Motosiklet	Kıyafet & Ekipman	Termal Giyim	Termal Giyim	10.5%	%1	%0.67	20
n11-500	Motosiklet	Kıyafet & Ekipman	Tulum	Tulum	10.5%	%1	%0.67	20
n11-501	Motosiklet	Kıyafet & Ekipman	Yağmurluk	Yağmurluk	10.5%	%1	%0.67	20
n11-502	Motosiklet	Kıyafet & Ekipman	Kask Aksesuarları	Kask Aksesuarları	10.5%	%1	%0.67	20
n11-503	Motosiklet	Motosiklet Modelleri	ATV	ATV	6%	%1	%0.67	5
n11-504	Motosiklet	Motosiklet Modelleri	Commuter	Commuter	6%	%1	%0.67	5
n11-505	Motosiklet	Motosiklet Modelleri	Cup	Cup	6%	%1	%0.67	5
n11-506	Motosiklet	Motosiklet Modelleri	Elektrikli Motosiklet	Elektrikli Motosiklet	6%	%1	%0.67	5
n11-507	Motosiklet	Motosiklet Modelleri	Enduro	Enduro	6%	%1	%0.67	5
n11-508	Motosiklet	Motosiklet Modelleri	Moped	Moped	6%	%1	%0.67	5
n11-509	Motosiklet	Motosiklet Modelleri	Scooter Motosiklet	Scooter Motosiklet	6%	%1	%0.67	5
n11-510	Motosiklet	Motosiklet Modelleri	Touring	Touring	6%	%1	%0.67	5
n11-511	Motosiklet	Motosiklet Modelleri	Chopper/Cruiser	Chopper/Cruiser	6%	%1	%0.67	5
n11-512	Motosiklet	Yedek Parça & Aksesuar	Akü	Akü	14%	%1	%0.67	20
n11-513	Motosiklet	Yedek Parça & Aksesuar	Aydınlatma Ürünleri	Aydınlatma Ürünleri	14%	%1	%0.67	20
n11-514	Motosiklet	Yedek Parça & Aksesuar	Bakım & Koruma	Bakım & Koruma	14%	%1	%0.67	20
n11-515	Motosiklet	Yedek Parça & Aksesuar	Branda & Sele Örtüsü	Branda & Sele Örtüsü	14%	%1	%0.67	20
n11-516	Motosiklet	Yedek Parça & Aksesuar	Buji	Buji	14%	%1	%0.67	20
n11-517	Motosiklet	Yedek Parça & Aksesuar	Debriyaj	Debriyaj	14%	%1	%0.67	20
n11-518	Motosiklet	Yedek Parça & Aksesuar	Egzoz	Egzoz	14%	%1	%0.67	20
n11-519	Motosiklet	Yedek Parça & Aksesuar	Filtre	Filtre	14%	%1	%0.67	20
n11-520	Motosiklet	Yedek Parça & Aksesuar	Fren ve Ekipmanları	Fren ve Ekipmanları	14%	%1	%0.67	20
n11-521	Motosiklet	Yedek Parça & Aksesuar	Kilit & Alarm	Kilit & Alarm	14%	%1	%0.67	20
n11-522	Motosiklet	Yedek Parça & Aksesuar	Koruma Demiri	Koruma Demiri	14%	%1	%0.67	20
n11-523	Motosiklet	Yedek Parça & Aksesuar	Modifiye Ürünler	Modifiye Ürünler	14%	%1	%0.67	20
n11-524	Motosiklet	Yedek Parça & Aksesuar	Süspansiyon	Süspansiyon	14%	%1	%0.67	20
n11-525	Motosiklet	Yedek Parça & Aksesuar	Yağ	Yağ	10%	%1	%0.67	20
n11-526	Motosiklet	Yedek Parça & Aksesuar	Yedek Parça	Yedek Parça	14%	%1	%0.67	20
n11-527	Motosiklet	Yedek Parça & Aksesuar	Çanta	Çanta	14%	%1	%0.67	20
n11-528	Motosiklet	Yedek Parça & Aksesuar	Şanzıman	Şanzıman	14%	%1	%0.67	20
n11-529	Ses Sistemleri & Navigasyon	Multimedya & Navigasyon	Multimedya Sistemleri	Multimedya Sistemleri	12%	%1	%0.67	20
n11-530	Ses Sistemleri & Navigasyon	Multimedya & Navigasyon	Navigasyon (GPS) Cihazları	Navigasyon (GPS) Cihazları	12%	%1	%0.67	20
n11-531	Ses Sistemleri & Navigasyon	Oto Elektroniği	Araç İçi Kamera	Araç İçi Kamera	12%	%1	%0.67	20
n11-532	Ses Sistemleri & Navigasyon	Oto Elektroniği	Arka Görüş Kamerası	Arka Görüş Kamerası	12%	%1	%0.67	20
n11-533	Ses Sistemleri & Navigasyon	Oto Elektroniği	Bluetooth Araç Kiti	Bluetooth Araç Kiti	12%	%1	%0.67	20
n11-534	Ses Sistemleri & Navigasyon	Oto Elektroniği	Komponent	Komponent	12%	%1	%0.67	20
n11-535	Ses Sistemleri & Navigasyon	Oto Elektroniği	Montaj Kitleri	Montaj Kitleri	12%	%1	%0.67	20
n11-536	Ses Sistemleri & Navigasyon	Oto Elektroniği	TV & Monitör	TV & Monitör	12%	%1	%0.67	20
n11-537	Ses Sistemleri & Navigasyon	Oto Elektroniği	USB & SD Çevirici Modül	USB & SD Çevirici Modül	12%	%1	%0.67	20
n11-538	Ses Sistemleri & Navigasyon	Oto Ses Sistemleri	Amplifikatör	Amplifikatör	12%	%1	%0.67	20
n11-539	Ses Sistemleri & Navigasyon	Oto Ses Sistemleri	Teyp, CD, DVD, MP3 Çalar	Teyp, CD, DVD, MP3 Çalar	12%	%1	%0.67	20
n11-540	Ses Sistemleri & Navigasyon	Oto Ses Sistemleri	FM Transmitter	FM Transmitter	12%	%1	%0.67	20
n11-541	Ses Sistemleri & Navigasyon	Oto Ses Sistemleri	Hoparlör	Hoparlör	12%	%1	%0.67	20
n11-542	Ses Sistemleri & Navigasyon	Oto Ses Sistemleri	Subwoofer	Subwoofer	12%	%1	%0.67	20
n11-543	Ses Sistemleri & Navigasyon	Oto Ses Sistemleri	Teyp Çerçeveleri	Teyp Çerçeveleri	12%	%1	%0.67	20
n11-544	Traktör	Traktör Aksesuarları	Traktör Kabin Dışı Aksesuarları	Traktör Kabin Dışı Aksesuarları	14%	%1	%0.67	20
n11-545	Traktör	Traktör Aksesuarları	Traktör Kabin İçi Aksesuarları	Traktör Kabin İçi Aksesuarları	14%	%1	%0.67	20
n11-546	Traktör	Traktör Aksesuarları	Traktör Römorkları	Traktör Römorkları	14%	%1	%0.67	20
n11-547	Traktör	Traktör Aksesuarları	Traktör Brandaları	Traktör Brandaları	14%	%1	%0.67	20
n11-548	Traktör	Traktör Aksesuarları	Traktör Ekipmanları	Traktör Ekipmanları	14%	%1	%0.67	20
n11-549	Traktör	Traktör Aksesuarları	Traktör Zincirleri	Traktör Zincirleri	14%	%1	%0.67	20
n11-550	Traktör	Traktör Yedek Parçaları	Direksiyon Sistemi	Direksiyon Sistemi	14%	%1	%0.67	20
n11-551	Traktör	Traktör Yedek Parçaları	Traktör Egzozları	Traktör Egzozları	14%	%1	%0.67	20
n11-552	Traktör	Traktör Yedek Parçaları	Elektrik ve Aydınlatma	Elektrik ve Aydınlatma	14%	%1	%0.67	20
n11-553	Traktör	Traktör Yedek Parçaları	Traktör Filtreleri	Traktör Filtreleri	14%	%1	%0.67	20
n11-554	Traktör	Traktör Yedek Parçaları	Traktör Fren Sistemleri	Traktör Fren Sistemleri	14%	%1	%0.67	20
n11-555	Traktör	Traktör Yedek Parçaları	Hidrolik Sistemler	Hidrolik Sistemler	14%	%1	%0.67	20
n11-556	Traktör	Traktör Yedek Parçaları	Isıtma ve Soğutma Sistemleri	Isıtma ve Soğutma Sistemleri	14%	%1	%0.67	20
n11-557	Traktör	Traktör Yedek Parçaları	Aktarma Sistemleri	Aktarma Sistemleri	14%	%1	%0.67	20
n11-558	Traktör	Traktör Yedek Parçaları	Motor Sistemleri	Motor Sistemleri	14%	%1	%0.67	20
n11-559	Traktör	Traktör Yedek Parçaları	Traktör Gövdeleri	Traktör Gövdeleri	14%	%1	%0.67	20
n11-560	Traktör	Traktör Yedek Parçaları	Yakıt Sistemleri	Yakıt Sistemleri	14%	%1	%0.67	20
n11-561	Yedek Parça	Egzoz	Egzoz Sistemi	Egzoz Sistemi	14%	%1	%0.67	20
n11-562	Yedek Parça	Egzoz	Egzoz Ucu	Egzoz Ucu	14%	%1	%0.67	20
n11-563	Yedek Parça	Egzoz	Katalitik Konvertör	Katalitik Konvertör	14%	%1	%0.67	20
n11-564	Yedek Parça	Elektrikli Araç Şarj Ekipmanları	Elektrikli Araç Şarj İstasyonu	Elektrikli Araç Şarj İstasyonu	10%	%1	%0.67	20
n11-565	Yedek Parça	Elektrikli Araç Şarj Ekipmanları	Elektrikli Araç Şarj İstasyonu Aksesuarları	Elektrikli Araç Şarj İstasyonu Aksesuarları	14%	%1	%0.67	20
n11-566	Yedek Parça	Far & Aydınlatma	Ampul	Ampul	14%	%1	%0.67	20
n11-567	Yedek Parça	Far & Aydınlatma	Arka Stop Lambası	Arka Stop Lambası	14%	%1	%0.67	20
n11-568	Yedek Parça	Far & Aydınlatma	Projektör & Spot Lambası	Projektör & Spot Lambası	14%	%1	%0.67	20
n11-569	Yedek Parça	Far & Aydınlatma	Tepe Lambası	Tepe Lambası	14%	%1	%0.67	20
n11-570	Yedek Parça	Far & Aydınlatma	Ön Far	Halojen Far	14%	%1	%0.67	20
n11-571	Yedek Parça	Far & Aydınlatma	Ön Far	LED Far	14%	%1	%0.67	20
n11-572	Yedek Parça	Far & Aydınlatma	Ön Far	Sis Farı	14%	%1	%0.67	20
n11-573	Yedek Parça	Far & Aydınlatma	Ön Far	Xenon Far	14%	%1	%0.67	20
n11-574	Yedek Parça	Far & Aydınlatma	Ön Far	Angel Far	14%	%1	%0.67	20
n11-575	Yedek Parça	OEM Yedek Parçalar	Direksiyon & Süspansiyon	Direksiyon & Süspansiyon	14%	%1	%0.67	20
n11-576	Yedek Parça	OEM Yedek Parçalar	Isıtma Soğutma Sistemleri	Isıtma Soğutma Sistemleri	14%	%1	%0.67	20
n11-577	Yedek Parça	OEM Yedek Parçalar	Motor ve Şanzıman	Motor ve Şanzıman	14%	%1	%0.67	20
n11-578	Yedek Parça	OEM Yedek Parçalar	OEM Yedek Parça	OEM Yedek Parça	14%	%1	%0.67	20
n11-579	Yedek Parça	Onarım ve Servis	Araç Takip Sistemleri	Araç Takip Sistemleri	14%	%1	%0.67	20
n11-580	Yedek Parça	Onarım ve Servis	Servis	Servis	14%	%1	%0.67	20
n11-581	Yedek Parça	Onarım ve Servis	Tespit ve Test Cihazları	Tespit ve Test Cihazları	14%	%1	%0.67	20
n11-582	Yedek Parça	Onarım ve Servis	Hizmet & Montaj	Hizmet & Montaj	14%	%1	%0.67	20
n11-583	Yedek Parça	Onarım ve Servis	Periyodik Bakım	Periyodik Bakım	10%	%1	%0.67	20
n11-584	Yedek Parça	Oto Elektrik	Akü	Akü	14%	%1	%0.67	20
n11-585	Yedek Parça	Oto Elektrik	Buji	Buji	14%	%1	%0.67	20
n11-586	Yedek Parça	Oto Elektrik	Dinamo	Dinamo	14%	%1	%0.67	20
n11-587	Yedek Parça	Oto Elektrik	Diğer Oto Elektrik	Diğer Oto Elektrik	14%	%1	%0.67	20
n11-588	Yedek Parça	Oto Elektrik	Korna & Siren	Kompresörlü Korna	14%	%1	%0.67	20
n11-589	Yedek Parça	Oto Elektrik	Korna & Siren	Normal Sesli Korna	14%	%1	%0.67	20
n11-590	Yedek Parça	Oto Elektrik	Korna & Siren	Siren	14%	%1	%0.67	20
n11-591	Yedek Parça	Oto Elektrik	Korna & Siren	Havalı Korna	14%	%1	%0.67	20
n11-592	Yedek Parça	Oto Elektrik	Oto Cam	Cam Modülleri	14%	%1	%0.67	20
n11-593	Yedek Parça	Oto Elektrik	Oto Cam	Cam Açma Kolu	14%	%1	%0.67	20
n11-594	Yedek Parça	Oto Elektrik	Röle	Röle	14%	%1	%0.67	20
n11-595	Yedek Parça	Oto Elektrik	Sensörler	Diğer Sensörler	14%	%1	%0.67	20
n11-596	Yedek Parça	Oto Elektrik	Sensörler	Oksijen Sensörü	14%	%1	%0.67	20
n11-597	Yedek Parça	Oto Elektrik	Sensörler	Park Sensörü	14%	%1	%0.67	20
n11-598	Yedek Parça	Oto Elektrik	Sigorta	Sigorta	14%	%1	%0.67	20
n11-599	Yedek Parça	Oto Elektrik	Silecek Motoru	Silecek Motoru	14%	%1	%0.67	20
n11-600	Yedek Parça	Oto Elektrik	Akü Takviye Kablosu ve Sarj Cihazı	Akü Takviye Kablosu	14%	%1	%0.67	20
n11-601	Yedek Parça	Oto Elektrik	Akü Takviye Kablosu ve Sarj Cihazı	Akü Sarj Cihazı	10%	%1	%0.67	20
n11-602	Yedek Parça	Servis Parçaları	Filtre	Yağ Filtresi	11%	%1	%0.67	20
n11-603	Yedek Parça	Servis Parçaları	Filtre	Diğer Filtre	14%	%1	%0.67	20
n11-604	Yedek Parça	Servis Parçaları	Filtre	Filtre Setleri	14%	%1	%0.67	20
n11-605	Yedek Parça	Servis Parçaları	Filtre	Hava Filtresi	14%	%1	%0.67	20
n11-606	Yedek Parça	Servis Parçaları	Filtre	Polen Filtresi	14%	%1	%0.67	20
n11-607	Yedek Parça	Servis Parçaları	Filtre	Yakıt Filtresi	14%	%1	%0.67	20
n11-608	Yedek Parça	Servis Parçaları	Filtre	Deniz Motor Yağ Filtresi	11%	%1	%0.67	20
n11-609	Yedek Parça	Servis Parçaları	Fren ve Ekipmanları	Fren Balatası	14%	%1	%0.67	20
n11-610	Yedek Parça	Servis Parçaları	Fren ve Ekipmanları	Fren Diski	14%	%1	%0.67	20
n11-611	Yedek Parça	Servis Parçaları	Fren ve Ekipmanları	Fren Ekipmanları	14%	%1	%0.67	20
n11-612	Yedek Parça	Servis Parçaları	Fren ve Ekipmanları	Fren Hidrolik Yağı	11%	%1	%0.67	20
n11-613	Yedek Parça	Servis Parçaları	Silecek	Muz Silecek	14%	%1	%0.67	20
n11-614	Yedek Parça	Servis Parçaları	Silecek	Telli Silecek	14%	%1	%0.67	20
n11-615	Yedek Parça	Servis Parçaları	Tahrik Kayışları & Kitler	Tahrik Kayışları & Kitler	14%	%1	%0.67	20
n11-616	Yedek Parça	Servis Parçaları	Yağ	Şanzıman Yağı	11%	%1	%0.67	20
n11-617	Yedek Parça	Servis Parçaları	Yağ	Diğer Yağ	11%	%1	%0.67	20
n11-618	Yedek Parça	Servis Parçaları	Yağ	Motor Yağı	10%	%1	%0.67	20
n11-619	Yedek Parça	Servis Parçaları	Yağ	Hidrolik Sistem Yağı	11%	%1	%0.67	20
n11-620	Yedek Parça	Servis Parçaları	Yağ	Gres Yağı	11%	%1	%0.67	20
n11-621	Yedek Parça	Servis Parçaları	Yağ	Deniz Motor Yağı	10%	%1	%0.67	20
n11-622	Çocuk Oyuncakları & Parti	Aksesuar ve Yedek Parça	Akülü Araba Yedek Parçaları	Akülü Araba Yedek Parçaları	18%	%1	%0.67	24
n11-623	Çocuk Oyuncakları & Parti	Aksesuar ve Yedek Parça	Scooter & Hoverboard Yedek Parçaları	Scooter & Hoverboard Yedek Parçaları	18%	%1	%0.67	24
n11-624	Çocuk Oyuncakları & Parti	Aksesuar ve Yedek Parça	Çocuk Bisikleti Yedek Parçaları	Çocuk Bisikleti Yedek Parçaları	18%	%1	%0.67	24
n11-625	Çocuk Oyuncakları & Parti	Akülü Araba	Akülü Araba	Akülü Araba	18%	%1	%0.67	24
n11-626	Çocuk Oyuncakları & Parti	Araçlar	Oyuncak Kamyon & Tır	Oyuncak Kamyon & Tır	18%	%1	%0.67	24
n11-627	Çocuk Oyuncakları & Parti	Araçlar	Kumandasız Oyuncak Araba	Kumandasız Oyuncak Araba	18%	%1	%0.67	24
n11-628	Çocuk Oyuncakları & Parti	Araçlar	Oyuncak Tren	Oyuncak Tren	18%	%1	%0.67	24
n11-629	Çocuk Oyuncakları & Parti	Araçlar	Uzaktan Kumandalı Araba	Uzaktan Kumandalı Araba	18%	%1	%0.67	24
n11-630	Çocuk Oyuncakları & Parti	Araçlar	Oyuncak Uçak & Helikopter	Oyuncak Uçak & Helikopter	18%	%1	%0.67	24
n11-631	Çocuk Oyuncakları & Parti	Bahçe & Plaj Oyuncağı	Kaydırak	Kaydırak	18%	%1	%0.67	24
n11-632	Çocuk Oyuncakları & Parti	Bahçe & Plaj Oyuncağı	Oyun Çadırı	Oyun Çadırı	18%	%1	%0.67	24
n11-633	Çocuk Oyuncakları & Parti	Bahçe & Plaj Oyuncağı	Plaj & Havuz Oyuncakları	Plaj & Havuz Oyuncakları	18%	%1	%0.67	24
n11-634	Çocuk Oyuncakları & Parti	Bahçe & Plaj Oyuncağı	Salıncak	Salıncak	18%	%1	%0.67	24
n11-635	Çocuk Oyuncakları & Parti	Bahçe & Plaj Oyuncağı	Tahterevalli	Tahterevalli	18%	%1	%0.67	24
n11-636	Çocuk Oyuncakları & Parti	Bahçe & Plaj Oyuncağı	Top, Frizbi, Yoyo	Top, Frizbi, Yoyo	18%	%1	%0.67	24
n11-637	Çocuk Oyuncakları & Parti	Bahçe & Plaj Oyuncağı	Uçurtma	Uçurtma	18%	%1	%0.67	24
n11-638	Çocuk Oyuncakları & Parti	Bahçe & Plaj Oyuncağı	Bahçe Oyun Seti	Bahçe Oyun Seti	18%	%1	%0.67	24
n11-639	Çocuk Oyuncakları & Parti	Bahçe & Plaj Oyuncağı	Top Havuzu & Oyun Çiti	Top Havuzu & Oyun Çiti	18%	%1	%0.67	24
n11-640	Çocuk Oyuncakları & Parti	Çocuk Bisikleti & Scooter & Hoverboard	3 Tekerlekli Bisiklet	3 Tekerlekli Bisiklet	18%	%1	%0.67	24
n11-641	Çocuk Oyuncakları & Parti	Çocuk Bisikleti & Scooter & Hoverboard	Çocuk Scooter	Çocuk Scooter	18%	%1	%0.67	24
n11-642	Çocuk Oyuncakları & Parti	Çocuk Bisikleti & Scooter & Hoverboard	Pedallı Araba	Pedallı Araba	18%	%1	%0.67	24
n11-643	Çocuk Oyuncakları & Parti	Çocuk Bisikleti & Scooter & Hoverboard	Hoverboard	Hoverboard	18%	%1	%0.67	24
n11-644	Çocuk Oyuncakları & Parti	Çocuk Bisikleti & Scooter & Hoverboard	Pedalsız Araba	Pedalsız Araba	18%	%1	%0.67	24
n11-645	Çocuk Oyuncakları & Parti	Eğitici Oyuncaklar	Dil & Beceri Oyuncakları	Dil & Beceri Oyuncakları	18%	%1	%0.67	24
n11-646	Çocuk Oyuncakları & Parti	Eğitici Oyuncaklar	Bilim Setleri	Bilim Setleri	18%	%1	%0.67	24
n11-647	Çocuk Oyuncakları & Parti	Eğitici Oyuncaklar	Eğitici Bloklar	Eğitici Bloklar	18%	%1	%0.67	24
n11-648	Çocuk Oyuncakları & Parti	LEGO & Puzzle	LEGO	LEGO	18%	%1	%0.67	24
n11-649	Çocuk Oyuncakları & Parti	LEGO & Puzzle	Puzzle	Puzzle	18%	%1	%0.67	24
n11-650	Çocuk Oyuncakları & Parti	Oyuncak	Ahşap Oyuncaklar	Ahşap Oyuncaklar	18%	%1	%0.67	24
n11-651	Çocuk Oyuncakları & Parti	Oyuncak	Aktivite Merkezi	Aktivite Merkezi	18%	%1	%0.67	24
n11-652	Çocuk Oyuncakları & Parti	Oyuncak	Banyo Oyuncağı	Banyo Oyuncağı	18%	%1	%0.67	24
n11-653	Çocuk Oyuncakları & Parti	Oyuncak	Oyuncak Bebekler	Oyuncak Bebekler	18%	%1	%0.67	24
n11-654	Çocuk Oyuncakları & Parti	Oyuncak	Çocuk Oyun Setleri	Çocuk Oyun Setleri	18%	%1	%0.67	24
n11-655	Çocuk Oyuncakları & Parti	Oyuncak	Evcilik Oyunları	Evcilik Oyunları	18%	%1	%0.67	24
n11-656	Çocuk Oyuncakları & Parti	Oyuncak	Karakter Oyuncak	Karakter Oyuncak	18%	%1	%0.67	24
n11-657	Çocuk Oyuncakları & Parti	Oyuncak	Oyuncak Müzik Aletleri	Oyuncak Müzik Aletleri	18%	%1	%0.67	24
n11-658	Çocuk Oyuncakları & Parti	Oyuncak	Oyun Hamuru	Oyun Hamuru	18%	%1	%0.67	24
n11-659	Çocuk Oyuncakları & Parti	Oyuncak	Oyuncak Arabalar	Oyuncak Arabalar	18%	%1	%0.67	24
n11-660	Çocuk Oyuncakları & Parti	Oyuncak	Peluş Oyuncaklar	Peluş Oyuncaklar	18%	%1	%0.67	24
n11-661	Çocuk Oyuncakları & Parti	Oyuncak	Sallanan Oyuncak	Sallanan Oyuncak	18%	%1	%0.67	24
n11-662	Çocuk Oyuncakları & Parti	Oyuncak	Spor Oyuncakları	Spor Oyuncakları	18%	%1	%0.67	24
n11-663	Çocuk Oyuncakları & Parti	Oyuncak	Yapı Oyuncakları	Yapı Oyuncakları	18%	%1	%0.67	24
n11-664	Çocuk Oyuncakları & Parti	Oyuncak	Çocuk Aksesuarı	Çocuk Aksesuarı	18%	%1	%0.67	24
n11-665	Çocuk Oyuncakları & Parti	Oyuncak	Teşhir Oyuncak	Teşhir Oyuncak	18%	%1	%0.67	24
n11-666	Çocuk Oyuncakları & Parti	Parti Malzemeleri	Balon	Balon	18%	%1	%0.67	24
n11-667	Çocuk Oyuncakları & Parti	Parti Malzemeleri	Parti Aksesuarı	Parti Aksesuarı	18%	%1	%0.67	24
n11-668	Çocuk Oyuncakları & Parti	Parti Malzemeleri	Parti Davetiyesi	Parti Davetiyesi	18%	%1	%0.67	24
n11-669	Çocuk Oyuncakları & Parti	Parti Malzemeleri	Parti Kostümü	Parti Kostümü	18%	%1	%0.67	24
n11-670	Çocuk Oyuncakları & Parti	Parti Malzemeleri	Parti Sofrası	Parti Sofrası	18%	%1	%0.67	24
n11-671	Dijital Kodlar & Ürünler	Cüzdan Kodları & E-Pin	Cüzdan Kodları & E-Pin	Cüzdan Kodları & E-Pin	7%	%1	%0.67	20
n11-672	Dijital Kodlar & Ürünler	Dijital Üyelikler	Yayın Platformları	Yayın Platformları	7%	%1	%0.67	20
n11-673	Dijital Kodlar & Ürünler	Dijital Üyelikler	Hediye Kartları	Hediye Kartları	7%	%1	%0.67	20
n11-674	Dijital Kodlar & Ürünler	Dijital Üyelikler	Alışveriş Kartları	Alışveriş Kartları	7%	%1	%0.67	20
n11-675	Dijital Kodlar & Ürünler	Dijital Üyelikler	E-Kitap	E-Kitap	7%	%1	%0.67	20
n11-676	Dijital Kodlar & Ürünler	Dijital Yardım Kartları	Dijital Yardım Kartları	Dijital Yardım Kartları	0%	%1	%0.67	20
n11-677	Düğün, Davet, Organizasyon	Çeyiz	Sandık & Bohça	Sandık & Bohça	21%	%1	%0.67	24
n11-678	Düğün, Davet, Organizasyon	Çeyiz	Set	Set	21%	%1	%0.67	24
n11-679	Düğün, Davet, Organizasyon	Düğün	Düğün Aksesuar	Düğün Aksesuar	21%	%1	%0.67	24
n11-680	Düğün, Davet, Organizasyon	Düğün	Anı Defteri	Anı Defteri	21%	%1	%0.67	24
n11-681	Düğün, Davet, Organizasyon	Düğün	Davetiye	Davetiye	21%	%1	%0.67	24
n11-682	Düğün, Davet, Organizasyon	Düğün	Gelin Saç & Makyaj	Gelin Saç & Makyaj	21%	%1	%0.67	24
n11-683	Düğün, Davet, Organizasyon	Düğün	Nikah Şekeri	Nikah Şekeri	21%	%1	%0.67	24
n11-684	Düğün, Davet, Organizasyon	Kına Gecesi	Kına Gecesi Aksesuar	Kına Gecesi Aksesuar	21%	%1	%0.67	24
n11-685	Düğün, Davet, Organizasyon	Kına Gecesi	Kına Gecesi Giyim	Kına Gecesi Giyim	21%	%1	%0.67	24
n11-686	Düğün, Davet, Organizasyon	Kına Gecesi	Kına Gecesi Organizasyon	Kına Gecesi Organizasyon	21%	%1	%0.67	24
n11-687	Düğün, Davet, Organizasyon	Parti	Kokteyl	Kokteyl	21%	%1	%0.67	24
n11-688	Düğün, Davet, Organizasyon	Parti	Mezuniyet	Mezuniyet	21%	%1	%0.67	24
n11-689	Düğün, Davet, Organizasyon	Parti	Parti Kostümleri	Parti Kostümleri	21%	%1	%0.67	24
n11-690	Düğün, Davet, Organizasyon	Söz & Nişan	Söz & Nişan Aksesuar	Söz & Nişan Aksesuar	21%	%1	%0.67	24
n11-691	Düğün, Davet, Organizasyon	Söz & Nişan	Giyim	Giyim	21%	%1	%0.67	24
n11-692	Düğün, Davet, Organizasyon	Söz & Nişan	Söz & Nişan Organizasyon	Söz & Nişan Organizasyon	21%	%1	%0.67	24
n11-693	El İşi Ürünleri	Hobi	Hobi	Hobi	18%	%1	%0.67	20
n11-694	Film	Belgeseller	Belgeseller	Belgeseller	15%	%1	%0.67	24
n11-695	Film	Çizgi Film & Animasyon	Çizgi Film & Animasyon	Çizgi Film & Animasyon	15%	%1	%0.67	24
n11-696	Film	Eğitim & Sağlık	Eğitim & Sağlık	Eğitim & Sağlık	15%	%1	%0.67	24
n11-697	Film	Müzik & Sahne	Müzik & Sahne	Müzik & Sahne	15%	%1	%0.67	24
n11-698	Film	Spor, Yoga, Hobi	Spor, Yoga, Hobi	Spor, Yoga, Hobi	15%	%1	%0.67	24
n11-699	Film	Yabancı Filmler	Aile	Aile	15%	%1	%0.67	24
n11-700	Film	Yabancı Filmler	Animasyon	Animasyon	15%	%1	%0.67	24
n11-701	Film	Yabancı Filmler	Aşk & Romantik	Aşk & Romantik	15%	%1	%0.67	24
n11-702	Film	Yabancı Filmler	Bilim Kurgu & Fantastik	Bilim Kurgu & Fantastik	15%	%1	%0.67	24
n11-703	Film	Yabancı Filmler	Diziler	Diziler	15%	%1	%0.67	24
n11-704	Film	Yabancı Filmler	Drama & Duygusal	Drama & Duygusal	15%	%1	%0.67	24
n11-705	Film	Yabancı Filmler	Gençlik	Gençlik	15%	%1	%0.67	24
n11-706	Film	Yabancı Filmler	Klasikler	Klasikler	15%	%1	%0.67	24
n11-707	Film	Yabancı Filmler	Komedi	Komedi	15%	%1	%0.67	24
n11-708	Film	Yabancı Filmler	Korku & Gerilim	Korku & Gerilim	15%	%1	%0.67	24
n11-709	Film	Yabancı Filmler	Macera & Aksiyon	Macera & Aksiyon	15%	%1	%0.67	24
n11-710	Film	Yabancı Filmler	Polisiye	Polisiye	15%	%1	%0.67	24
n11-711	Film	Yabancı Filmler	Savaş	Savaş	15%	%1	%0.67	24
n11-712	Film	Yabancı Filmler	Özel Setler	Özel Setler	15%	%1	%0.67	24
n11-713	Film	Yabancı Filmler	Western	Western	15%	%1	%0.67	24
n11-714	Film	Yerli Filmler	Aşk & Romantik	Aşk & Romantik	15%	%1	%0.67	24
n11-715	Film	Yerli Filmler	Diziler	Diziler	15%	%1	%0.67	24
n11-716	Film	Yerli Filmler	Drama & Duygusal	Drama & Duygusal	15%	%1	%0.67	24
n11-717	Film	Yerli Filmler	Komedi	Komedi	15%	%1	%0.67	24
n11-718	Film	Yerli Filmler	Korku & Gerilim	Korku & Gerilim	15%	%1	%0.67	24
n11-719	Film	Yerli Filmler	Macera & Aksiyon	Macera & Aksiyon	15%	%1	%0.67	24
n11-720	Film	Yerli Filmler	Savaş	Savaş	15%	%1	%0.67	24
n11-721	Film	Yerli Filmler	Aile	Aile	15%	%1	%0.67	24
n11-722	Film	Yerli Filmler	Animasyon	Animasyon	15%	%1	%0.67	24
n11-723	Film	Yerli Filmler	Bilim Kurgu & Fantastik	Bilim Kurgu & Fantastik	15%	%1	%0.67	24
n11-724	Film	Yerli Filmler	Gençlik	Gençlik	15%	%1	%0.67	24
n11-725	Film	Yerli Filmler	Klasikler	Klasikler	15%	%1	%0.67	24
n11-726	Film	Yerli Filmler	Polisiye	Polisiye	15%	%1	%0.67	24
n11-727	Film	Yerli Filmler	Özel Setler	Özel Setler	15%	%1	%0.67	24
n11-728	Kitap	Aile	Anne & Baba Kitaplığı	Anne & Baba Kitaplığı	15%	%1	%0.67	20
n11-729	Kitap	Akademik Kitaplar	Bilim & Teknik	Bilim & Teknik	15%	%1	%0.67	20
n11-730	Kitap	Akademik Kitaplar	Biyoloji	Biyoloji	15%	%1	%0.67	20
n11-731	Kitap	Akademik Kitaplar	Edebiyat	Edebiyat	15%	%1	%0.67	20
n11-732	Kitap	Akademik Kitaplar	Ekonomi	Ekonomi	15%	%1	%0.67	20
n11-733	Kitap	Akademik Kitaplar	Felsefe	Felsefe	15%	%1	%0.67	20
n11-734	Kitap	Akademik Kitaplar	Fizik	Fizik	15%	%1	%0.67	20
n11-735	Kitap	Akademik Kitaplar	Hukuk	Hukuk	15%	%1	%0.67	20
n11-736	Kitap	Akademik Kitaplar	Kimya	Kimya	15%	%1	%0.67	20
n11-737	Kitap	Akademik Kitaplar	Medya & İletişim	Medya & İletişim	15%	%1	%0.67	20
n11-738	Kitap	Akademik Kitaplar	Mimarlık	Mimarlık	15%	%1	%0.67	20
n11-739	Kitap	Akademik Kitaplar	Muhasebe & Finans	Muhasebe & Finans	15%	%1	%0.67	20
n11-740	Kitap	Akademik Kitaplar	Mühendislik	Mühendislik	15%	%1	%0.67	20
n11-741	Kitap	Akademik Kitaplar	Pazarlama	Pazarlama	15%	%1	%0.67	20
n11-742	Kitap	Akademik Kitaplar	Psikoloji	Psikoloji	15%	%1	%0.67	20
n11-743	Kitap	Akademik Kitaplar	Reklam & Halkla İlişkiler	Reklam & Halkla İlişkiler	15%	%1	%0.67	20
n11-744	Kitap	Akademik Kitaplar	Sosyoloji	Sosyoloji	15%	%1	%0.67	20
n11-745	Kitap	Akademik Kitaplar	Tarih	Tarih	15%	%1	%0.67	20
n11-746	Kitap	Akademik Kitaplar	Tıp	Tıp	15%	%1	%0.67	20
n11-747	Kitap	Akademik Kitaplar	İnceleme	İnceleme	15%	%1	%0.67	20
n11-748	Kitap	Akademik Kitaplar	İstatistik	İstatistik	15%	%1	%0.67	20
n11-749	Kitap	Akademik Kitaplar	İş Yönetimi	İş Yönetimi	15%	%1	%0.67	20
n11-750	Kitap	Akademik Kitaplar	İşletme	İşletme	15%	%1	%0.67	20
n11-751	Kitap	Akademik Kitaplar	Coğrafya	Coğrafya	15%	%1	%0.67	20
n11-752	Kitap	Araştırma & İnceleme	A.B.D	A.B.D	15%	%1	%0.67	20
n11-753	Kitap	Araştırma & İnceleme	Antropoloji	Antropoloji	15%	%1	%0.67	20
n11-754	Kitap	Araştırma & İnceleme	Atatürkçülük	Atatürkçülük	15%	%1	%0.67	20
n11-755	Kitap	Araştırma & İnceleme	Avrupa Birliği	Avrupa Birliği	15%	%1	%0.67	20
n11-756	Kitap	Araştırma & İnceleme	Demokrasi	Demokrasi	15%	%1	%0.67	20
n11-757	Kitap	Araştırma & İnceleme	Dünya Ülkeleri	Dünya Ülkeleri	15%	%1	%0.67	20
n11-758	Kitap	Araştırma & İnceleme	Enerji & Petrol	Enerji & Petrol	15%	%1	%0.67	20
n11-759	Kitap	Araştırma & İnceleme	Gizli Servisler & Örgütler	Gizli Servisler & Örgütler	15%	%1	%0.67	20
n11-760	Kitap	Araştırma & İnceleme	Küreselleşme	Küreselleşme	15%	%1	%0.67	20
n11-761	Kitap	Araştırma & İnceleme	Orta Doğu	Orta Doğu	15%	%1	%0.67	20
n11-762	Kitap	Araştırma & İnceleme	Politika & Siyaset	Politika & Siyaset	15%	%1	%0.67	20
n11-763	Kitap	Araştırma & İnceleme	Sosyoloji	Sosyoloji	15%	%1	%0.67	20
n11-764	Kitap	Araştırma & İnceleme	Tarih	Tarih	15%	%1	%0.67	20
n11-765	Kitap	Araştırma & İnceleme	Türkiye Üzerine Araştırmalar	Türkiye Üzerine Araştırmalar	15%	%1	%0.67	20
n11-766	Kitap	Araştırma & İnceleme	İdeolojiler	İdeolojiler	15%	%1	%0.67	20
n11-767	Kitap	Araştırma & İnceleme	İnsan Hakları	İnsan Hakları	15%	%1	%0.67	20
n11-768	Kitap	Çocuk & Gençlik Kitapları	Boyama Kitapları	Boyama Kitapları	15%	%1	%0.67	20
n11-769	Kitap	Çocuk & Gençlik Kitapları	Gençlik	Gençlik	15%	%1	%0.67	20
n11-770	Kitap	Çocuk & Gençlik Kitapları	Okul Çağı Çocuk Kitapları	Okul Çağı Çocuk Kitapları	15%	%1	%0.67	20
n11-771	Kitap	Çocuk & Gençlik Kitapları	Okul Öncesi Çocuk Kitapları	Okul Öncesi Çocuk Kitapları	15%	%1	%0.67	20
n11-772	Kitap	Dergiler	Dergiler	Dergiler	15%	%1	%0.67	20
n11-773	Kitap	Din & Mitoloji	Diğer İnançlar	Diğer İnançlar	15%	%1	%0.67	20
n11-774	Kitap	Din & Mitoloji	Mitolojiler & Efsaneler	Mitolojiler & Efsaneler	15%	%1	%0.67	20
n11-775	Kitap	Din & Mitoloji	İslamiyet	İslamiyet	15%	%1	%0.67	20
n11-776	Kitap	Edebiyat	Antoloji	Antoloji	15%	%1	%0.67	20
n11-777	Kitap	Edebiyat	Anı, Mektup, Günlük	Anı, Mektup, Günlük	15%	%1	%0.67	20
n11-778	Kitap	Edebiyat	Biyografi, Otobiyografi, Monografi	Biyografi, Otobiyografi, Monografi	15%	%1	%0.67	20
n11-779	Kitap	Edebiyat	Deneme, Makale, Derleme	Deneme, Makale, Derleme	15%	%1	%0.67	20
n11-780	Kitap	Edebiyat	Efsaneler & Destanlar	Efsaneler & Destanlar	15%	%1	%0.67	20
n11-781	Kitap	Edebiyat	Eleştiri & Kuram	Eleştiri & Kuram	15%	%1	%0.67	20
n11-782	Kitap	Edebiyat	Halk Edebiyatı	Halk Edebiyatı	15%	%1	%0.67	20
n11-783	Kitap	Edebiyat	Roman	Roman	15%	%1	%0.67	20
n11-784	Kitap	Edebiyat	Senaryo & Oyun	Senaryo & Oyun	15%	%1	%0.67	20
n11-785	Kitap	Edebiyat	Söyleşi & Röportaj	Söyleşi & Röportaj	15%	%1	%0.67	20
n11-786	Kitap	Edebiyat	Türk & Dünya Klasikleri	Türk & Dünya Klasikleri	15%	%1	%0.67	20
n11-787	Kitap	Edebiyat	Çağdaş Türk & Dünya Edebiyatı	Çağdaş Türk & Dünya Edebiyatı	15%	%1	%0.67	20
n11-788	Kitap	Edebiyat	Çizgi Roman	Çizgi Roman	15%	%1	%0.67	20
n11-789	Kitap	Edebiyat	Öykü	Öykü	15%	%1	%0.67	20
n11-790	Kitap	Edebiyat	Şiir	Şiir	15%	%1	%0.67	20
n11-791	Kitap	Eğitim & Ders Kitapları	Açıköğretim Yayınları	Açıköğretim Yayınları	15%	%1	%0.67	20
n11-792	Kitap	Eğitim & Ders Kitapları	Bilgisayar Kitapları	Bilgisayar Kitapları	15%	%1	%0.67	20
n11-793	Kitap	Eğitim & Ders Kitapları	Kaynak Kitaplar	Kaynak Kitaplar	15%	%1	%0.67	20
n11-794	Kitap	Eğitim & Ders Kitapları	Kişisel Gelişim	Kişisel Gelişim	15%	%1	%0.67	20
n11-795	Kitap	Eğitim & Ders Kitapları	Sözlükler & İmla Kılavuzları	Sözlükler & İmla Kılavuzları	15%	%1	%0.67	20
n11-796	Kitap	Eğitim & Ders Kitapları	TYT&AYT	TYT&AYT	15%	%1	%0.67	20
n11-797	Kitap	Eğitim & Ders Kitapları	Yabancı Dil Kitapları	Yabancı Dil Kitapları	15%	%1	%0.67	20
n11-798	Kitap	Eğitim & Ders Kitapları	Sınav Kitapları	ALES	15%	%1	%0.67	20
n11-799	Kitap	Eğitim & Ders Kitapları	Sınav Kitapları	DGS	15%	%1	%0.67	20
n11-800	Kitap	Eğitim & Ders Kitapları	Sınav Kitapları	LGS	15%	%1	%0.67	20
n11-801	Kitap	Eğitim & Ders Kitapları	Sınav Kitapları	YDS & TOEFL & IELTS	15%	%1	%0.67	20
n11-802	Kitap	Eğitim & Ders Kitapları	Sınav Kitapları	Diğer Sınavlar	15%	%1	%0.67	20
n11-803	Kitap	Eğitim & Ders Kitapları	Sınav Kitapları	KPSS	15%	%1	%0.67	20
n11-804	Kitap	Eğitim & Ders Kitapları	Sınav Kitapları	AGS	15%	%1	%0.67	20
n11-805	Kitap	Hobi	Astroloji, Rüya Tabirleri, Fal	Astroloji, Rüya Tabirleri, Fal	15%	%1	%0.67	20
n11-806	Kitap	Hobi	Bahçe Bakımı & Çiçek Sanatı	Bahçe Bakımı & Çiçek Sanatı	15%	%1	%0.67	20
n11-807	Kitap	Hobi	Evcil Hayvan Bakımı & Eğitimi	Evcil Hayvan Bakımı & Eğitimi	15%	%1	%0.67	20
n11-808	Kitap	Hobi	Eğlence & Mizah	Eğlence & Mizah	15%	%1	%0.67	20
n11-809	Kitap	Hobi	Fotoğrafçılık & Fotoğraf	Fotoğrafçılık & Fotoğraf	15%	%1	%0.67	20
n11-810	Kitap	Hobi	Gezi & Turizm	Gezi & Turizm	15%	%1	%0.67	20
n11-811	Kitap	Hobi	Kültür	Kültür	15%	%1	%0.67	20
n11-812	Kitap	Hobi	Moda & Giyim	Moda & Giyim	15%	%1	%0.67	20
n11-813	Kitap	Hobi	Müzik	Müzik	15%	%1	%0.67	20
n11-814	Kitap	Hobi	Sanat	Sanat	15%	%1	%0.67	20
n11-815	Kitap	Hobi	Spor	Spor	15%	%1	%0.67	20
n11-816	Kitap	Hobi	Yemek Kitapları & İçecekler	Yemek Kitapları & İçecekler	15%	%1	%0.67	20
n11-817	Kitap	İslamiyet ve İslam Tarihi	Kur’an-ı Kerim	Kur’an-ı Kerim	15%	%1	%0.67	20
n11-818	Kitap	İslamiyet ve İslam Tarihi	Dua Kitapları	Dua Kitapları	15%	%1	%0.67	20
n11-819	Kitap	İslamiyet ve İslam Tarihi	İslam Tarihi	İslam Tarihi	15%	%1	%0.67	20
n11-820	Kitap	İslamiyet ve İslam Tarihi	Dini Roman	Dini Roman	15%	%1	%0.67	20
n11-821	Kitap	İslamiyet ve İslam Tarihi	Diğer	Diğer	15%	%1	%0.67	20
n11-822	Kitap	Kitap Aksesuarları	Kitap Aksesuarları	Kitap Aksesuarları	15%	%1	%0.67	20
n11-823	Kitap	Sağlık	Beslenme & Diyet	Beslenme & Diyet	15%	%1	%0.67	20
n11-824	Kitap	Sağlık	Cinsel Sağlık	Cinsel Sağlık	15%	%1	%0.67	20
n11-825	Kitap	Sağlık	Popüler Tıp & Şifalı Bitkiler	Popüler Tıp & Şifalı Bitkiler	15%	%1	%0.67	20
n11-826	Kitap	Sağlık	Ruh & Beden Sağlığı	Ruh & Beden Sağlığı	15%	%1	%0.67	20
n11-827	Kitap	Sağlık	Yoga & Meditasyon	Yoga & Meditasyon	15%	%1	%0.67	20
n11-828	Kitap	Sahaflar Çarşısı	Sahaflar Çarşısı	Sahaflar Çarşısı	15%	%1	%0.67	20
n11-829	Kitap	Sesli Kitap	Sesli Kitap	Sesli Kitap	15%	%1	%0.67	20
n11-830	Kitap	Tatil Kitapları	Tatil Kitapları	Tatil Kitapları	15%	%1	%0.67	20
n11-831	Kitap	Yabancı Kitaplar	Yabancı Roman	Yabancı Roman	15%	%1	%0.67	20
n11-832	Kitap	Yabancı Kitaplar	Kültür-Sanat	Kültür-Sanat	15%	%1	%0.67	20
n11-833	Kitap	Yabancı Kitaplar	Diğer	Diğer	15%	%1	%0.67	20
n11-834	Müzik	Müzik Aletleri	Amfi, Efekt, Manyetik	Amfi, Efekt, Manyetik	13%	%1	%0.67	24
n11-835	Müzik	Müzik Aletleri	Davul & Perküsyon	Davul & Perküsyon	13%	%1	%0.67	24
n11-836	Müzik	Müzik Aletleri	Gitar Aksesuarları	Kılıf & Çanta	13%	%1	%0.67	24
n11-837	Müzik	Müzik Aletleri	Gitar Aksesuarları	Akort Aleti & Metronom	13%	%1	%0.67	24
n11-838	Müzik	Müzik Aletleri	Gitar Aksesuarları	Akort Burgusu	13%	%1	%0.67	24
n11-839	Müzik	Müzik Aletleri	Gitar Aksesuarları	Tel	13%	%1	%0.67	24
n11-840	Müzik	Müzik Aletleri	Gitar Aksesuarları	Processor & Pedal	13%	%1	%0.67	24
n11-841	Müzik	Müzik Aletleri	Gitar Aksesuarları	Pena	13%	%1	%0.67	24
n11-842	Müzik	Müzik Aletleri	Gitar Aksesuarları	Kapo	13%	%1	%0.67	24
n11-843	Müzik	Müzik Aletleri	Gitar Aksesuarları	Kablolar	13%	%1	%0.67	24
n11-844	Müzik	Müzik Aletleri	Gitar Aksesuarları	Equalizer	13%	%1	%0.67	24
n11-845	Müzik	Müzik Aletleri	Gitar Aksesuarları	Diğer	13%	%1	%0.67	24
n11-846	Müzik	Müzik Aletleri	Gitar Aksesuarları	Askı & Sehpa	13%	%1	%0.67	24
n11-847	Müzik	Müzik Aletleri	Gitarlar	Klasik Gitar	13%	%1	%0.67	24
n11-848	Müzik	Müzik Aletleri	Gitarlar	Akustik Gitar	13%	%1	%0.67	24
n11-849	Müzik	Müzik Aletleri	Gitarlar	Bas Gitar	13%	%1	%0.67	24
n11-850	Müzik	Müzik Aletleri	Gitarlar	Elektro Gitar	13%	%1	%0.67	24
n11-851	Müzik	Müzik Aletleri	Gitarlar	Ukulele	13%	%1	%0.67	24
n11-852	Müzik	Müzik Aletleri	Kulaklıklar	Kulaklıklar	13%	%1	%0.67	24
n11-853	Müzik	Müzik Aletleri	Mikrofonlar	Mikrofonlar	13%	%1	%0.67	24
n11-854	Müzik	Müzik Aletleri	Mixerler	Mixerler	13%	%1	%0.67	24
n11-855	Müzik	Müzik Aletleri	Nefesli Çalgılar	Yan Flüt & Pikolo	13%	%1	%0.67	24
n11-856	Müzik	Müzik Aletleri	Nefesli Çalgılar	Tuba & Suzafon	13%	%1	%0.67	20
n11-857	Müzik	Müzik Aletleri	Nefesli Çalgılar	Trompet, Kornet, Flugelhorn	13%	%1	%0.67	24
n11-858	Müzik	Müzik Aletleri	Nefesli Çalgılar	Trombon	13%	%1	%0.67	24
n11-859	Müzik	Müzik Aletleri	Nefesli Çalgılar	Saksafon	13%	%1	%0.67	24
n11-860	Müzik	Müzik Aletleri	Nefesli Çalgılar	Klarnet	13%	%1	%0.67	24
n11-861	Müzik	Müzik Aletleri	Nefesli Çalgılar	Blok Flüt	13%	%1	%0.67	24
n11-862	Müzik	Müzik Aletleri	Nefesli Çalgılar	Marching Brass	13%	%1	%0.67	24
n11-863	Müzik	Müzik Aletleri	Nefesli Çalgılar	Melodika	13%	%1	%0.67	24
n11-864	Müzik	Müzik Aletleri	Nefesli Çalgılar	Mızıka	13%	%1	%0.67	24
n11-865	Müzik	Müzik Aletleri	Nefesli Çalgılar	Obua	13%	%1	%0.67	24
n11-866	Müzik	Müzik Aletleri	Nefesli Çalgılar	Korno	13%	%1	%0.67	24
n11-867	Müzik	Müzik Aletleri	Nefesli Çalgılar	Fagotlar	13%	%1	%0.67	24
n11-868	Müzik	Müzik Aletleri	Nefesli Çalgılar	Ney	13%	%1	%0.67	24
n11-869	Müzik	Müzik Aletleri	Nefesli Çalgılar	Aksesuarlar	13%	%1	%0.67	24
n11-870	Müzik	Müzik Aletleri	Nefesli Çalgılar	Kaval	13%	%1	%0.67	24
n11-871	Müzik	Müzik Aletleri	Nefesli Çalgılar	Mey	13%	%1	%0.67	24
n11-872	Müzik	Müzik Aletleri	Piyano	Piyano	13%	%1	%0.67	24
n11-873	Müzik	Müzik Aletleri	Stüdyo ve Sahne Ekipmanları	Stüdyo ve Sahne Ekipmanları	13%	%1	%0.67	24
n11-874	Müzik	Müzik Aletleri	Telli Çalgılar	Telli Çalgılar	13%	%1	%0.67	24
n11-875	Müzik	Müzik Aletleri	Vurmalı Çalgılar	Vurmalı Çalgılar	13%	%1	%0.67	24
n11-876	Müzik	Müzik Aletleri	Yaylı Çalgılar	Elektro Yaylı	13%	%1	%0.67	24
n11-877	Müzik	Müzik Aletleri	Yaylı Çalgılar	Keman	13%	%1	%0.67	24
n11-878	Müzik	Müzik Aletleri	Yaylı Çalgılar	Kontrbas	13%	%1	%0.67	24
n11-879	Müzik	Müzik Aletleri	Yaylı Çalgılar	Viyola	13%	%1	%0.67	24
n11-880	Müzik	Müzik Aletleri	Yaylı Çalgılar	Çello	13%	%1	%0.67	24
n11-881	Müzik	Müzik Aletleri	Yaylı Çalgılar	Yaylar (Arşeler)	13%	%1	%0.67	24
n11-882	Müzik	Müzik Aletleri	Yaylı Çalgılar	Aksesuarlar	13%	%1	%0.67	24
n11-883	Müzik	Müzik Aletleri	Yaylı Çalgılar	Kemençe	13%	%1	%0.67	24
n11-884	Müzik	Müzik Aletleri	Klavye, Org, Synthesizer	Klavye, Org, Synthesizer	13%	%1	%0.67	24
n11-885	Müzik	Plaklar	Plaklar	Plaklar	15%	%1	%0.67	24
n11-886	Müzik	Yabancı Albümler	Blues	Blues	15%	%1	%0.67	24
n11-887	Müzik	Yabancı Albümler	Classic	Classic	15%	%1	%0.67	24
n11-888	Müzik	Yabancı Albümler	Club, Dance	Club, Dance	15%	%1	%0.67	24
n11-889	Müzik	Yabancı Albümler	Compilations	Compilations	15%	%1	%0.67	24
n11-890	Müzik	Yabancı Albümler	Electronica	Electronica	15%	%1	%0.67	24
n11-891	Müzik	Yabancı Albümler	Jazz Music	Jazz Music	15%	%1	%0.67	24
n11-892	Müzik	Yabancı Albümler	New Age	New Age	15%	%1	%0.67	24
n11-893	Müzik	Yabancı Albümler	Pop	Pop	15%	%1	%0.67	24
n11-894	Müzik	Yabancı Albümler	R&B	R&B	15%	%1	%0.67	24
n11-895	Müzik	Yabancı Albümler	Rock	Rock	15%	%1	%0.67	24
n11-896	Müzik	Yabancı Albümler	Soul	Soul	15%	%1	%0.67	24
n11-897	Müzik	Yabancı Albümler	Soundtracks	Soundtracks	15%	%1	%0.67	24
n11-898	Müzik	Yabancı Albümler	World	World	15%	%1	%0.67	24
n11-899	Müzik	Yerli Albümler	Alaturka	Alaturka	15%	%1	%0.67	24
n11-900	Müzik	Yerli Albümler	Arabesk	Arabesk	15%	%1	%0.67	24
n11-901	Müzik	Yerli Albümler	Club & Dance	Club & Dance	15%	%1	%0.67	24
n11-902	Müzik	Yerli Albümler	Enstrümantal	Enstrümantal	15%	%1	%0.67	24
n11-903	Müzik	Yerli Albümler	Etnik Müzik	Etnik Müzik	15%	%1	%0.67	24
n11-904	Müzik	Yerli Albümler	Fantazi Müzik	Fantazi Müzik	15%	%1	%0.67	24
n11-905	Müzik	Yerli Albümler	Film Müzikleri	Film Müzikleri	15%	%1	%0.67	24
n11-906	Müzik	Yerli Albümler	Hip Hop & Rap	Hip Hop & Rap	15%	%1	%0.67	24
n11-907	Müzik	Yerli Albümler	Jazz & New Age	Jazz & New Age	15%	%1	%0.67	24
n11-908	Müzik	Yerli Albümler	Klasik	Klasik	15%	%1	%0.67	24
n11-909	Müzik	Yerli Albümler	Pop	Pop	15%	%1	%0.67	24
n11-910	Müzik	Yerli Albümler	Rock	Rock	15%	%1	%0.67	24
n11-911	Müzik	Yerli Albümler	Sufi & Tasavvuf	Sufi & Tasavvuf	15%	%1	%0.67	24
n11-912	Müzik	Yerli Albümler	Tango & Kanto	Tango & Kanto	15%	%1	%0.67	24
n11-913	Müzik	Yerli Albümler	Türk Halk Müziği	Türk Halk Müziği	15%	%1	%0.67	24
n11-914	Müzik	Yerli Albümler	Türk Sanat Müziği	Türk Sanat Müziği	15%	%1	%0.67	24
n11-915	Müzik	Yerli Albümler	Çocuk	Çocuk	15%	%1	%0.67	24
n11-916	Müzik	Yerli Albümler	Özgün Müzik	Özgün Müzik	15%	%1	%0.67	24
n11-917	Müzik	Yerli Albümler	Şiir	Şiir	15%	%1	%0.67	24
n11-918	Yaşam ve Etkinlik	Hobi & Eğitim	Etkinlikler	Etkinlikler	20.34%	%1	%0.67	24
n11-919	Yaşam ve Etkinlik	Spa & Masaj	Spa & Masaj	Spa & Masaj	20.34%	%1	%0.67	24
n11-920	Yetişkin Hobi & Oyun	3D Kalem ve Baskı Ürünleri	3D Kalem ve Aksesuar	3D Kalem ve Aksesuar	18%	%1	%0.67	20
n11-921	Yetişkin Hobi & Oyun	3D Kalem ve Baskı Ürünleri	3D Baskı Ürünleri	3D Baskı Ürünleri	18%	%1	%0.67	20
n11-922	Yetişkin Hobi & Oyun	Action Figure	Anime & Manga	Anime & Manga	18%	%1	%0.67	24
n11-923	Yetişkin Hobi & Oyun	Action Figure	Doğa & Hayvan	Doğa & Hayvan	18%	%1	%0.67	24
n11-924	Yetişkin Hobi & Oyun	Action Figure	Fantastik & Sci-Fi	Fantastik & Sci-Fi	18%	%1	%0.67	24
n11-925	Yetişkin Hobi & Oyun	Action Figure	Koleksiyon	Koleksiyon	18%	%1	%0.67	24
n11-926	Yetişkin Hobi & Oyun	Action Figure	Meslekler	Meslekler	18%	%1	%0.67	24
n11-927	Yetişkin Hobi & Oyun	Action Figure	Moda	Moda	18%	%1	%0.67	24
n11-928	Yetişkin Hobi & Oyun	Action Figure	Müzik	Müzik	18%	%1	%0.67	24
n11-929	Yetişkin Hobi & Oyun	Action Figure	Robot & Gadgets	Robot & Gadgets	18%	%1	%0.67	24
n11-930	Yetişkin Hobi & Oyun	Action Figure	Spor	Spor	18%	%1	%0.67	24
n11-931	Yetişkin Hobi & Oyun	Action Figure	TV & Filmler	TV & Filmler	18%	%1	%0.67	24
n11-932	Yetişkin Hobi & Oyun	Action Figure	Taşıma & Araç	Taşıma & Araç	18%	%1	%0.67	24
n11-933	Yetişkin Hobi & Oyun	Action Figure	Video Oyunları	Video Oyunları	18%	%1	%0.67	24
n11-934	Yetişkin Hobi & Oyun	Action Figure	Çizgi Roman	Çizgi Roman	18%	%1	%0.67	24
n11-935	Yetişkin Hobi & Oyun	Kutu Oyunları	Hobi & Kutu Oyunları	Hobi & Kutu Oyunları	18%	%1	%0.67	24
n11-936	Yetişkin Hobi & Oyun	Kutu Oyunları	Eğitici Oyunlar	Eğitici Oyunlar	18%	%1	%0.67	24
n11-937	Yetişkin Hobi & Oyun	Kutu Oyunları	Kağıt Oyunları	Kağıt Oyunları	18%	%1	%0.67	24
n11-938	Yetişkin Hobi & Oyun	Maketler	Ahşap Maket	Ahşap Maket	18%	%1	%0.67	24
n11-939	Yetişkin Hobi & Oyun	Maketler	Araba Maketi	Araba Maketi	18%	%1	%0.67	24
n11-940	Yetişkin Hobi & Oyun	Maketler	Askeri Araç Maketi	Askeri Araç Maketi	18%	%1	%0.67	24
n11-941	Yetişkin Hobi & Oyun	Maketler	Gemi Maketi	Gemi Maketi	18%	%1	%0.67	24
n11-942	Yetişkin Hobi & Oyun	Maketler	Helikopter Maketi	Helikopter Maketi	18%	%1	%0.67	24
n11-943	Yetişkin Hobi & Oyun	Maketler	Maket Aksesuarı	Maket Aksesuarı	18%	%1	%0.67	24
n11-944	Yetişkin Hobi & Oyun	Maketler	Taş Maket	Taş Maket	18%	%1	%0.67	24
n11-945	Yetişkin Hobi & Oyun	Maketler	Uzay Gemisi Maketi	Uzay Gemisi Maketi	18%	%1	%0.67	24
n11-946	Yetişkin Hobi & Oyun	Maketler	Uçak Maketi	Uçak Maketi	18%	%1	%0.67	24
n11-947	Yetişkin Hobi & Oyun	Model Taşıtlar	Model Deniz Taşıtı	Model Deniz Taşıtı	18%	%1	%0.67	24
n11-948	Yetişkin Hobi & Oyun	Model Taşıtlar	Model Taşıt Aksesuarı	Model Taşıt Aksesuarı	18%	%1	%0.67	24
n11-949	Yetişkin Hobi & Oyun	Model Taşıtlar	Model Otomobil	Model Otomobil	18%	%1	%0.67	24
n11-950	Yetişkin Hobi & Oyun	Model Taşıtlar	Model Uçak & Helikopter	Model Uçak & Helikopter	18%	%1	%0.67	24
n11-951	Yetişkin Hobi & Oyun	Model Taşıtlar	Model Tren	Model Tren	18%	%1	%0.67	24
n11-952	Yetişkin Hobi & Oyun	Model Taşıtlar	Diğer	Diğer	18%	%1	%0.67	24
n11-953	Yetişkin Hobi & Oyun	Oyun Takımı	Oyun Kağıtları	Oyun Kağıtları	18%	%1	%0.67	24
n11-954	Yetişkin Hobi & Oyun	Oyun Takımı	Okey Takımı	Okey Takımı	18%	%1	%0.67	24
n11-955	Yetişkin Hobi & Oyun	Oyun Takımı	Satranç Takımı	Satranç Takımı	18%	%1	%0.67	24
n11-956	Yetişkin Hobi & Oyun	Oyun Takımı	Tavla	Tavla	18%	%1	%0.67	24
n11-957	Yetişkin Hobi & Oyun	Oyun Takımı	Diğer	Diğer	18%	%1	%0.67	24
n11-958	Yetişkin Hobi & Oyun	Puzzle	1000 Parça Puzzle	1000 Parça Puzzle	18%	%1	%0.67	24
n11-959	Yetişkin Hobi & Oyun	Puzzle	1500 Parça Puzzle	1500 Parça Puzzle	18%	%1	%0.67	24
n11-960	Yetişkin Hobi & Oyun	Puzzle	2000 Parça Puzzle	2000 Parça Puzzle	18%	%1	%0.67	24
n11-961	Yetişkin Hobi & Oyun	Puzzle	3000 + Parça Puzzle	3000 + Parça Puzzle	18%	%1	%0.67	24
n11-962	Yetişkin Hobi & Oyun	Puzzle	500 Parça Puzzle	500 Parça Puzzle	18%	%1	%0.67	24
n11-963	Yetişkin Hobi & Oyun	Puzzle	75- 300 Parça Puzzle	75- 300 Parça Puzzle	18%	%1	%0.67	24
n11-964	Yetişkin Hobi & Oyun	Puzzle	Puzzle Aksesuarı	Puzzle Aksesuarı	18%	%1	%0.67	24
n11-965	Yetişkin Hobi & Oyun	Puzzle	Üç Boyutlu Puzzle	Üç Boyutlu Puzzle	18%	%1	%0.67	24
n11-966	Yetişkin Hobi & Oyun	Uzaktan Kumandalı Araç	Araba	Araba	18%	%1	%0.67	24
n11-967	Yetişkin Hobi & Oyun	Uzaktan Kumandalı Araç	Helikopter	Helikopter	18%	%1	%0.67	24
n11-968	Yetişkin Hobi & Oyun	Uzaktan Kumandalı Araç	Drone	Drone	10%	%1	%0.67	24
n11-969	Yetişkin Hobi & Oyun	Uzaktan Kumandalı Araç	Tank	Tank	18%	%1	%0.67	24
n11-970	Yetişkin Hobi & Oyun	Uzaktan Kumandalı Araç	Uçak	Uçak	18%	%1	%0.67	24
n11-971	Yetişkin Hobi & Oyun	Uzaktan Kumandalı Araç	Yakıtlı Taşıtlar	Yakıtlı Taşıtlar	18%	%1	%0.67	24
n11-972	Yetişkin Hobi & Oyun	Uzaktan Kumandalı Araç	Diğer	Diğer	18%	%1	%0.67	24
n11-973	Yetişkin Hobi & Oyun	Uzaktan Kumandalı Araç	Aksesuar ve Yedek Parça	Drone Aksesuarları ve Yedek Parça	18%	%1	%0.67	24
n11-974	Yetişkin Hobi & Oyun	Uzaktan Kumandalı Araç	Aksesuar ve Yedek Parça	Araba Aksesuarları ve Yedek Parça	18%	%1	%0.67	24
n11-975	Yetişkin Hobi & Oyun	Uzaktan Kumandalı Araç	Aksesuar ve Yedek Parça	Helikopter ve Uçak Aksesuarları ve Yedek Parça	18%	%1	%0.67	24
n11-976	Ağız & Diş Bakımı	Ağız Temizleme & Gargara	Ağız Temizleme & Gargara	Ağız Temizleme & Gargara	16%	%1	%0.67	24
n11-977	Ağız & Diş Bakımı	Diş Beyazlatıcı	Diş Beyazlatıcı	Diş Beyazlatıcı	16%	%1	%0.67	24
n11-978	Ağız & Diş Bakımı	Diş Fırçası & Ağız Bakım Cihazları	Diş Fırçası & Arayüz Fırçası	Diş Fırçası & Arayüz Fırçası	16%	%1	%0.67	24
n11-979	Ağız & Diş Bakımı	Diş Fırçası & Ağız Bakım Cihazları	Elektrikli Diş Fırçası	Elektrikli Diş Fırçası	16%	%1	%0.67	24
n11-980	Ağız & Diş Bakımı	Diş Fırçası & Ağız Bakım Cihazları	Ağız Duşu	Ağız Duşu	16%	%1	%0.67	24
n11-981	Ağız & Diş Bakımı	Diş Fırçası & Ağız Bakım Cihazları	Diş Fırçası Yedek Başlığı	Diş Fırçası Yedek Başlığı	16%	%1	%0.67	24
n11-982	Ağız & Diş Bakımı	Diş İpi	Diş İpi	Diş İpi	16%	%1	%0.67	24
n11-983	Ağız & Diş Bakımı	Diş Macunu	Diş Macunu	Diş Macunu	16%	%1	%0.67	24
n11-984	Ağız & Diş Bakımı	Diş Protez Ürünleri	Diş Protez Ürünleri	Diş Protez Ürünleri	16%	%1	%0.67	24
n11-985	Cilt Bakımı	Banyo Ürünleri	Duş Jeli, Tuz, Köpük	Duş Jeli, Tuz, Köpük	16%	%1	%0.67	24
n11-986	Cilt Bakımı	Banyo Ürünleri	Fırça, Sünger, Lif	Fırça, Sünger, Lif	16%	%1	%0.67	24
n11-987	Cilt Bakımı	Banyo Ürünleri	Sabun	Sıvı Sabun	16%	%1	%0.67	24
n11-988	Cilt Bakımı	Banyo Ürünleri	Sabun	Katı Sabun	16%	%1	%0.67	24
n11-989	Cilt Bakımı	Banyo Ürünleri	Sabun	Bitkisel Sabun	16%	%1	%0.67	24
n11-990	Cilt Bakımı	Banyo Ürünleri	Pamuk	Pamuk	16%	%1	%0.67	24
n11-991	Cilt Bakımı	El, Ayak, Tırnak Ürünleri	Tırnak Ürünleri	Manikür & Pedikür Ürünleri	16%	%1	%0.67	24
n11-992	Cilt Bakımı	El, Ayak, Tırnak Ürünleri	Tırnak Ürünleri	Takma Tırnak ve Aksesuarları	16%	%1	%0.67	24
n11-993	Cilt Bakımı	El, Ayak, Tırnak Ürünleri	Tırnak Ürünleri	Tırnak Bakımı	16%	%1	%0.67	24
n11-994	Cilt Bakımı	El, Ayak, Tırnak Ürünleri	Tırnak Ürünleri	Oje Çıkarıcı & Aseton	16%	%1	%0.67	24
n11-995	Cilt Bakımı	El, Ayak, Tırnak Ürünleri	Tırnak Ürünleri	Kalıcı Oje ve Ekipmaları	16%	%1	%0.67	24
n11-996	Cilt Bakımı	El, Ayak, Tırnak Ürünleri	Ayak Bakımı	Ayak Törpüsü, Ponza, Ped	16%	%1	%0.67	24
n11-997	Cilt Bakımı	El, Ayak, Tırnak Ürünleri	Ayak Bakımı	Ayak Kokusu Önleyici	16%	%1	%0.67	24
n11-998	Cilt Bakımı	El, Ayak, Tırnak Ürünleri	Ayak Bakımı	Ayak Kremi	16%	%1	%0.67	24
n11-999	Cilt Bakımı	El, Ayak, Tırnak Ürünleri	Ayak Bakımı	Nasır & Mantar Önleyici	16%	%1	%0.67	24
n11-1000	Cilt Bakımı	El, Ayak, Tırnak Ürünleri	Ayak Bakımı	Ayak Maskesi & Ayak Peelingi	16%	%1	%0.67	24
n11-1001	Cilt Bakımı	El, Ayak, Tırnak Ürünleri	El Bakımı	El Bakımı	16%	%1	%0.67	24
n11-1002	Cilt Bakımı	Güneş & Bronzluk Ürünleri	Bronzlaştırıcılar	Bronzlaştırıcılar	16%	%1	%0.67	24
n11-1003	Cilt Bakımı	Güneş & Bronzluk Ürünleri	Güneş Kremleri	Güneş Kremleri	16%	%1	%0.67	24
n11-1004	Cilt Bakımı	Güneş & Bronzluk Ürünleri	Güneş Sonrası	Güneş Sonrası	16%	%1	%0.67	24
n11-1005	Cilt Bakımı	Vücut Bakımı	Vücut Nemlendiriciler	Vücut Kremi & Losyon	16%	%1	%0.67	24
n11-1006	Cilt Bakımı	Vücut Bakımı	Vücut Nemlendiriciler	Vücut & Masaj Yağı	16%	%1	%0.67	24
n11-1007	Cilt Bakımı	Vücut Bakımı	Vücut Sıkılaştırıcı & Şekillendirici	Vücut Peelingi	16%	%1	%0.67	24
n11-1008	Cilt Bakımı	Vücut Bakımı	Vücut Sıkılaştırıcı & Şekillendirici	Vücut Çatlak Kremi	16%	%1	%0.67	24
n11-1009	Cilt Bakımı	Vücut Bakımı	Vücut Sıkılaştırıcı & Şekillendirici	Vücut Sıkılaştırıcı	16%	%1	%0.67	24
n11-1010	Cilt Bakımı	Vücut Bakımı	Vücut Sıkılaştırıcı & Şekillendirici	Selülit Kremi	16%	%1	%0.67	24
n11-1011	Cilt Bakımı	Yüz Bakımı	Yüz Temizleyici	Yüz Temizleyici	16%	%1	%0.67	24
n11-1012	Cilt Bakımı	Yüz Bakımı	Dudak Bakımı	Dudak Bakımı	16%	%1	%0.67	24
n11-1013	Cilt Bakımı	Yüz Bakımı	Göz Kremi	Göz Kremi	16%	%1	%0.67	24
n11-1014	Cilt Bakımı	Yüz Bakımı	Yüz Maskesi	Yüz Maskesi	16%	%1	%0.67	24
n11-1015	Cilt Bakımı	Yüz Bakımı	Yüz Peelingi	Yüz Peelingi	16%	%1	%0.67	24
n11-1016	Cilt Bakımı	Yüz Bakımı	Yüz Serumu	Yüz Serumu	16%	%1	%0.67	24
n11-1017	Cilt Bakımı	Yüz Bakımı	Tonik	Tonik	16%	%1	%0.67	24
n11-1018	Cilt Bakımı	Yüz Bakımı	Yüz Bakım&Temizleme Cihazı	Yüz Bakım&Temizleme Cihazı	16%	%1	%0.67	24
n11-1019	Cilt Bakımı	Yüz Bakımı	Yüz Kremi	Yüz Kremi	16%	%1	%0.67	24
n11-1020	Cilt Bakımı	Yüz Bakımı	Gül Suyu	Gül Suyu	16%	%1	%0.67	24
n11-1021	Cilt Bakımı	Yüz Bakımı	Cilt Bakım Yağı	Cilt Bakım Yağı	16%	%1	%0.67	24
n11-1022	Cinsel Ürünler	Erkekler İçin	Penis Halkası & Kılıfı	Penis Halkası & Kılıfı	25%	%1	%0.67	24
n11-1023	Cinsel Ürünler	Erkekler İçin	Şişme Bebek	Şişme Bebek	25%	%1	%0.67	24
n11-1024	Cinsel Ürünler	Erkekler İçin	Mastürbatör	Mastürbatör	25%	%1	%0.67	24
n11-1025	Cinsel Ürünler	Erkekler İçin	Penis Pompası	Penis Pompası	25%	%1	%0.67	24
n11-1026	Cinsel Ürünler	Erkekler İçin	Afrodizyak Parfüm	Afrodizyak Parfüm	25%	%1	%0.67	24
n11-1027	Cinsel Ürünler	Kadınlar İçin	Vibratör & Dildo	Vibratör & Dildo	25%	%1	%0.67	24
n11-1028	Cinsel Ürünler	Kadınlar İçin	Şişme Bebek	Şişme Bebek	25%	%1	%0.67	24
n11-1029	Cinsel Ürünler	Kadınlar İçin	Anal Ürünler	Anal Ürünler	25%	%1	%0.67	24
n11-1030	Cinsel Ürünler	Kadınlar İçin	Erotik Masaj Yağı, Sprey, Krem	Erotik Masaj Yağı, Sprey, Krem	25%	%1	%0.67	24
n11-1031	Cinsel Ürünler	Kadınlar İçin	Afrodizyak Parfüm	Afrodizyak Parfüm	25%	%1	%0.67	24
n11-1032	Erkek Bakım Ürünleri	Erkek Cilt Bakımı	Erkek Cilt Bakımı	Erkek Cilt Bakımı	16%	%1	%0.67	24
n11-1033	Erkek Bakım Ürünleri	Erkek Tüy Dökücü	Erkek Tüy Dökücü	Erkek Tüy Dökücü	16%	%1	%0.67	24
n11-1034	Erkek Bakım Ürünleri	Saç & Sakal Kesme Makinesi	Saç & Sakal Kesme Makinesi	Saç & Sakal Kesme Makinesi	14%	%1	%0.67	20
n11-1035	Erkek Bakım Ürünleri	Tıraş Bıçağı & Yedekleri	Tıraş Bıçağı & Yedekleri	Tıraş Bıçağı & Yedekleri	16%	%1	%0.67	24
n11-1036	Erkek Bakım Ürünleri	Tıraş Fırçaları & Seti	Tıraş Fırçaları & Seti	Tıraş Fırçaları & Seti	16%	%1	%0.67	24
n11-1037	Erkek Bakım Ürünleri	Tıraş Köpüğü, Jel, Krem	Tıraş Köpüğü, Jel, Krem	Tıraş Köpüğü, Jel, Krem	16%	%1	%0.67	24
n11-1038	Erkek Bakım Ürünleri	Tıraş Makinesi	Tıraş Makinesi	Tıraş Makinesi	14%	%1	%0.67	20
n11-1039	Erkek Bakım Ürünleri	Tıraş Makinesi Aksesuarları	Tıraş Makinesi Aksesuarları	Tıraş Makinesi Aksesuarları	14%	%1	%0.67	20
n11-1040	Erkek Bakım Ürünleri	Tıraş Sonrası Ürünler	Tıraş Sonrası Ürünler	Tıraş Sonrası Ürünler	16%	%1	%0.67	24
n11-1041	Güzellik Salonu & Kuaför Ürünleri	Dövme Makineleri ve Malzemeleri	Dövme Makineleri ve Malzemeleri	Dövme Makineleri ve Malzemeleri	20%	%1	%0.67	24
n11-1042	Güzellik Salonu & Kuaför Ürünleri	Peruk, Kaynak, Çıtçıt, Postiş	Peruk, Kaynak, Çıtçıt, Postiş	Peruk, Kaynak, Çıtçıt, Postiş	20%	%1	%0.67	24
n11-1043	Güzellik Salonu & Kuaför Ürünleri	Protez Saç Ürünleri	Protez Saç Ürünleri	Protez Saç Ürünleri	20%	%1	%0.67	24
n11-1044	Güzellik Salonu & Kuaför Ürünleri	Salon Cihazları ve Ekipmanları	Salon Cihazları ve Ekipmanları	Salon Cihazları ve Ekipmanları	20%	%1	%0.67	24
n11-1045	Güzellik Salonu & Kuaför Ürünleri	Salon Mobilyaları	Salon Mobilyaları	Salon Mobilyaları	20%	%1	%0.67	24
n11-1046	Güzellik Salonu & Kuaför Ürünleri	Salon, Makas ve Ekipmanları	Aksesuarlar	Aksesuarlar	20%	%1	%0.67	24
n11-1047	Güzellik Salonu & Kuaför Ürünleri	Salon, Makas ve Ekipmanları	Saç Burun Makasları	Saç Burun Makasları	20%	%1	%0.67	24
n11-1048	Güzellik Salonu & Kuaför Ürünleri	Salon, Makas ve Ekipmanları	Tek Kullanımlık Ürünler	Tek Kullanımlık Ürünler	20%	%1	%0.67	24
n11-1049	Kadın Bakım Ürünleri	Ağda, Epilasyon, Tüy Alma	Ağda Makinesi	Ağda Makinesi	16%	%1	%0.67	24
n11-1050	Kadın Bakım Ürünleri	Ağda, Epilasyon, Tüy Alma	Ağda Ürünleri	Ağda Ürünleri	16%	%1	%0.67	24
n11-1051	Kadın Bakım Ürünleri	Ağda, Epilasyon, Tüy Alma	Epilatör	Epilatör	14%	%1	%0.67	20
n11-1052	Kadın Bakım Ürünleri	Ağda, Epilasyon, Tüy Alma	Tüy Dökücü & Sarartıcı	Tüy Dökücü & Sarartıcı	16%	%1	%0.67	24
n11-1053	Kadın Bakım Ürünleri	Ağda, Epilasyon, Tüy Alma	Kadın Tıraş Bıçağı & Jel	Kadın Tıraş Bıçağı & Jel	16%	%1	%0.67	24
n11-1054	Kadın Bakım Ürünleri	Ağda, Epilasyon, Tüy Alma	IPL Lazer Epilasyon Aletleri	IPL Lazer Epilasyon Aletleri	14%	%1	%0.67	20
n11-1055	Kadın Bakım Ürünleri	Genital Ürünler	Genital Bölge Temizleme	Genital Bölge Temizleme	16%	%1	%0.67	24
n11-1056	Kadın Bakım Ürünleri	Genital Ürünler	Günlük Ped	Günlük Ped	16%	%1	%0.67	24
n11-1057	Kadın Bakım Ürünleri	Genital Ürünler	Hijyenik Ped	Hijyenik Ped	16%	%1	%0.67	24
n11-1058	Kadın Bakım Ürünleri	Genital Ürünler	Tampon	Tampon	16%	%1	%0.67	24
n11-1059	Makyaj	Dudak Makyajı	Dudak Kalemi	Dudak Kalemi	16%	%1	%0.67	24
n11-1060	Makyaj	Dudak Makyajı	Dudak Parlatıcı & Dolgunlaştırıcı	Dudak Parlatıcı & Dolgunlaştırıcı	16%	%1	%0.67	24
n11-1061	Makyaj	Dudak Makyajı	Ruj	Ruj	16%	%1	%0.67	24
n11-1062	Makyaj	Göz Makyajı	Eyeliner	Eyeliner	16%	%1	%0.67	24
n11-1063	Makyaj	Göz Makyajı	Göz Farı	Göz Farı	16%	%1	%0.67	24
n11-1064	Makyaj	Göz Makyajı	Göz Kalemi	Göz Kalemi	16%	%1	%0.67	24
n11-1065	Makyaj	Göz Makyajı	Kaş Ürünleri	Kaş Ürünleri	16%	%1	%0.67	24
n11-1066	Makyaj	Göz Makyajı	Maskara & Rimel	Maskara & Rimel	16%	%1	%0.67	24
n11-1067	Makyaj	Göz Makyajı	Takma Kirpik Ürünleri	Takma Kirpik Ürünleri	16%	%1	%0.67	24
n11-1068	Makyaj	Makyaj Aksesuar	Cımbız	Cımbız	16%	%1	%0.67	24
n11-1069	Makyaj	Makyaj Aksesuar	Kalemtıraş	Kalemtıraş	16%	%1	%0.67	24
n11-1070	Makyaj	Makyaj Aksesuar	Makyaj Aynası	Makyaj Aynası	16%	%1	%0.67	24
n11-1071	Makyaj	Makyaj Aksesuar	Makyaj Fırçası & Aplikatör	Makyaj Fırçası & Aplikatör	16%	%1	%0.67	24
n11-1072	Makyaj	Makyaj Aksesuar	Makyaj Çantası	Makyaj Çantası	16%	%1	%0.67	24
n11-1073	Makyaj	Makyaj Setleri	Makyaj Setleri	Makyaj Setleri	16%	%1	%0.67	24
n11-1074	Makyaj	Oje	Oje	Oje	16%	%1	%0.67	24
n11-1075	Makyaj	Yüz Makyajı	Allık	Allık	16%	%1	%0.67	24
n11-1076	Makyaj	Yüz Makyajı	Fondöten	Fondöten	16%	%1	%0.67	24
n11-1077	Makyaj	Yüz Makyajı	Kapatıcı	Kapatıcı	16%	%1	%0.67	24
n11-1078	Makyaj	Yüz Makyajı	Makyaj Baz & Sabitleyiciler	Makyaj Baz & Sabitleyiciler	16%	%1	%0.67	24
n11-1079	Makyaj	Yüz Makyajı	Pudra	Pudra	16%	%1	%0.67	24
n11-1080	Makyaj	Yüz Makyajı	Bronzer	Bronzer	16%	%1	%0.67	24
n11-1081	Makyaj	Yüz Makyajı	Kontür	Kontür	16%	%1	%0.67	24
n11-1082	Makyaj	Yüz Makyajı	Aydınlatıcı	Aydınlatıcı	16%	%1	%0.67	24
n11-1083	Makyaj	Yüz Makyajı	BB & CC Krem	BB & CC Krem	16%	%1	%0.67	24
n11-1084	Parfüm & Deodorant	Çocuk Parfümü	Çocuk Parfümü	Çocuk Parfümü	16%	%1	%0.67	24
n11-1085	Parfüm & Deodorant	Deodorant & Roll-on	Deodorant & Roll-on	Deodorant & Roll-on	16%	%1	%0.67	24
n11-1086	Parfüm & Deodorant	Erkek Parfüm	Erkek Parfüm	Erkek Parfüm	16%	%1	%0.67	24
n11-1087	Parfüm & Deodorant	Kadın Parfüm	Kadın Parfüm	Kadın Parfüm	16%	%1	%0.67	24
n11-1088	Parfüm & Deodorant	Kolonya	Kolonya	Kolonya	16%	%1	%0.67	24
n11-1089	Parfüm & Deodorant	Vücut Spreyi	Vücut Spreyi	Vücut Spreyi	16%	%1	%0.67	24
n11-1090	Saç Bakım & Şekillendirme	Saç Bakımı & Şampuan	Saç Losyonu	Saç Losyonu	16%	%1	%0.67	24
n11-1091	Saç Bakım & Şekillendirme	Saç Bakımı & Şampuan	Saç Maskesi	Saç Maskesi	16%	%1	%0.67	24
n11-1092	Saç Bakım & Şekillendirme	Saç Bakımı & Şampuan	Saç Kremi	Saç Kremi	16%	%1	%0.67	24
n11-1093	Saç Bakım & Şekillendirme	Saç Bakımı & Şampuan	Saç Bakım Yağı	Saç Bakım Yağı	16%	%1	%0.67	24
n11-1094	Saç Bakım & Şekillendirme	Saç Bakımı & Şampuan	Şampuan	Şampuan	16%	%1	%0.67	24
n11-1095	Saç Bakım & Şekillendirme	Saç Bakımı & Şampuan	Kuru Şampuan	Kuru Şampuan	16%	%1	%0.67	24
n11-1096	Saç Bakım & Şekillendirme	Saç Bakımı & Şampuan	Saç Serumu	Saç Serumu	16%	%1	%0.67	24
n11-1097	Saç Bakım & Şekillendirme	Saç Boyası	Saç Boyası	Saç Boyası	16%	%1	%0.67	24
n11-1098	Saç Bakım & Şekillendirme	Saç Şekillendirme	Briyantin, Wax	Briyantin, Wax	16%	%1	%0.67	24
n11-1099	Saç Bakım & Şekillendirme	Saç Şekillendirme	Saç Köpüğü, Saç Spreyi ve Saç Jölesi	Saç Köpüğü, Saç Spreyi ve Saç Jölesi	16%	%1	%0.67	24
n11-1100	Saç Bakım & Şekillendirme	Saç Şekillendirme	Saç Düzleştiricisi	Saç Düzleştiricisi	14%	%1	%0.67	20
n11-1101	Saç Bakım & Şekillendirme	Saç Şekillendirme	Saç Fırça, Tarak	Saç Fırça, Tarak	16%	%1	%0.67	24
n11-1102	Saç Bakım & Şekillendirme	Saç Şekillendirme	Saç Kurutma & Fön Makinesi	Saç Kurutma & Fön Makinesi	14%	%1	%0.67	20
n11-1103	Saç Bakım & Şekillendirme	Saç Şekillendirme	Saç Maşası	Saç Maşası	14%	%1	%0.67	20
n11-1104	Saç Bakım & Şekillendirme	Saç Şekillendirme	Saç Şekillendirme Seti	Saç Şekillendirme Seti	14%	%1	%0.67	20
n11-1105	Sağlık & Medikal Ürünler	Besin Takviyeleri	Vitamin	Vitamin	16%	%1	%0.67	24
n11-1106	Sağlık & Medikal Ürünler	Besin Takviyeleri	Mineral	Mineral	16%	%1	%0.67	24
n11-1107	Sağlık & Medikal Ürünler	Besin Takviyeleri	Kolajen	Kolajen	16%	%1	%0.67	24
n11-1108	Sağlık & Medikal Ürünler	Besin Takviyeleri	Omega 3 & Balık Yağı	Omega 3 & Balık Yağı	16%	%1	%0.67	24
n11-1109	Sağlık & Medikal Ürünler	Besin Takviyeleri	Probiyotik & Prebiyotik	Probiyotik & Prebiyotik	16%	%1	%0.67	24
n11-1110	Sağlık & Medikal Ürünler	Besin Takviyeleri	Glukozamin	Glukozamin	16%	%1	%0.67	24
n11-1111	Sağlık & Medikal Ürünler	Besin Takviyeleri	Koenzim Q10	Koenzim Q10	16%	%1	%0.67	24
n11-1112	Sağlık & Medikal Ürünler	Besin Takviyeleri	Bitkisel Gıda Takviyeleri	Bitkisel Gıda Takviyeleri	16%	%1	%0.67	24
n11-1113	Sağlık & Medikal Ürünler	Besin Takviyeleri	Pastil	Pastil	16%	%1	%0.67	24
n11-1114	Sağlık & Medikal Ürünler	Besin Takviyeleri	Propolis	Propolis	16%	%1	%0.67	24
n11-1115	Sağlık & Medikal Ürünler	Cinsel Sağlık Ürünleri	Gebelik & Ovülasyon Testleri	Gebelik & Ovülasyon Testleri	16%	%1	%0.67	24
n11-1116	Sağlık & Medikal Ürünler	Cinsel Sağlık Ürünleri	Prezervatif	Prezervatif	16%	%1	%0.67	24
n11-1117	Sağlık & Medikal Ürünler	Cinsel Sağlık Ürünleri	Kayganlaştırıcı	Kayganlaştırıcı	16%	%1	%0.67	24
n11-1118	Sağlık & Medikal Ürünler	İlk Yardım & Medikal Ürünler	Medikal Malzemeler	Medikal Malzemeler	16%	%1	%0.67	24
n11-1119	Sağlık & Medikal Ürünler	İlk Yardım & Medikal Ürünler	Kompres	Kompres	16%	%1	%0.67	24
n11-1120	Sağlık & Medikal Ürünler	İlk Yardım & Medikal Ürünler	Sargı Bezi, Bandaj, Flaster	Sargı Bezi, Bandaj, Flaster	16%	%1	%0.67	24
n11-1121	Sağlık & Medikal Ürünler	İlk Yardım & Medikal Ürünler	Sonda ve İdrar Torbası	Sonda ve İdrar Torbası	16%	%1	%0.67	24
n11-1122	Sağlık & Medikal Ürünler	İlk Yardım & Medikal Ürünler	Enjektör	Enjektör	16%	%1	%0.67	24
n11-1123	Sağlık & Medikal Ürünler	İlk Yardım & Medikal Ürünler	Sıcak Su Torbası	Sıcak Su Torbası	16%	%1	%0.67	24
n11-1124	Sağlık & Medikal Ürünler	İlk Yardım & Medikal Ürünler	Laboratuvar Malzemeleri	Laboratuvar Malzemeleri	16%	%1	%0.67	24
n11-1125	Sağlık & Medikal Ürünler	İlk Yardım & Medikal Ürünler	İlk Yardım Çantası	İlk Yardım Çantası	16%	%1	%0.67	24
n11-1126	Sağlık & Medikal Ürünler	Ölçüm Cihazları	Ateş Ölçer	Ateş Ölçer	16%	%1	%0.67	24
n11-1127	Sağlık & Medikal Ürünler	Ölçüm Cihazları	Stetoskop	Stetoskop	16%	%1	%0.67	24
n11-1128	Sağlık & Medikal Ürünler	Ölçüm Cihazları	Baskül	Baskül	17%	%1	%0.67	20
n11-1129	Sağlık & Medikal Ürünler	Ölçüm Cihazları	Tansiyon Aletleri	Tansiyon Aletleri	16%	%1	%0.67	24
n11-1130	Sağlık & Medikal Ürünler	Ölçüm Cihazları	Şeker Ölçüm Cihazı ve Strip	Şeker Ölçüm Cihazı ve Strip	16%	%1	%0.67	24
n11-1131	Sağlık & Medikal Ürünler	Ölçüm Cihazları	Kolesterol Ölçüm Cihazları	Kolesterol Ölçüm Cihazları	16%	%1	%0.67	24
n11-1132	Sağlık & Medikal Ürünler	Ölçüm Cihazları	Pulse Oksimetre	Pulse Oksimetre	16%	%1	%0.67	24
n11-1133	Sağlık & Medikal Ürünler	Ölçüm Cihazları	Vücut Analiz Cihazı	Vücut Analiz Cihazı	16%	%1	%0.67	24
n11-1134	Sağlık & Medikal Ürünler	Ortopedik Ürünler	Tabanlık	Tabanlık	19%	%1	%0.67	24
n11-1135	Sağlık & Medikal Ürünler	Ortopedik Ürünler	Boyunluk & Kol Askısı	Boyunluk & Kol Askısı	16%	%1	%0.67	24
n11-1136	Sağlık & Medikal Ürünler	Ortopedik Ürünler	Dizlik, Bileklik, Dirseklik, Atel	Dizlik, Bileklik, Dirseklik, Atel	16%	%1	%0.67	24
n11-1137	Sağlık & Medikal Ürünler	Ortopedik Ürünler	Korse	Korse	16%	%1	%0.67	24
n11-1138	Sağlık & Medikal Ürünler	Ortopedik Ürünler	Tekerlekli Sandalye	Tekerlekli Sandalye	16%	%1	%0.67	24
n11-1139	Sağlık & Medikal Ürünler	Ortopedik Ürünler	Varis Çorabı	Varis Çorabı	16%	%1	%0.67	24
n11-1140	Sağlık & Medikal Ürünler	Ortopedik Ürünler	Yürüme Aparatı & Bastonlar	Yürüme Aparatı & Bastonlar	16%	%1	%0.67	24
n11-1141	Sağlık & Medikal Ürünler	Ortopedik Ürünler	Bel, Boyun Yastığı & Oturma Simidi	Bel, Boyun Yastığı & Oturma Simidi	16%	%1	%0.67	24
n11-1142	Sağlık & Medikal Ürünler	Ortopedik Ürünler	Hasta Yatağı	Hasta Yatağı	16%	%1	%0.67	24
n11-1143	Sağlık & Medikal Ürünler	Ortopedik Ürünler	Ayak Sağlığı	Ayak Sağlığı	16%	%1	%0.67	24
n11-1144	Sağlık & Medikal Ürünler	Sağlık Ürünleri	Ağrı Giderici & Tens Cihazları	Ağrı Giderici & Tens Cihazları	16%	%1	%0.67	24
n11-1145	Sağlık & Medikal Ürünler	Sağlık Ürünleri	Diğer	Diğer	16%	%1	%0.67	24
n11-1146	Sağlık & Medikal Ürünler	Sağlık Ürünleri	Hasta Bezleri	Hasta Bezleri	16%	%1	%0.67	24
n11-1147	Sağlık & Medikal Ürünler	Sağlık Ürünleri	Horlama Önleyici	Horlama Önleyici	16%	%1	%0.67	24
n11-1148	Sağlık & Medikal Ürünler	Sağlık Ürünleri	Lens & Solüsyon	Lens & Solüsyon	16%	%1	%0.67	24
n11-1149	Sağlık & Medikal Ürünler	Sağlık Ürünleri	Masaj Aletleri & Şilteleri	Masaj Aletleri & Şilteleri	17%	%1	%0.67	20
n11-1150	Sağlık & Medikal Ürünler	Sağlık Ürünleri	Nebulizatör	Nebulizatör	16%	%1	%0.67	24
n11-1151	Sağlık & Medikal Ürünler	Sağlık Ürünleri	Sigara Bırakma Ürünleri	Sigara Bırakma Ürünleri	16%	%1	%0.67	24
n11-1152	Sağlık & Medikal Ürünler	Sağlık Ürünleri	Tek Kullanımlık Ürünler	Tek Kullanımlık Ürünler	16%	%1	%0.67	24
n11-1153	Sağlık & Medikal Ürünler	Sağlık Ürünleri	Medikal Maske	Medikal Maske	16%	%1	%0.67	24
n11-1154	Sağlık & Medikal Ürünler	Sağlık Ürünleri	Yıkanabilir Maske	Yıkanabilir Maske	16%	%1	%0.67	24
n11-1155	Sağlık & Medikal Ürünler	Sağlık Ürünleri	Çocuk Maskesi	Çocuk Maskesi	16%	%1	%0.67	24
n11-1156	Sağlık & Medikal Ürünler	Sağlık Ürünleri	Solunum Cihazları	Ventilatör	16%	%1	%0.67	24
n11-1157	Sağlık & Medikal Ürünler	Sağlık Ürünleri	Solunum Cihazları	Oksijen Konsantratörü	16%	%1	%0.67	24
n11-1158	Sağlık & Medikal Ürünler	Sağlık Ürünleri	Solunum Cihazları	Oksijen Tüpü	16%	%1	%0.67	24
n11-1159	Sağlık & Medikal Ürünler	Sağlık Ürünleri	Solunum Cihazları	Cpap & Bpap Maskeler	16%	%1	%0.67	24
n11-1160	Sağlık & Medikal Ürünler	Sağlık Ürünleri	Yatak Koruyucu	Yatak Koruyucu	16%	%1	%0.67	24
n11-1161	Sağlık & Medikal Ürünler	Sağlık Ürünleri	Koruyucu Tulum & Önlük	Koruyucu Tulum & Önlük	16%	%1	%0.67	24
n11-1162	Sağlık & Medikal Ürünler	Sağlık Ürünleri	Sterilizasyon Makinesi	Sterilizasyon Makinesi	16%	%1	%0.67	24
n11-1163	Sağlık & Medikal Ürünler	Sağlık Ürünleri	Fizik Tedavi Aletleri	Fizik Tedavi Aletleri	16%	%1	%0.67	24
n11-1164	Sağlık & Medikal Ürünler	Sağlık Ürünleri	Eldiven	Eldiven	16%	%1	%0.67	24
n11-1165	Sağlık & Medikal Ürünler	Sağlık Ürünleri	Anti-Bakteriyel & Dezenfektan	Anti-Bakteriyel & Dezenfektan	16%	%1	%0.67	24
n11-1166	Beyaz Eşya	Ankastre	Ankastre Setler	Ankastre Setler	12%	%1	%0.67	20
n11-1167	Beyaz Eşya	Ankastre	Davlumbazlar	Davlumbazlar	12%	%1	%0.67	20
n11-1168	Beyaz Eşya	Aspiratör	Aspiratör	Aspiratör	12%	%1	%0.67	20
n11-1169	Beyaz Eşya	Beyaz Eşya Setleri	Beyaz Eşya Setleri	Beyaz Eşya Setleri	12%	%1	%0.67	20
n11-1170	Beyaz Eşya	Beyaz Eşya Sigorta	Beyaz Eşya Sigorta	Beyaz Eşya Sigorta	0%	%1	%0.67	20
n11-1171	Beyaz Eşya	Bulaşık Makinesi	Bulaşık Makinesi	Bulaşık Makinesi	10%	%1	%0.67	20
n11-1172	Beyaz Eşya	Buzdolabı	Buzdolabı	Buzdolabı	10%	%1	%0.67	20
n11-1173	Beyaz Eşya	Çamaşır Makinesi	Çamaşır Makinesi	Çamaşır Makinesi	10%	%1	%0.67	20
n11-1174	Beyaz Eşya	Derin Dondurucu	Derin Dondurucu	Derin Dondurucu	10%	%1	%0.67	20
n11-1175	Beyaz Eşya	Diğer Beyaz Eşyalar	Diğer Beyaz Eşyalar	Diğer Beyaz Eşyalar	15%	%1	%0.67	20
n11-1176	Beyaz Eşya	Endüstriyel Beyaz Eşyalar	Endüstriyel Beyaz Eşyalar	Endüstriyel Beyaz Eşyalar	15%	%1	%0.67	20
n11-1177	Beyaz Eşya	Isıtma & Soğutma	Hava Perdesi	Hava Perdesi	12%	%1	%0.67	20
n11-1178	Beyaz Eşya	Isıtma & Soğutma	Elektrikli Isıtıcı ve Soba	Elektrikli Isıtıcı ve Soba	12%	%1	%0.67	20
n11-1179	Beyaz Eşya	Isıtma & Soğutma	Klima	Klima	10%	%1	%0.67	20
n11-1180	Beyaz Eşya	Isıtma & Soğutma	Kombi	Kombi	10%	%1	%0.67	20
n11-1181	Beyaz Eşya	Isıtma & Soğutma	Termosifon	Termosifon	12%	%1	%0.67	20
n11-1182	Beyaz Eşya	Isıtma & Soğutma	Termostat	Termostat	12%	%1	%0.67	20
n11-1183	Beyaz Eşya	Isıtma & Soğutma	Vantilatör	Vantilatör	15%	%1	%0.67	20
n11-1184	Beyaz Eşya	Isıtma & Soğutma	Yedek Parça	Yedek Parça	15%	%1	%0.67	20
n11-1185	Beyaz Eşya	Isıtma & Soğutma	Şofben	Şofben	12%	%1	%0.67	20
n11-1186	Beyaz Eşya	Kurutma Makinesi	Kurutma Makinesi	Kurutma Makinesi	10%	%1	%0.67	20
n11-1187	Beyaz Eşya	Pişirme Grubu	Fırın	Fırın	12%	%1	%0.67	20
n11-1188	Beyaz Eşya	Pişirme Grubu	Mikrodalga	Mikrodalga	12%	%1	%0.67	20
n11-1189	Beyaz Eşya	Pişirme Grubu	Mini & Midi Fırın	Mini & Midi Fırın	13%	%1	%0.67	20
n11-1190	Beyaz Eşya	Pişirme Grubu	Ocak	Ocak	12%	%1	%0.67	20
n11-1191	Beyaz Eşya	Şarap Soğutucu	Şarap Soğutucu	Şarap Soğutucu	12%	%1	%0.67	20
n11-1192	Beyaz Eşya	Su Sebili	Su Sebili	Su Sebili	12%	%1	%0.67	20
n11-1193	Beyaz Eşya	Yedek Parça & Aksesuar	Yedek Parça & Aksesuar	Yedek Parça & Aksesuar	15%	%1	%0.67	20
n11-1194	Bilgisayar	Aksesuar & Yedek Parça	Adaptör & Çevirici	Adaptör & Çevirici	20%	%1	%0.67	20
n11-1195	Bilgisayar	Aksesuar & Yedek Parça	Bilgisayar Yedek Parça	Adaptör	20%	%1	%0.67	20
n11-1196	Bilgisayar	Aksesuar & Yedek Parça	Bilgisayar Yedek Parça	Chipsetler	20%	%1	%0.67	20
n11-1197	Bilgisayar	Aksesuar & Yedek Parça	Bilgisayar Yedek Parça	Diğer Bilgisayar Yedek Parça	20%	%1	%0.67	20
n11-1198	Bilgisayar	Aksesuar & Yedek Parça	Bilgisayar Yedek Parça	Klavye	20%	%1	%0.67	20
n11-1199	Bilgisayar	Aksesuar & Yedek Parça	Bilgisayar Yedek Parça	Ekran	20%	%1	%0.67	20
n11-1200	Bilgisayar	Aksesuar & Yedek Parça	CD & DVD Sarf Malzemeleri	CD & DVD Sarf Malzemeleri	20%	%1	%0.67	20
n11-1201	Bilgisayar	Aksesuar & Yedek Parça	Dizüstü Bilgisayar Aksesuarları	Notebook Kilidi	20%	%1	%0.67	20
n11-1202	Bilgisayar	Aksesuar & Yedek Parça	Dizüstü Bilgisayar Aksesuarları	Çanta & Kılıf	18%	%1	%0.67	20
n11-1203	Bilgisayar	Aksesuar & Yedek Parça	Dizüstü Bilgisayar Aksesuarları	PCMCIA Kartlar	20%	%1	%0.67	20
n11-1204	Bilgisayar	Aksesuar & Yedek Parça	Dizüstü Bilgisayar Aksesuarları	Ekran Koruyucusu	20%	%1	%0.67	20
n11-1205	Bilgisayar	Aksesuar & Yedek Parça	Dizüstü Bilgisayar Aksesuarları	Laptop Soğutucu	20%	%1	%0.67	20
n11-1206	Bilgisayar	Aksesuar & Yedek Parça	Dizüstü Bilgisayar Aksesuarları	Led Işıklar	20%	%1	%0.67	20
n11-1207	Bilgisayar	Aksesuar & Yedek Parça	Dizüstü Bilgisayar Aksesuarları	Dock Station & Stand	20%	%1	%0.67	20
n11-1208	Bilgisayar	Aksesuar & Yedek Parça	Dizüstü Bilgisayar Aksesuarları	Batarya (Pil)	20%	%1	%0.67	20
n11-1209	Bilgisayar	Aksesuar & Yedek Parça	Dizüstü Bilgisayar Aksesuarları	Adaptör & Şarj Cihazı	20%	%1	%0.67	20
n11-1210	Bilgisayar	Aksesuar & Yedek Parça	Dizüstü Bilgisayar Aksesuarları	Klavye & Mouse	20%	%1	%0.67	20
n11-1211	Bilgisayar	Aksesuar & Yedek Parça	Dizüstü Bilgisayar Aksesuarları	Laptop Etiketleri	20%	%1	%0.67	20
n11-1212	Bilgisayar	Aksesuar & Yedek Parça	Diğer Aksesuar & Yedek Parça	Diğer Aksesuar & Yedek Parça	20%	%1	%0.67	20
n11-1213	Bilgisayar	Aksesuar & Yedek Parça	Kablolar	Kablolar	20%	%1	%0.67	20
n11-1214	Bilgisayar	Aksesuar & Yedek Parça	Kompresör	Kompresör	20%	%1	%0.67	20
n11-1215	Bilgisayar	Aksesuar & Yedek Parça	Monitör Kolu ve Standları	Monitör Kolu ve Standları	20%	%1	%0.67	20
n11-1216	Bilgisayar	Aksesuar & Yedek Parça	Taşınabilir Disk Aksesuarları	Taşınabilir Disk Aksesuarları	20%	%1	%0.67	20
n11-1217	Bilgisayar	Aksesuar & Yedek Parça	USB Aksesuarları	USB Aksesuarları	20%	%1	%0.67	20
n11-1218	Bilgisayar	Aksesuar & Yedek Parça	iPad & Tablet Aksesuarları	Araç Kitleri	20%	%1	%0.67	20
n11-1219	Bilgisayar	Aksesuar & Yedek Parça	iPad & Tablet Aksesuarları	Diğer	20%	%1	%0.67	20
n11-1220	Bilgisayar	Aksesuar & Yedek Parça	iPad & Tablet Aksesuarları	Dock Station & Stand	20%	%1	%0.67	20
n11-1221	Bilgisayar	Aksesuar & Yedek Parça	iPad & Tablet Aksesuarları	Ekran Koruyucusu	20%	%1	%0.67	20
n11-1222	Bilgisayar	Aksesuar & Yedek Parça	iPad & Tablet Aksesuarları	Etiketler	20%	%1	%0.67	20
n11-1223	Bilgisayar	Aksesuar & Yedek Parça	iPad & Tablet Aksesuarları	Kalem (Stylus)	20%	%1	%0.67	20
n11-1224	Bilgisayar	Aksesuar & Yedek Parça	iPad & Tablet Aksesuarları	Kamera Bağlantı Kitleri	20%	%1	%0.67	20
n11-1225	Bilgisayar	Aksesuar & Yedek Parça	iPad & Tablet Aksesuarları	Klavye ve Aksesuarları	20%	%1	%0.67	20
n11-1226	Bilgisayar	Aksesuar & Yedek Parça	iPad & Tablet Aksesuarları	Çanta, Kılıf, Askı	18%	%1	%0.67	20
n11-1227	Bilgisayar	Aksesuar & Yedek Parça	iPad & Tablet Aksesuarları	Şarj Cihazı	20%	%1	%0.67	20
n11-1228	Bilgisayar	Aksesuar & Yedek Parça	iPad & Tablet Aksesuarları	Data Kablosu & Adaptör	20%	%1	%0.67	20
n11-1229	Bilgisayar	Aksesuar & Yedek Parça	Kulaklık Aksesuarları	Kulaklık Aksesuarları	20%	%1	%0.67	20
n11-1230	Bilgisayar	Bilgisayar Bileşenleri	Anakart	Anakart	10%	%1	%0.67	20
n11-1231	Bilgisayar	Bilgisayar Bileşenleri	Bellek (RAM)	Bellek (RAM)	10%	%1	%0.67	20
n11-1232	Bilgisayar	Bilgisayar Bileşenleri	Bilgisayar Kasası	Bilgisayar Kasası	10%	%1	%0.67	20
n11-1233	Bilgisayar	Bilgisayar Bileşenleri	Diğer	Diğer	10%	%1	%0.67	20
n11-1234	Bilgisayar	Bilgisayar Bileşenleri	Ekran Kartı	Ekran Kartı	10%	%1	%0.67	20
n11-1235	Bilgisayar	Bilgisayar Bileşenleri	Güç Kaynağı	Güç Kaynağı	10%	%1	%0.67	20
n11-1236	Bilgisayar	Bilgisayar Bileşenleri	Hard Disk	Hard Disk	10%	%1	%0.67	20
n11-1237	Bilgisayar	Bilgisayar Bileşenleri	Optik Sürücü	Optik Sürücü	10%	%1	%0.67	20
n11-1238	Bilgisayar	Bilgisayar Bileşenleri	Overclock Ürünleri	Overclock Ürünleri	10%	%1	%0.67	20
n11-1239	Bilgisayar	Bilgisayar Bileşenleri	Ses Kartı	Ses Kartı	10%	%1	%0.67	20
n11-1240	Bilgisayar	Bilgisayar Bileşenleri	Soğutucu & Fan	Soğutucu & Fan	10%	%1	%0.67	20
n11-1241	Bilgisayar	Bilgisayar Bileşenleri	TV Kartları	TV Kartları	10%	%1	%0.67	20
n11-1242	Bilgisayar	Bilgisayar Bileşenleri	İşlemci	İşlemci	10%	%1	%0.67	20
n11-1243	Bilgisayar	Bilgisayar Bileşenleri	Arduino Ürünleri ve Setleri	Arduino Ürünleri ve Setleri	10%	%1	%0.67	20
n11-1244	Bilgisayar	Çevre Birimleri	DVD & HDD Kasaları	DVD & HDD Kasaları	12%	%1	%0.67	20
n11-1245	Bilgisayar	Çevre Birimleri	Grafik Tabletler	Grafik Tabletler	15%	%1	%0.67	20
n11-1246	Bilgisayar	Çevre Birimleri	Joystick & Gamepad	Joystick & Gamepad	10%	%1	%0.67	20
n11-1247	Bilgisayar	Çevre Birimleri	Klavye & Mouse	Klavye	10%	%1	%0.67	20
n11-1248	Bilgisayar	Çevre Birimleri	Klavye & Mouse	Klavye & Mouse Setleri	10%	%1	%0.67	20
n11-1249	Bilgisayar	Çevre Birimleri	Klavye & Mouse	Mouse	10%	%1	%0.67	20
n11-1250	Bilgisayar	Çevre Birimleri	Kulaklık & Mikrofon	Kablolu Kulaküstü Kulaklık	10%	%1	%0.67	20
n11-1251	Bilgisayar	Çevre Birimleri	Kulaklık & Mikrofon	Mikrofon	18%	%1	%0.67	20
n11-1252	Bilgisayar	Çevre Birimleri	Monitör & Ekran	Monitör & Ekran	10%	%1	%0.67	20
n11-1253	Bilgisayar	Çevre Birimleri	Mouse Pad	Mouse Pad	12%	%1	%0.67	20
n11-1254	Bilgisayar	Çevre Birimleri	Ses Sistemleri	Ses Sistemleri	10%	%1	%0.67	20
n11-1255	Bilgisayar	Çevre Birimleri	UPS & Güç Kaynağı	UPS & Güç Kaynağı	10%	%1	%0.67	20
n11-1256	Bilgisayar	Çevre Birimleri	Webcam	Webcam	10%	%1	%0.67	20
n11-1257	Bilgisayar	Çevre Birimleri	Simülasyon Aksesuarları	Simülasyon Aksesuarları	10%	%1	%0.67	20
n11-1258	Bilgisayar	Dizüstü Bilgisayar	Dizüstü Bilgisayar	Dizüstü Bilgisayar	6%	%1	%0.67	14
n11-1259	Bilgisayar	E-Kitap Okuyucu ve Aksesuarları	E-Kitap Okuyucu	E-Kitap Okuyucu	10%	%1	%0.67	20
n11-1260	Bilgisayar	E-Kitap Okuyucu ve Aksesuarları	E-Kitap Okuyucu Aksesuarları	E-Kitap Okuyucu Aksesuarları	15%	%1	%0.67	20
n11-1261	Bilgisayar	Masaüstü Bilgisayar	Masaüstü Bilgisayar	Masaüstü Bilgisayar	6%	%1	%0.67	20
n11-1262	Bilgisayar	Modem & Ağ Ürünleri	Ağ Ürünleri	USB Ürünleri	10%	%1	%0.67	20
n11-1263	Bilgisayar	Modem & Ağ Ürünleri	Ağ Ürünleri	Switch & Hub	10%	%1	%0.67	20
n11-1264	Bilgisayar	Modem & Ağ Ürünleri	Ağ Ürünleri	Print Server	10%	%1	%0.67	20
n11-1265	Bilgisayar	Modem & Ağ Ürünleri	Ağ Ürünleri	Network Kartları	10%	%1	%0.67	20
n11-1266	Bilgisayar	Modem & Ağ Ürünleri	Ağ Ürünleri	Network Görüntü Aktarıcıları	10%	%1	%0.67	20
n11-1267	Bilgisayar	Modem & Ağ Ürünleri	Ağ Ürünleri	NAS Sürücüler	10%	%1	%0.67	20
n11-1268	Bilgisayar	Modem & Ağ Ürünleri	Ağ Ürünleri	Ethernet Kartları	10%	%1	%0.67	20
n11-1269	Bilgisayar	Modem & Ağ Ürünleri	Ağ Ürünleri	Ağ Ürünleri Yedek Parça & Aksesuarları	10%	%1	%0.67	20
n11-1270	Bilgisayar	Modem & Ağ Ürünleri	Ağ Ürünleri	Bluetooth Ürünleri	10%	%1	%0.67	20
n11-1271	Bilgisayar	Modem & Ağ Ürünleri	Ağ Ürünleri	Anten	10%	%1	%0.67	20
n11-1272	Bilgisayar	Modem & Ağ Ürünleri	Ağ Ürünleri	Access Point & Router	10%	%1	%0.67	20
n11-1273	Bilgisayar	Modem & Ağ Ürünleri	Modem	ADSL	10%	%1	%0.67	20
n11-1274	Bilgisayar	Modem & Ağ Ürünleri	Modem	SHDSL	10%	%1	%0.67	20
n11-1275	Bilgisayar	Modem & Ağ Ürünleri	Modem	3G Modem	10%	%1	%0.67	20
n11-1276	Bilgisayar	Ofis Elektroniği	Barkod Ürünleri	Barkod Ürünleri	18%	%1	%0.67	20
n11-1277	Bilgisayar	Ofis Elektroniği	Fotokopi Makinesi	Fotokopi Makinesi	18%	%1	%0.67	20
n11-1278	Bilgisayar	Ofis Elektroniği	Güvenlik & Alarm Sistemleri	Kamera Kayıt Kartı	18%	%1	%0.67	20
n11-1279	Bilgisayar	Ofis Elektroniği	Güvenlik & Alarm Sistemleri	Güvenlik Kamerası Aksesuarları	18%	%1	%0.67	20
n11-1280	Bilgisayar	Ofis Elektroniği	Güvenlik & Alarm Sistemleri	Güvenlik Kamerası	18%	%1	%0.67	20
n11-1281	Bilgisayar	Ofis Elektroniği	Güvenlik & Alarm Sistemleri	Elektronik Kasalar	18%	%1	%0.67	20
n11-1282	Bilgisayar	Ofis Elektroniği	Güvenlik & Alarm Sistemleri	Duman & Gaz Dedektörü	18%	%1	%0.67	20
n11-1283	Bilgisayar	Ofis Elektroniği	Güvenlik & Alarm Sistemleri	Diğer	18%	%1	%0.67	20
n11-1284	Bilgisayar	Ofis Elektroniği	Güvenlik & Alarm Sistemleri	Alarm Sistemleri Aksesuarları	18%	%1	%0.67	20
n11-1285	Bilgisayar	Ofis Elektroniği	Güvenlik & Alarm Sistemleri	Alarm Sistemleri	18%	%1	%0.67	20
n11-1286	Bilgisayar	Ofis Elektroniği	Güvenlik & Alarm Sistemleri	Sensörler	18%	%1	%0.67	20
n11-1287	Bilgisayar	Ofis Elektroniği	Yazarkasa	Yazarkasa	18%	%1	%0.67	20
n11-1288	Bilgisayar	Oyun & Yazılım	Antivirüs Programları	Antivirüs Programları	16%	%1	%0.67	20
n11-1289	Bilgisayar	Oyun & Yazılım	Bilgisayar Oyunları	Bilgisayar Oyunları	16%	%1	%0.67	20
n11-1290	Bilgisayar	Oyun & Yazılım	Diğer Lisans Ürünleri	Diğer Lisans Ürünleri	16%	%1	%0.67	20
n11-1291	Bilgisayar	Oyun & Yazılım	Eğitim Yazılımları	Eğitim Yazılımları	16%	%1	%0.67	20
n11-1292	Bilgisayar	Oyun & Yazılım	Grafik & Tasarım	Grafik & Tasarım	16%	%1	%0.67	20
n11-1293	Bilgisayar	Oyun & Yazılım	Ofis Programları	Ofis Programları	16%	%1	%0.67	20
n11-1294	Bilgisayar	Oyun & Yazılım	İşletim Sistemi	İşletim Sistemi	16%	%1	%0.67	20
n11-1295	Bilgisayar	Oyun & Yazılım	Dijital İndirilebilir Lisans	Microsoft Yazılımları	16%	%1	%0.67	20
n11-1296	Bilgisayar	Oyun & Yazılım	Dijital İndirilebilir Lisans	Antivirüs	16%	%1	%0.67	20
n11-1297	Bilgisayar	Sunucu ve Aksesuarları	Aksesuar	Aksesuar	16%	%1	%0.67	20
n11-1298	Bilgisayar	Sunucu ve Aksesuarları	Kabinet	Kabinet	16%	%1	%0.67	20
n11-1299	Bilgisayar	Sunucu ve Aksesuarları	Sunucu	Sunucu	10%	%1	%0.67	20
n11-1300	Bilgisayar	Tablet	Tablet	Tablet	6%	%1	%0.67	14
n11-1301	Bilgisayar	Yazıcı, Tarayıcı ve Aksesuarları	3D & Yazıcı Sarf Malzemeleri	3D & Yazıcı Sarf Malzemeleri	18%	%1	%0.67	20
n11-1302	Bilgisayar	Yazıcı, Tarayıcı ve Aksesuarları	Kartuş	Kartuş	18%	%1	%0.67	20
n11-1303	Bilgisayar	Yazıcı, Tarayıcı ve Aksesuarları	Kartuş Dolum Ürünleri	Kartuş Dolum Ürünleri	18%	%1	%0.67	20
n11-1304	Bilgisayar	Yazıcı, Tarayıcı ve Aksesuarları	Tarayıcı	Tarayıcı	10%	%1	%0.67	20
n11-1305	Bilgisayar	Yazıcı, Tarayıcı ve Aksesuarları	Toner	Toner	18%	%1	%0.67	20
n11-1306	Bilgisayar	Yazıcı, Tarayıcı ve Aksesuarları	Yazıcı	Barkod & Etiket Yazıcı	10%	%1	%0.67	20
n11-1307	Bilgisayar	Yazıcı, Tarayıcı ve Aksesuarları	Yazıcı	Lazer Yazıcı	10%	%1	%0.67	20
n11-1308	Bilgisayar	Yazıcı, Tarayıcı ve Aksesuarları	Yazıcı	Mürekkep Püskürtmeli Yazıcı	10%	%1	%0.67	20
n11-1309	Bilgisayar	Yazıcı, Tarayıcı ve Aksesuarları	Yazıcı	Nokta Vuruşlu Yazıcı	10%	%1	%0.67	20
n11-1310	Bilgisayar	Yazıcı, Tarayıcı ve Aksesuarları	Yazıcı	Taşınabilir Yazıcı	10%	%1	%0.67	20
n11-1311	Bilgisayar	Yazıcı, Tarayıcı ve Aksesuarları	Yazıcı	Çok Fonksiyonlu Yazıcı	10%	%1	%0.67	20
n11-1312	Bilgisayar	Yazıcı, Tarayıcı ve Aksesuarları	Yazıcı	3D Yazıcı	10%	%1	%0.67	20
n11-1313	Bilgisayar	Yazıcı, Tarayıcı ve Aksesuarları	Şerit (Yazıcı)	Şerit (Yazıcı)	18%	%1	%0.67	20
n11-1314	Bilgisayar	Yedekleme Ürünleri	Taşınabilir Disk	Taşınabilir Disk	10%	%1	%0.67	20
n11-1315	Bilgisayar	Yedekleme Ürünleri	USB Flash Bellek	USB Flash Bellek	10%	%1	%0.67	20
n11-1316	Bilgisayar	Yenilenmiş&İkinci El&Teşhir Cihazlar	Yenilenmiş ve İkinci El Dizüstü Bilgisayar	Yenilenmiş ve İkinci El Dizüstü Bilgisayar	11%	%1	%0.67	20
n11-1317	Bilgisayar	Yenilenmiş&İkinci El&Teşhir Cihazlar	Teşhir Tablet	Teşhir Tablet	11%	%1	%0.67	20
n11-1318	Bilgisayar	Yenilenmiş&İkinci El&Teşhir Cihazlar	Teşhir Monitör	Teşhir Monitör	11%	%1	%0.67	20
n11-1319	Elektrikli Ev Aletleri	Dikiş Makinesi ve Aksesuarları	Dikiş Makinesı Aksesuarları	Dikiş Makinesı Aksesuarları	17%	%1	%0.67	20
n11-1320	Elektrikli Ev Aletleri	Dikiş Makinesi ve Aksesuarları	Dikiş Makinesi	Dikiş Makinesi	13%	%1	%0.67	20
n11-1321	Elektrikli Ev Aletleri	Elektrikli Mutfak Aletleri	Buharlı Pişiriciler	Buharlı Pişiriciler	13%	%1	%0.67	20
n11-1322	Elektrikli Ev Aletleri	Elektrikli Mutfak Aletleri	Buz Yapma & Kırma Makinesi	Buz Yapma & Kırma Makinesi	13%	%1	%0.67	20
n11-1323	Elektrikli Ev Aletleri	Elektrikli Mutfak Aletleri	Dilimleyici	Dilimleyici	13%	%1	%0.67	20
n11-1324	Elektrikli Ev Aletleri	Elektrikli Mutfak Aletleri	Dondurma Makinesi	Dondurma Makinesi	13%	%1	%0.67	20
n11-1325	Elektrikli Ev Aletleri	Elektrikli Mutfak Aletleri	Doğrayıcı & Rondo	Doğrayıcı & Rondo	13%	%1	%0.67	20
n11-1326	Elektrikli Ev Aletleri	Elektrikli Mutfak Aletleri	Ekmek Kızartma Makinesi	Ekmek Kızartma Makinesi	13%	%1	%0.67	20
n11-1327	Elektrikli Ev Aletleri	Elektrikli Mutfak Aletleri	Ekmek Yapma Makinesi	Ekmek Yapma Makinesi	13%	%1	%0.67	20
n11-1328	Elektrikli Ev Aletleri	Elektrikli Mutfak Aletleri	Elektrikli Izgara	Elektrikli Izgara	13%	%1	%0.67	20
n11-1329	Elektrikli Ev Aletleri	Elektrikli Mutfak Aletleri	Elektrikli Bıçaklar	Elektrikli Bıçaklar	13%	%1	%0.67	20
n11-1330	Elektrikli Ev Aletleri	Elektrikli Mutfak Aletleri	Elektrikli Pişirici	Elektrikli Pişirici	13%	%1	%0.67	20
n11-1331	Elektrikli Ev Aletleri	Elektrikli Mutfak Aletleri	Fritöz	Fritöz	13%	%1	%0.67	20
n11-1332	Elektrikli Ev Aletleri	Elektrikli Mutfak Aletleri	Krep Makinesi	Krep Makinesi	13%	%1	%0.67	20
n11-1333	Elektrikli Ev Aletleri	Elektrikli Mutfak Aletleri	Kıyma Makinesi	Kıyma Makinesi	13%	%1	%0.67	20
n11-1334	Elektrikli Ev Aletleri	Elektrikli Mutfak Aletleri	Meyve Sıkacağı	Meyve Sıkacağı	13%	%1	%0.67	20
n11-1335	Elektrikli Ev Aletleri	Elektrikli Mutfak Aletleri	Mikser & Blender	Mikser	13%	%1	%0.67	20
n11-1336	Elektrikli Ev Aletleri	Elektrikli Mutfak Aletleri	Mikser & Blender	Mikser & Blender Set	13%	%1	%0.67	20
n11-1337	Elektrikli Ev Aletleri	Elektrikli Mutfak Aletleri	Mikser & Blender	Blender	13%	%1	%0.67	20
n11-1338	Elektrikli Ev Aletleri	Elektrikli Mutfak Aletleri	Mutfak Robotu	Mutfak Robotu	13%	%1	%0.67	20
n11-1339	Elektrikli Ev Aletleri	Elektrikli Mutfak Aletleri	Mısır Patlatma Makinesi	Mısır Patlatma Makinesi	13%	%1	%0.67	20
n11-1340	Elektrikli Ev Aletleri	Elektrikli Mutfak Aletleri	Semaver & Çay Makinesi	Semaver & Çay Makinesi	13%	%1	%0.67	20
n11-1341	Elektrikli Ev Aletleri	Elektrikli Mutfak Aletleri	Su Arıtma Cihazları	Su Arıtma Cihazları	13%	%1	%0.67	20
n11-1342	Elektrikli Ev Aletleri	Elektrikli Mutfak Aletleri	Su Isıtıcısı & Kettle	Su Isıtıcısı & Kettle	13%	%1	%0.67	20
n11-1343	Elektrikli Ev Aletleri	Elektrikli Mutfak Aletleri	Tost Makinesi	Tost Makinesi	13%	%1	%0.67	20
n11-1344	Elektrikli Ev Aletleri	Elektrikli Mutfak Aletleri	Waffle Makinesi	Waffle Makinesi	13%	%1	%0.67	20
n11-1345	Elektrikli Ev Aletleri	Elektrikli Mutfak Aletleri	Yoğurt Makinesi	Yoğurt Makinesi	13%	%1	%0.67	20
n11-1346	Elektrikli Ev Aletleri	Elektrikli Mutfak Aletleri	Yumurta Pişirme Makinesi	Yumurta Pişirme Makinesi	13%	%1	%0.67	20
n11-1347	Elektrikli Ev Aletleri	Elektrikli Mutfak Aletleri	Kahve Makineleri	Türk Kahve Makineleri & Cezveler	13%	%1	%0.67	20
n11-1348	Elektrikli Ev Aletleri	Elektrikli Mutfak Aletleri	Kahve Makineleri	Filtre Kahve Makineleri	13%	%1	%0.67	20
n11-1349	Elektrikli Ev Aletleri	Elektrikli Mutfak Aletleri	Kahve Makineleri	Espresso&Cappuccino Makineleri	13%	%1	%0.67	20
n11-1350	Elektrikli Ev Aletleri	Elektrikli Mutfak Aletleri	Kahve Makineleri	Kapsül Kahve Makineleri	13%	%1	%0.67	20
n11-1351	Elektrikli Ev Aletleri	Elektrikli Mutfak Aletleri	Kahve Makineleri	Kahve Öğütücüler	13%	%1	%0.67	20
n11-1352	Elektrikli Ev Aletleri	Elektrikli Mutfak Aletleri	Kahve Makineleri	Süt Köpürtücüler	13%	%1	%0.67	20
n11-1353	Elektrikli Ev Aletleri	Elektrikli Mutfak Aletleri	Kahve Makineleri	Kahve Makinesi Aksesuarları	13%	%1	%0.67	20
n11-1354	Elektrikli Ev Aletleri	Elektrikli Mutfak Aletleri	Yedek Parça ve Aksesuarlar	Yedek Parça ve Aksesuarlar	13%	%1	%0.67	20
n11-1355	Elektrikli Ev Aletleri	Elektrikli Mutfak Aletleri	Elektrikli Çeyiz Paketleri	Elektrikli Çeyiz Paketleri	13%	%1	%0.67	20
n11-1356	Elektrikli Ev Aletleri	Elektrikli Mutfak Aletleri	Endüstriyel Mutfak Malzemeleri	Endüstriyel Mutfak Malzemeleri	13%	%1	%0.67	20
n11-1357	Elektrikli Ev Aletleri	Elektrikli Süpürge & Yıkama	Aksesuarlar	Süpürge Pili	18%	%1	%0.67	20
n11-1358	Elektrikli Ev Aletleri	Elektrikli Süpürge & Yıkama	Aksesuarlar	Süpürge Tutma Sapı	18%	%1	%0.67	20
n11-1359	Elektrikli Ev Aletleri	Elektrikli Süpürge & Yıkama	Aksesuarlar	Toz Torbası	18%	%1	%0.67	20
n11-1360	Elektrikli Ev Aletleri	Elektrikli Süpürge & Yıkama	Aksesuarlar	Diğer	18%	%1	%0.67	20
n11-1361	Elektrikli Ev Aletleri	Elektrikli Süpürge & Yıkama	Aksesuarlar	Süpürge Borusu	18%	%1	%0.67	20
n11-1362	Elektrikli Ev Aletleri	Elektrikli Süpürge & Yıkama	Aksesuarlar	Süpürge Emici Başlıklar	18%	%1	%0.67	20
n11-1363	Elektrikli Ev Aletleri	Elektrikli Süpürge & Yıkama	Aksesuarlar	Süpürge Filtresi	18%	%1	%0.67	20
n11-1364	Elektrikli Ev Aletleri	Elektrikli Süpürge & Yıkama	Aksesuarlar	Süpürge Hortumu	18%	%1	%0.67	20
n11-1365	Elektrikli Ev Aletleri	Elektrikli Süpürge & Yıkama	Aksesuarlar	Toz Torbası Kızağı	18%	%1	%0.67	20
n11-1366	Elektrikli Ev Aletleri	Elektrikli Süpürge & Yıkama	Aksesuarlar	Süpürge Motoru	18%	%1	%0.67	20
n11-1367	Elektrikli Ev Aletleri	Elektrikli Süpürge & Yıkama	Aksesuarlar	Süpürge Kokusu	18%	%1	%0.67	20
n11-1368	Elektrikli Ev Aletleri	Elektrikli Süpürge & Yıkama	Buharlı Temizleyici	Buharlı Temizleyici	12%	%1	%0.67	20
n11-1369	Elektrikli Ev Aletleri	Elektrikli Süpürge & Yıkama	Elektrikli Süpürge	Elektrikli Süpürge	12%	%1	%0.67	20
n11-1370	Elektrikli Ev Aletleri	Elektrikli Süpürge & Yıkama	Halı Yıkama Makinesi	Halı Yıkama Makinesi	12%	%1	%0.67	20
n11-1371	Elektrikli Ev Aletleri	Elektrikli Süpürge & Yıkama	Şarjlı ve Dikey Süpürge	Şarjlı ve Dikey Süpürge	12%	%1	%0.67	20
n11-1372	Elektrikli Ev Aletleri	Elektrikli Süpürge & Yıkama	Robot Süpürge	Robot Süpürge	11%	%1	%0.67	20
n11-1373	Elektrikli Ev Aletleri	Hava Temizleme & Nemlendirme	Hava Temizleyiciler & Nem Alma Cihazları	Hava Temizleyiciler & Nem Alma Cihazları	13%	%1	%0.67	20
n11-1374	Elektrikli Ev Aletleri	Hava Temizleme & Nemlendirme	Aksesuarlar	Aksesuarlar	18%	%1	%0.67	20
n11-1375	Elektrikli Ev Aletleri	Hava Temizleme & Nemlendirme	Hava Nemlendiriciler	Hava Nemlendiriciler	13%	%1	%0.67	20
n11-1376	Elektrikli Ev Aletleri	Teşhir & Outlet Ürünleri	Teşhir & Outlet Ürünleri	Teşhir & Outlet Ürünleri	13%	%1	%0.67	20
n11-1377	Elektrikli Ev Aletleri	Ütü	Buhar Kazanlı Ütü	Buhar Kazanlı Ütü	12%	%1	%0.67	20
n11-1378	Elektrikli Ev Aletleri	Ütü	Seyahat Ütüsü	Seyahat Ütüsü	12%	%1	%0.67	20
n11-1379	Elektrikli Ev Aletleri	Ütü	Buharlı Ütü	Buharlı Ütü	12%	%1	%0.67	20
n11-1380	Elektrikli Ev Aletleri	Ütü	Ütü Aksesuarları	Ütü Aksesuarları	13%	%1	%0.67	20
n11-1381	Fotoğraf & Kamera	Çanta & Kılıf	Fotoğraf Makinesi	Fotoğraf Makinesi	15%	%1	%0.67	20
n11-1382	Fotoğraf & Kamera	Çanta & Kılıf	Kamera	Kamera	15%	%1	%0.67	20
n11-1383	Fotoğraf & Kamera	Fotoğraf Makinesi	Kompakt Fotoğraf Makinesi	Kompakt Fotoğraf Makinesi	10%	%1	%0.67	20
n11-1384	Fotoğraf & Kamera	Fotoğraf Makinesi	DSLR Fotoğraf Makinesi	DSLR Fotoğraf Makinesi	10%	%1	%0.67	20
n11-1385	Fotoğraf & Kamera	Fotoğraf Makinesi	Aynasız Fotoğraf Makinesi	Aynasız Fotoğraf Makinesi	10%	%1	%0.67	20
n11-1386	Fotoğraf & Kamera	Fotoğraf Makinesi	Şipşak Fotoğraf Makinesi	Şipşak Fotoğraf Makinesi	10%	%1	%0.67	20
n11-1387	Fotoğraf & Kamera	Fotoğraf Makinesi Aksesuarları	Albüm	Albüm	15%	%1	%0.67	20
n11-1388	Fotoğraf & Kamera	Fotoğraf Makinesi Aksesuarları	Batarya	Batarya	15%	%1	%0.67	20
n11-1389	Fotoğraf & Kamera	Fotoğraf Makinesi Aksesuarları	Diğer	Diğer	15%	%1	%0.67	20
n11-1390	Fotoğraf & Kamera	Fotoğraf Makinesi Aksesuarları	Ekran Koruyucu	Ekran Koruyucu	15%	%1	%0.67	20
n11-1391	Fotoğraf & Kamera	Fotoğraf Makinesi Aksesuarları	Flaş	Flaş	15%	%1	%0.67	20
n11-1392	Fotoğraf & Kamera	Fotoğraf Makinesi Aksesuarları	Işık Çadırı	Işık Çadırı	15%	%1	%0.67	20
n11-1393	Fotoğraf & Kamera	Fotoğraf Makinesi Aksesuarları	Işık Ölçüm Cihazı	Işık Ölçüm Cihazı	15%	%1	%0.67	20
n11-1394	Fotoğraf & Kamera	Fotoğraf Makinesi Aksesuarları	Kart Okuyucu	Kart Okuyucu	15%	%1	%0.67	20
n11-1395	Fotoğraf & Kamera	Fotoğraf Makinesi Aksesuarları	Pil	Pil	15%	%1	%0.67	20
n11-1396	Fotoğraf & Kamera	Fotoğraf Makinesi Aksesuarları	Stüdyo Işığı	Stüdyo Işığı	15%	%1	%0.67	20
n11-1397	Fotoğraf & Kamera	Fotoğraf Makinesi Aksesuarları	Uzaktan Kumanda	Uzaktan Kumanda	15%	%1	%0.67	20
n11-1398	Fotoğraf & Kamera	Fotoğraf Makinesi Aksesuarları	Şarj Aleti	Şarj Aleti	15%	%1	%0.67	20
n11-1399	Fotoğraf & Kamera	Fotoğraf Yazıcıları	Fotoğraf Yazıcıları	Fotoğraf Yazıcıları	10%	%1	%0.67	20
n11-1400	Fotoğraf & Kamera	Lens, Objektif, Filtre	Bakım & Temizlik Ürünleri	Bakım & Temizlik Ürünleri	15%	%1	%0.67	20
n11-1401	Fotoğraf & Kamera	Lens, Objektif, Filtre	Filtre	UV Filtre	15%	%1	%0.67	20
n11-1402	Fotoğraf & Kamera	Lens, Objektif, Filtre	Filtre	Kit & Set	15%	%1	%0.67	20
n11-1403	Fotoğraf & Kamera	Lens, Objektif, Filtre	Filtre	Efekt Filtresi	15%	%1	%0.67	20
n11-1404	Fotoğraf & Kamera	Lens, Objektif, Filtre	Filtre	Diğer	15%	%1	%0.67	20
n11-1405	Fotoğraf & Kamera	Lens, Objektif, Filtre	Filtre	Polarize Filtre	15%	%1	%0.67	20
n11-1406	Fotoğraf & Kamera	Lens, Objektif, Filtre	Lens & Objektif	Lens & Objektif	15%	%1	%0.67	20
n11-1407	Fotoğraf & Kamera	Lens, Objektif, Filtre	Lens Kapağı	Lens Kapağı	15%	%1	%0.67	20
n11-1408	Fotoğraf & Kamera	Lens, Objektif, Filtre	Parasoley	Parasoley	15%	%1	%0.67	20
n11-1409	Fotoğraf & Kamera	Tripod & Monopod	Tripod & Monopod	Tripod & Monopod	15%	%1	%0.67	20
n11-1410	Fotoğraf & Kamera	Video Kamera	Video Kamera	Video Kamera	10%	%1	%0.67	20
n11-1411	Fotoğraf & Kamera	Video Kamera Aksesuarları	Batarya	Batarya	15%	%1	%0.67	20
n11-1412	Fotoğraf & Kamera	Video Kamera Aksesuarları	Boş Kaset & DVD	Boş Kaset & DVD	15%	%1	%0.67	20
n11-1413	Fotoğraf & Kamera	Video Kamera Aksesuarları	Diğer	Diğer	15%	%1	%0.67	20
n11-1414	Fotoğraf & Kamera	Video Kamera Aksesuarları	Işık	Işık	15%	%1	%0.67	20
n11-1415	Fotoğraf & Kamera	Video Kamera Aksesuarları	Mikrofon	Mikrofon	15%	%1	%0.67	20
n11-1416	Fotoğraf & Kamera	Video Kamera Aksesuarları	Şarj Cihazı	Şarj Cihazı	15%	%1	%0.67	20
n11-1417	Fotoğraf & Kamera	Video Kamera Aksesuarları	Kamera & Fotoğraf Gimbal	Kamera & Fotoğraf Gimbal	15%	%1	%0.67	20
n11-1418	Telefon & Aksesuarları	Cep Telefonu	Cep Telefonu	Cep Telefonu	6%	%1	%0.67	14
n11-1419	Telefon & Aksesuarları	Cep Telefonu Aksesuarları	Araç Kiti & Telefon Tutucu	Araç Kiti & Telefon Tutucu	16%	%1	%0.67	20
n11-1420	Telefon & Aksesuarları	Cep Telefonu Aksesuarları	Bluetooth Kulaklık	Bluetooth Kulaklık	15%	%1	%0.67	20
n11-1421	Telefon & Aksesuarları	Cep Telefonu Aksesuarları	Diğer	Diğer	28%	%1	%0.67	20
n11-1422	Telefon & Aksesuarları	Cep Telefonu Aksesuarları	Dock	Dock	28%	%1	%0.67	20
n11-1423	Telefon & Aksesuarları	Cep Telefonu Aksesuarları	Ekran Koruyucu	Ekran Koruyucu	28%	%1	%0.67	20
n11-1424	Telefon & Aksesuarları	Cep Telefonu Aksesuarları	Hafıza Kartı	Hafıza Kartı	13%	%1	%0.67	20
n11-1425	Telefon & Aksesuarları	Cep Telefonu Aksesuarları	Kablo	Kablo	28%	%1	%0.67	20
n11-1426	Telefon & Aksesuarları	Cep Telefonu Aksesuarları	Kalem	Kalem	28%	%1	%0.67	20
n11-1427	Telefon & Aksesuarları	Cep Telefonu Aksesuarları	Telefon Kamera & Fotoğraf Aksesuarları	Telefon Kamera & Fotoğraf Aksesuarları	28%	%1	%0.67	20
n11-1428	Telefon & Aksesuarları	Cep Telefonu Aksesuarları	Kablolu Kulakiçi Kulaklık	Kablolu Kulakiçi Kulaklık	20%	%1	%0.67	20
n11-1429	Telefon & Aksesuarları	Cep Telefonu Aksesuarları	Kılıf	Kılıf	28%	%1	%0.67	20
n11-1430	Telefon & Aksesuarları	Cep Telefonu Aksesuarları	Telefon Askısı	Telefon Askısı	21%	%1	%0.67	20
n11-1431	Telefon & Aksesuarları	Cep Telefonu Aksesuarları	Çevirici & Dönüştürücü	Çevirici & Dönüştürücü	28%	%1	%0.67	20
n11-1432	Telefon & Aksesuarları	Cep Telefonu Aksesuarları	Şarj Cihazı	Şarj Cihazı	28%	%1	%0.67	20
n11-1433	Telefon & Aksesuarları	Cep Telefonu Aksesuarları	Taşınabilir Şarj Cihazı	Taşınabilir Şarj Cihazı	28%	%1	%0.67	20
n11-1434	Telefon & Aksesuarları	Cep Telefonu Aksesuarları	Selfie Çubuğu & Telefon Tripodu	Selfie Çubuğu & Telefon Tripodu	28%	%1	%0.67	20
n11-1435	Telefon & Aksesuarları	Cep Telefonu Aksesuarları	Telefon Gimbal	Telefon Gimbal	28%	%1	%0.67	20
n11-1436	Telefon & Aksesuarları	Cep Telefonu Aksesuarları	Telefon Oyun Aksesuarları	Telefon Oyun Aksesuarları	28%	%1	%0.67	20
n11-1437	Telefon & Aksesuarları	Cep Telefonu Aksesuarları	Bluetooth Kulaklık Aksesuarları	Bluetooth Kulaklık Aksesuarları	18%	%1	%0.67	20
n11-1438	Telefon & Aksesuarları	Cep Telefonu Aksesuarları	Telefon Sterilizasyon Ürünleri	Telefon Sterilizasyon Ürünleri	28%	%1	%0.67	20
n11-1439	Telefon & Aksesuarları	Cep Telefonu Sigorta	Cep Telefonu Sigorta	Cep Telefonu Sigorta	0%	%1	%0.67	20
n11-1440	Telefon & Aksesuarları	Cep Telefonu Yedek Parça	Batarya	Batarya	28%	%1	%0.67	20
n11-1441	Telefon & Aksesuarları	Cep Telefonu Yedek Parça	Diğer	Diğer	28%	%1	%0.67	20
n11-1442	Telefon & Aksesuarları	Cep Telefonu Yedek Parça	Ekran	Ekran	28%	%1	%0.67	20
n11-1443	Telefon & Aksesuarları	Cep Telefonu Yedek Parça	Kasa & Kapak	Kasa & Kapak	28%	%1	%0.67	20
n11-1444	Telefon & Aksesuarları	Cep Telefonu Yedek Parça	Tuş Takımı	Tuş Takımı	28%	%1	%0.67	20
n11-1445	Telefon & Aksesuarları	Giyilebilir Teknoloji	Akıllı Saat	Akıllı Saat	15%	%1	%0.67	20
n11-1446	Telefon & Aksesuarları	Giyilebilir Teknoloji	Akıllı Saat Aksesuarları	Akıllı Saat Aksesuarları	17%	%1	%0.67	20
n11-1447	Telefon & Aksesuarları	Giyilebilir Teknoloji	Akıllı Bileklik	Akıllı Bileklik	15%	%1	%0.67	20
n11-1448	Telefon & Aksesuarları	Giyilebilir Teknoloji	Sanal Gerçeklik Gözlüğü	Sanal Gerçeklik Gözlüğü	15%	%1	%0.67	20
n11-1449	Telefon & Aksesuarları	Giyilebilir Teknoloji	Giyilebilir Teknoloji Aksesuarları	Giyilebilir Teknoloji Aksesuarları	17%	%1	%0.67	20
n11-1450	Telefon & Aksesuarları	Giyilebilir Teknoloji	Akıllı Takip	Akıllı Takip	15%	%1	%0.67	20
n11-1451	Telefon & Aksesuarları	Giyilebilir Teknoloji	Akıllı Gözlük	Akıllı Gözlük	15%	%1	%0.67	20
n11-1452	Telefon & Aksesuarları	Outlet - Teşhir Cep Telefonu	Outlet - Teşhir Cep Telefonu	Outlet - Teşhir Cep Telefonu	11%	%1	%0.67	20
n11-1453	Telefon & Aksesuarları	Sim Kart, Hat, Paketler	Turkcell	Turkcell	13%	%1	%0.67	20
n11-1454	Telefon & Aksesuarları	Sim Kart, Hat, Paketler	Vodafone	Vodafone	13%	%1	%0.67	20
n11-1455	Telefon & Aksesuarları	Telsiz & Masaüstü Telefon	Dect Telefon	Dect Telefon	16%	%1	%0.67	20
n11-1456	Telefon & Aksesuarları	Telsiz & Masaüstü Telefon	El Telsizi	El Telsizi	16%	%1	%0.67	20
n11-1457	Telefon & Aksesuarları	Telsiz & Masaüstü Telefon	Faks	Faks	16%	%1	%0.67	20
n11-1458	Telefon & Aksesuarları	Telsiz & Masaüstü Telefon	IP Telefon	IP Telefon	16%	%1	%0.67	20
n11-1459	Telefon & Aksesuarları	Telsiz & Masaüstü Telefon	Masa & Duvar Telefonu	Masa & Duvar Telefonu	16%	%1	%0.67	20
n11-1460	Telefon & Aksesuarları	Tuşlu Telefon	Tuşlu Telefon	Tuşlu Telefon	11%	%1	%0.67	20
n11-1461	Telefon & Aksesuarları	Yenilenmiş Telefon & Aksesuarları	Yenilenmiş Telefon & Aksesuarları	Yenilenmiş Telefon & Aksesuarları	11%	%1	%0.67	20
n11-1462	Televizyon & Ses Sistemleri	Bluetooth Hoparlörler	Bluetooth Hoparlörler	Bluetooth Hoparlörler	16%	%1	%0.67	20
n11-1463	Televizyon & Ses Sistemleri	DVD, Blu-Ray, Medya Oynatıcı	Blu-Ray Oynatıcı	Blu-Ray Oynatıcı	16%	%1	%0.67	20
n11-1464	Televizyon & Ses Sistemleri	DVD, Blu-Ray, Medya Oynatıcı	DVD Player	DVD Player	16%	%1	%0.67	20
n11-1465	Televizyon & Ses Sistemleri	DVD, Blu-Ray, Medya Oynatıcı	Divx Player	Divx Player	16%	%1	%0.67	20
n11-1466	Televizyon & Ses Sistemleri	DVD, Blu-Ray, Medya Oynatıcı	Medya Oynatıcı	Medya Oynatıcı	16%	%1	%0.67	20
n11-1467	Televizyon & Ses Sistemleri	İkinci El &Teşhir Cihazlar	İkinci El &Teşhir Cihazlar	İkinci El &Teşhir Cihazlar	13%	%1	%0.67	20
n11-1468	Televizyon & Ses Sistemleri	MP3, MP4 Çalar & Aksesuar	Aksesuar	Aksesuar	13%	%1	%0.67	20
n11-1469	Televizyon & Ses Sistemleri	MP3, MP4 Çalar & Aksesuar	MP3 & Mp4 Çalar	MP3 & Mp4 Çalar	13%	%1	%0.67	20
n11-1470	Televizyon & Ses Sistemleri	MP3, MP4 Çalar & Aksesuar	Ses Kayıt Cihazları	Ses Kayıt Cihazları	16%	%1	%0.67	20
n11-1471	Televizyon & Ses Sistemleri	Müzik Sistemleri	Dock Stationlar	Dock Stationlar	13%	%1	%0.67	20
n11-1472	Televizyon & Ses Sistemleri	Müzik Sistemleri	Mikro Sistemler	Mikro Sistemler	13%	%1	%0.67	20
n11-1473	Televizyon & Ses Sistemleri	Müzik Sistemleri	Mini & Midi Müzik Seti	Mini & Midi Müzik Seti	16%	%1	%0.67	20
n11-1474	Televizyon & Ses Sistemleri	Müzik Sistemleri	Portatif Radyo	Portatif Radyo	16%	%1	%0.67	20
n11-1475	Televizyon & Ses Sistemleri	Müzik Sistemleri	Dj Ekipmanları	Dj Ekipmanları	13%	%1	%0.67	24
n11-1476	Televizyon & Ses Sistemleri	Pil	Alkalin Pil	9V Pil	15%	%1	%0.67	20
n11-1477	Televizyon & Ses Sistemleri	Pil	Alkalin Pil	AAA Pil	15%	%1	%0.67	20
n11-1478	Televizyon & Ses Sistemleri	Pil	Alkalin Pil	Büyük Boy (D) Pil	15%	%1	%0.67	20
n11-1479	Televizyon & Ses Sistemleri	Pil	Alkalin Pil	Orta Boy (C) Pil	15%	%1	%0.67	20
n11-1480	Televizyon & Ses Sistemleri	Pil	Alkalin Pil	AA Pil	15%	%1	%0.67	20
n11-1481	Televizyon & Ses Sistemleri	Pil	Özel Pil	Özel Pil	15%	%1	%0.67	20
n11-1482	Televizyon & Ses Sistemleri	Pil	Şarj Edilebilen Pil	Şarj Edilebilen Pil	15%	%1	%0.67	20
n11-1483	Televizyon & Ses Sistemleri	Pil	Şarj Kiti	Şarj Kiti	15%	%1	%0.67	20
n11-1484	Televizyon & Ses Sistemleri	Projeksiyon ve Aksesuarları	Projeksiyon Cihazı	Projeksiyon Cihazı	11%	%1	%0.67	20
n11-1485	Televizyon & Ses Sistemleri	Projeksiyon ve Aksesuarları	Sunum Kumandaları	Sunum Kumandaları	13%	%1	%0.67	20
n11-1486	Televizyon & Ses Sistemleri	Projeksiyon ve Aksesuarları	Projeksiyon Askı Aparatı	Projeksiyon Askı Aparatı	13%	%1	%0.67	20
n11-1487	Televizyon & Ses Sistemleri	Projeksiyon ve Aksesuarları	Projeksiyon Perdesi	Projeksiyon Perdesi	13%	%1	%0.67	20
n11-1488	Televizyon & Ses Sistemleri	Projeksiyon ve Aksesuarları	Projeksiyon Lambası	Projeksiyon Lambası	13%	%1	%0.67	20
n11-1489	Televizyon & Ses Sistemleri	Projeksiyon ve Aksesuarları	Projeksiyon Kabloları	Projeksiyon Kabloları	20%	%1	%0.67	20
n11-1490	Televizyon & Ses Sistemleri	Ses Sistemleri	AV Alıcılar ve Amfiler	AV Alıcılar ve Amfiler	16%	%1	%0.67	20
n11-1491	Televizyon & Ses Sistemleri	Ses Sistemleri	Hi-Fi Sistemler	Hi-Fi Sistemler	16%	%1	%0.67	20
n11-1492	Televizyon & Ses Sistemleri	Ses Sistemleri	Soundbar	Soundbar	16%	%1	%0.67	20
n11-1493	Televizyon & Ses Sistemleri	Ses Sistemleri	Hoparlörler	Hoparlörler	16%	%1	%0.67	20
n11-1494	Televizyon & Ses Sistemleri	Ses Sistemleri	Pikap	Pikap	13%	%1	%0.67	24
n11-1495	Televizyon & Ses Sistemleri	Ses Sistemleri	Ev Sinema Sistemleri	Ev Sinema Sistemleri	16%	%1	%0.67	20
n11-1496	Televizyon & Ses Sistemleri	Ses Sistemleri	Aksesuarlar	Aksesuarlar	12%	%1	%0.67	20
n11-1497	Televizyon & Ses Sistemleri	Televizyon	LED TV	LED TV	8%	%1	%0.67	20
n11-1498	Televizyon & Ses Sistemleri	Televizyon	Monitör TV	Monitör TV	8%	%1	%0.67	20
n11-1499	Televizyon & Ses Sistemleri	Televizyon Aksesuarları	3D Gözlük	3D Gözlük	20%	%1	%0.67	20
n11-1500	Televizyon & Ses Sistemleri	Televizyon Aksesuarları	Askı Aparatı	Askı Aparatı	20%	%1	%0.67	20
n11-1501	Televizyon & Ses Sistemleri	Televizyon Aksesuarları	Diğer Televizyon Aksesuarları	Diğer Televizyon Aksesuarları	20%	%1	%0.67	20
n11-1502	Televizyon & Ses Sistemleri	Televizyon Aksesuarları	TV Kabloları & Uydu Malzemeleri	TV Kabloları & Uydu Malzemeleri	20%	%1	%0.67	20
n11-1503	Televizyon & Ses Sistemleri	Televizyon Aksesuarları	Uzaktan Kumanda	Uzaktan Kumanda	20%	%1	%0.67	20
n11-1504	Televizyon & Ses Sistemleri	Televizyon Aksesuarları	Çoklayıcı & Dağıtıcı	Çoklayıcı & Dağıtıcı	20%	%1	%0.67	20
n11-1505	Televizyon & Ses Sistemleri	Televizyon Aksesuarları	Ekran Temizleme Ürünleri	Ekran Temizleme Ürünleri	20%	%1	%0.67	20
n11-1506	Televizyon & Ses Sistemleri	Televizyon Sigorta	Televizyon Sigorta	Televizyon Sigorta	0%	%1	%0.67	20
n11-1507	Televizyon & Ses Sistemleri	Uydu Sistemleri	LNB & Çanak Anten	LNB & Çanak Anten	18%	%1	%0.67	20
n11-1508	Televizyon & Ses Sistemleri	Uydu Sistemleri	Uydu Alıcısı	Uydu Alıcısı	18%	%1	%0.67	20
n11-1509	Video Oyun & Konsol	Eski Sistem Konsollar	Eski Sistem Konsollar	Eski Sistem Konsollar	16%	%1	%0.67	20
n11-1510	Video Oyun & Konsol	İkinci El-Yenilenmiş Oyun & Konsol	2.El Aksesuar	2.El Aksesuar	16%	%1	%0.67	20
n11-1511	Video Oyun & Konsol	İkinci El-Yenilenmiş Oyun & Konsol	2.El Konsol	2.El Konsol	16%	%1	%0.67	20
n11-1512	Video Oyun & Konsol	İkinci El-Yenilenmiş Oyun & Konsol	2.El Oyun	2.El Oyun	16%	%1	%0.67	20
n11-1513	Video Oyun & Konsol	Microsoft Xbox One, One S & One X	Xbox One, One S, One X Aksesuar	Xbox One, One S, One X Aksesuar	12%	%1	%0.67	20
n11-1514	Video Oyun & Konsol	Microsoft Xbox One, One S & One X	Xbox One, One S, One XKonsol	Xbox One, One S, One XKonsol	5.5%	%1	%0.67	20
n11-1515	Video Oyun & Konsol	Microsoft Xbox One, One S & One X	Xbox One, One S, One XOyun	Xbox One, One S, One XOyun	12%	%1	%0.67	20
n11-1516	Video Oyun & Konsol	Mini Oyun Konsolları	Mini Oyun Konsolları	Mini Oyun Konsolları	10%	%1	%0.67	20
n11-1517	Video Oyun & Konsol	Nintendo Switch	Nintendo Switch Aksesuar	Nintendo Switch Aksesuar	16%	%1	%0.67	20
n11-1518	Video Oyun & Konsol	Nintendo Switch	Nintendo Switch Konsol	Nintendo Switch Konsol	5.5%	%1	%0.67	20
n11-1519	Video Oyun & Konsol	Nintendo Switch	Nintendo Switch Oyun	Nintendo Switch Oyun	16%	%1	%0.67	20
n11-1520	Video Oyun & Konsol	PlayStation 3	PS3 Aksesuar	PS3 Aksesuar	16%	%1	%0.67	20
n11-1521	Video Oyun & Konsol	PlayStation 3	PS3 Oyun	PS3 Oyun	16%	%1	%0.67	20
n11-1522	Video Oyun & Konsol	PlayStation 4	PS4 Aksesuar	PS4 Aksesuar	12%	%1	%0.67	20
n11-1523	Video Oyun & Konsol	PlayStation 4	PS4 Konsol	PS4 Konsol	5.5%	%1	%0.67	20
n11-1524	Video Oyun & Konsol	PlayStation 4	PS4 Oyun	PS4 Oyun	12%	%1	%0.67	20
n11-1525	Video Oyun & Konsol	PlayStation 5	Playstation 5 Aksesuarları	Playstation 5 Aksesuarları	12%	%1	%0.67	20
n11-1526	Video Oyun & Konsol	PlayStation 5	Playstation 5 Konsolları	Playstation 5 Konsolları	5.5%	%1	%0.67	20
n11-1527	Video Oyun & Konsol	PlayStation 5	Playstation 5 Oyunları	Playstation 5 Oyunları	12%	%1	%0.67	20
n11-1528	Video Oyun & Konsol	Xbox 360	Xbox 360 Aksesuar	Xbox 360 Aksesuar	15%	%1	%0.67	20
n11-1529	Video Oyun & Konsol	Xbox 360	Xbox 360 Konsol	Xbox 360 Konsol	5.5%	%1	%0.67	20
n11-1530	Video Oyun & Konsol	Xbox 360	Xbox 360 Oyun	Xbox 360 Oyun	15%	%1	%0.67	20
n11-1531	Video Oyun & Konsol	Xbox Series X & Series S	Series X&S Aksesuar	Series X&S Aksesuar	12%	%1	%0.67	20
n11-1532	Video Oyun & Konsol	Xbox Series X & Series S	Series X&S Konsol	Series X&S Konsol	5.5%	%1	%0.67	20
n11-1533	Video Oyun & Konsol	Xbox Series X & Series S	Series X&S Oyun	Series X&S Oyun	12%	%1	%0.67	20
n11-1534	Banyo & Ev Gereçleri	Banyo ve Aksesuarları	Banyo Askısı	Banyo Askısı	17%	%1	%0.67	22
n11-1535	Banyo & Ev Gereçleri	Banyo ve Aksesuarları	Banyo Setleri	Banyo Setleri	17%	%1	%0.67	22
n11-1536	Banyo & Ev Gereçleri	Banyo ve Aksesuarları	Diğer Banyo ve Aksesuarları	Diğer Banyo ve Aksesuarları	17%	%1	%0.67	22
n11-1537	Banyo & Ev Gereçleri	Banyo ve Aksesuarları	Diş Fırçalık	Diş Fırçalık	17%	%1	%0.67	22
n11-1538	Banyo & Ev Gereçleri	Banyo ve Aksesuarları	Ecza Dolabı	Ecza Dolabı	17%	%1	%0.67	22
n11-1539	Banyo & Ev Gereçleri	Banyo ve Aksesuarları	Havluluk	Havluluk	17%	%1	%0.67	22
n11-1540	Banyo & Ev Gereçleri	Banyo ve Aksesuarları	Pamukluk	Pamukluk	17%	%1	%0.67	22
n11-1541	Banyo & Ev Gereçleri	Banyo ve Aksesuarları	Sabunluk	Sabunluk	17%	%1	%0.67	22
n11-1542	Banyo & Ev Gereçleri	Banyo ve Aksesuarları	Tuvalet Fırçası	Tuvalet Fırçası	17%	%1	%0.67	22
n11-1543	Banyo & Ev Gereçleri	Banyo ve Aksesuarları	Tuvalet Kağıdı Standı	Tuvalet Kağıdı Standı	17%	%1	%0.67	22
n11-1544	Banyo & Ev Gereçleri	Banyo ve Aksesuarları	Duş Masaj Sistemleri	Duş Masaj Sistemleri	13.5%	%1	%0.67	22
n11-1545	Banyo & Ev Gereçleri	Banyo ve Aksesuarları	Duş Takımları	Duş Takımları	13.5%	%1	%0.67	22
n11-1546	Banyo & Ev Gereçleri	Banyo ve Aksesuarları	Duşakabinler	Duşakabinler	13.5%	%1	%0.67	22
n11-1547	Banyo & Ev Gereçleri	Banyo ve Aksesuarları	El Kurutma Cihazları	El Kurutma Cihazları	13.5%	%1	%0.67	22
n11-1548	Banyo & Ev Gereçleri	Banyo ve Aksesuarları	Klozet Kapakları	Klozet Kapakları	13.5%	%1	%0.67	22
n11-1549	Banyo & Ev Gereçleri	Banyo ve Aksesuarları	Kuvet, Tekne, Jakuzi	Kuvet, Tekne, Jakuzi	13.5%	%1	%0.67	22
n11-1550	Banyo & Ev Gereçleri	Banyo ve Aksesuarları	Lavabo & Eviyeler	Lavabo & Eviyeler	13.5%	%1	%0.67	22
n11-1551	Banyo & Ev Gereçleri	Banyo ve Aksesuarları	Spiraller	Spiraller	13.5%	%1	%0.67	22
n11-1552	Banyo & Ev Gereçleri	Banyo ve Aksesuarları	Vitrifiye Ürünler	Vitrifiye Ürünler	13.5%	%1	%0.67	22
n11-1553	Banyo & Ev Gereçleri	Banyo ve Aksesuarları	İç Takım ve Aksesuarlar	İç Takım ve Aksesuarlar	13.5%	%1	%0.67	22
n11-1554	Banyo & Ev Gereçleri	Banyo ve Aksesuarları	Bataryalar & Musluklar	Lavabo Musluğu	13.5%	%1	%0.67	22
n11-1555	Banyo & Ev Gereçleri	Banyo ve Aksesuarları	Bataryalar & Musluklar	Mutfak & Eviye Bataryası	13.5%	%1	%0.67	22
n11-1556	Banyo & Ev Gereçleri	Banyo ve Aksesuarları	Bataryalar & Musluklar	Ara Musluk	13.5%	%1	%0.67	22
n11-1557	Banyo & Ev Gereçleri	Banyo ve Aksesuarları	Bataryalar & Musluklar	Banyo ve Duş Bataryası	13.5%	%1	%0.67	22
n11-1558	Banyo & Ev Gereçleri	Banyo ve Aksesuarları	Bataryalar & Musluklar	Fotoselli Batarya	13.5%	%1	%0.67	22
n11-1559	Banyo & Ev Gereçleri	Banyo ve Aksesuarları	Bataryalar & Musluklar	Lavabo Bataryası	13.5%	%1	%0.67	22
n11-1560	Banyo & Ev Gereçleri	Banyo ve Aksesuarları	Bataryalar & Musluklar	Batarya Seti	13.5%	%1	%0.67	22
n11-1561	Banyo & Ev Gereçleri	Banyo ve Aksesuarları	Bataryalar & Musluklar	Musluk Başlığı	13.5%	%1	%0.67	22
n11-1562	Banyo & Ev Gereçleri	Düzenleyiciler&Saklama Üniteleri	Çamaşır Sepeti	Çamaşır Sepeti	20%	%1	%0.67	24
n11-1563	Banyo & Ev Gereçleri	Düzenleyiciler&Saklama Üniteleri	Organizerlar	Mutfak Düzenleyicileri	20%	%1	%0.67	24
n11-1564	Banyo & Ev Gereçleri	Düzenleyiciler&Saklama Üniteleri	Organizerlar	Banyo Düzenleyicileri	20%	%1	%0.67	24
n11-1565	Banyo & Ev Gereçleri	Düzenleyiciler&Saklama Üniteleri	Organizerlar	Dolapiçi Düzenleyiciler	20%	%1	%0.67	24
n11-1566	Banyo & Ev Gereçleri	Düzenleyiciler&Saklama Üniteleri	Organizerlar	Takı&Makyaj Düzenleyicileri	20%	%1	%0.67	24
n11-1567	Banyo & Ev Gereçleri	Düzenleyiciler&Saklama Üniteleri	Organizerlar	Çok Amaçlı Düzenleyiciler	20%	%1	%0.67	24
n11-1568	Banyo & Ev Gereçleri	Düzenleyiciler&Saklama Üniteleri	Hurç	Hurç	20%	%1	%0.67	24
n11-1569	Banyo & Ev Gereçleri	Düzenleyiciler&Saklama Üniteleri	Vakumlu Torba	Vakumlu Torba	20%	%1	%0.67	24
n11-1570	Banyo & Ev Gereçleri	Düzenleyiciler&Saklama Üniteleri	Askı	Askı	20%	%1	%0.67	24
n11-1571	Banyo & Ev Gereçleri	Düzenleyiciler&Saklama Üniteleri	Sepet	Sepet	20%	%1	%0.67	24
n11-1572	Banyo & Ev Gereçleri	Düzenleyiciler&Saklama Üniteleri	Kutu	Kutu	20%	%1	%0.67	24
n11-1573	Banyo & Ev Gereçleri	Ev Gereçleri & Düzenleme	Pratik Ev Gereçleri	Pratik Ev Gereçleri	20%	%1	%0.67	24
n11-1574	Banyo & Ev Gereçleri	Ev Gereçleri & Düzenleme	Çamaşır Kurutma Askısı	Çamaşır Kurutma Askısı	20%	%1	%0.67	24
n11-1575	Banyo & Ev Gereçleri	Ev Gereçleri & Düzenleme	Çöp Kovası	Çöp Kovası	20%	%1	%0.67	24
n11-1576	Banyo & Ev Gereçleri	Ev Gereçleri & Düzenleme	Ütü Masası & Aksesuarları	Ütü Masası & Aksesuarları	20%	%1	%0.67	24
n11-1577	Banyo & Ev Gereçleri	Ev Gereçleri & Düzenleme	Tüy Temizleyiciler & Toplayıcılar	Tüy Temizleyiciler & Toplayıcılar	20%	%1	%0.67	24
n11-1578	Banyo & Ev Gereçleri	Ev Gereçleri & Düzenleme	Gırgır	Gırgır	20%	%1	%0.67	24
n11-1579	Banyo & Ev Gereçleri	Ev Gereçleri & Düzenleme	Kalorifer Aksesuarları	Kalorifer Aksesuarları	20%	%1	%0.67	24
n11-1580	Banyo & Ev Gereçleri	Ev Gereçleri & Düzenleme	Cam Silme Aparatı	Cam Silme Aparatı	20%	%1	%0.67	24
n11-1581	Banyo & Ev Gereçleri	Ev Gereçleri & Düzenleme	Çamaşır Filesi	Çamaşır Filesi	20%	%1	%0.67	24
n11-1582	Dekorasyon & Aydınlatma	Aydınlatma	Abajur	Abajur Şapkası	23%	%1	%0.67	24
n11-1583	Dekorasyon & Aydınlatma	Aydınlatma	Abajur	Abajurlar	23%	%1	%0.67	24
n11-1584	Dekorasyon & Aydınlatma	Aydınlatma	Abajur	Abajur Ayağı	23%	%1	%0.67	24
n11-1585	Dekorasyon & Aydınlatma	Aydınlatma	Ampul	LED Ampul	17%	%1	%0.67	22
n11-1586	Dekorasyon & Aydınlatma	Aydınlatma	Ampul	Floresan Lamba	17%	%1	%0.67	22
n11-1587	Dekorasyon & Aydınlatma	Aydınlatma	Ampul	Halojen Ampul	17%	%1	%0.67	22
n11-1588	Dekorasyon & Aydınlatma	Aydınlatma	Ampul	Rustik Ampul	17%	%1	%0.67	22
n11-1589	Dekorasyon & Aydınlatma	Aydınlatma	Aplik	Aplik	23%	%1	%0.67	24
n11-1590	Dekorasyon & Aydınlatma	Aydınlatma	Armatür	Armatür	21%	%1	%0.67	22
n11-1591	Dekorasyon & Aydınlatma	Aydınlatma	Avize & Sarkıt	Avize & Sarkıt	23%	%1	%0.67	24
n11-1592	Dekorasyon & Aydınlatma	Aydınlatma	Dekoratif Led Işık	Dekoratif Led Işık	23%	%1	%0.67	24
n11-1593	Dekorasyon & Aydınlatma	Aydınlatma	Gece Lambası	Gece Lambası	21%	%1	%0.67	22
n11-1594	Dekorasyon & Aydınlatma	Aydınlatma	Lambader & Köşe Aydınlatmaları	Lambader & Köşe Aydınlatmaları	23%	%1	%0.67	24
n11-1595	Dekorasyon & Aydınlatma	Aydınlatma	Led Aydınlatmalar	Led Aydınlatmalar	21%	%1	%0.67	22
n11-1596	Dekorasyon & Aydınlatma	Aydınlatma	Masa Lambası	Masa Lambası	23%	%1	%0.67	24
n11-1597	Dekorasyon & Aydınlatma	Aydınlatma	Spot Lamba	Spot Lamba	21%	%1	%0.67	22
n11-1598	Dekorasyon & Aydınlatma	Aydınlatma	Tuz Lamba	Tuz Lamba	21%	%1	%0.67	22
n11-1599	Dekorasyon & Aydınlatma	Aydınlatma	Bebek ve Çocuk Odası Aydınlatmaları	Abajur	23%	%1	%0.67	24
n11-1600	Dekorasyon & Aydınlatma	Aydınlatma	Bebek ve Çocuk Odası Aydınlatmaları	Sarkıt	23%	%1	%0.67	24
n11-1601	Dekorasyon & Aydınlatma	Aydınlatma	Bahçe Aydınlatma	Bahçe Direkleri	21%	%1	%0.67	22
n11-1602	Dekorasyon & Aydınlatma	Aydınlatma	Bahçe Aydınlatma	Bahçe Aplikleri	21%	%1	%0.67	22
n11-1603	Dekorasyon & Aydınlatma	Aydınlatma	Bahçe Aydınlatma	Bahçe Fenerleri	21%	%1	%0.67	22
n11-1604	Dekorasyon & Aydınlatma	Aydınlatma	Bahçe Aydınlatma	Bahçe Yol Aydınlatmaları	21%	%1	%0.67	22
n11-1605	Dekorasyon & Aydınlatma	Aydınlatma	Bahçe Aydınlatma	Bahçe Set Üstü Aydınlatmalar	21%	%1	%0.67	22
n11-1606	Dekorasyon & Aydınlatma	Ayna	Boy Aynası	Boy Aynası	23%	%1	%0.67	24
n11-1607	Dekorasyon & Aydınlatma	Ayna	Dekoratif Ayna	Dekoratif Ayna	23%	%1	%0.67	24
n11-1608	Dekorasyon & Aydınlatma	Duvar Kağıdı	Duvar Kağıtları	Duvar Kağıtları	23%	%1	%0.67	24
n11-1609	Dekorasyon & Aydınlatma	Duvar Kağıdı	Duvar Kaplama	Duvar Kaplama	23%	%1	%0.67	24
n11-1610	Dekorasyon & Aydınlatma	Duvar Kağıdı	Yapışkanlı Folyo	Yapışkanlı Folyo	23%	%1	%0.67	24
n11-1611	Dekorasyon & Aydınlatma	Duvar Kağıdı	Çocuk Odası Duvar Kağıtları	Çocuk Odası Duvar Kağıtları	23%	%1	%0.67	24
n11-1612	Dekorasyon & Aydınlatma	Duvar Örtüsü	Duvar Örtüsü	Duvar Örtüsü	23%	%1	%0.67	24
n11-1613	Dekorasyon & Aydınlatma	Duvar Sticker	Banyo Sticker	Banyo Sticker	23%	%1	%0.67	24
n11-1614	Dekorasyon & Aydınlatma	Duvar Sticker	Beyaz Eşya Sticker	Beyaz Eşya Sticker	23%	%1	%0.67	24
n11-1615	Dekorasyon & Aydınlatma	Duvar Sticker	Duvar Stickerları	Duvar Stickerları	23%	%1	%0.67	24
n11-1616	Dekorasyon & Aydınlatma	Duvar Sticker	Mobilya Sticker	Mobilya Sticker	23%	%1	%0.67	24
n11-1617	Dekorasyon & Aydınlatma	Duvar Sticker	Priz Sticker	Priz Sticker	23%	%1	%0.67	24
n11-1618	Dekorasyon & Aydınlatma	Duvar Sticker	Çocuk Odası Sticker	Çocuk Odası Sticker	23%	%1	%0.67	24
n11-1619	Dekorasyon & Aydınlatma	Ev & Dekoratif Aksesuarlar	Biblo	Biblo	23%	%1	%0.67	24
n11-1620	Dekorasyon & Aydınlatma	Ev & Dekoratif Aksesuarlar	Dekoratif Objeler	Dekoratif Objeler	23%	%1	%0.67	24
n11-1621	Dekorasyon & Aydınlatma	Ev & Dekoratif Aksesuarlar	Gazetelik	Gazetelik	23%	%1	%0.67	24
n11-1622	Dekorasyon & Aydınlatma	Ev & Dekoratif Aksesuarlar	Keyif Tepsisi	Keyif Tepsisi	23%	%1	%0.67	24
n11-1623	Dekorasyon & Aydınlatma	Ev & Dekoratif Aksesuarlar	Kitap Tutucu	Kitap Tutucu	23%	%1	%0.67	24
n11-1624	Dekorasyon & Aydınlatma	Ev & Dekoratif Aksesuarlar	Kutular	Kutular	23%	%1	%0.67	24
n11-1625	Dekorasyon & Aydınlatma	Ev & Dekoratif Aksesuarlar	Küllük	Küllük	23%	%1	%0.67	24
n11-1626	Dekorasyon & Aydınlatma	Ev & Dekoratif Aksesuarlar	Mum, Mumluk & Şamdan	Mum	23%	%1	%0.67	24
n11-1627	Dekorasyon & Aydınlatma	Ev & Dekoratif Aksesuarlar	Mum, Mumluk & Şamdan	Mumluk & Şamdan	23%	%1	%0.67	24
n11-1628	Dekorasyon & Aydınlatma	Ev & Dekoratif Aksesuarlar	Takı Askılığı	Takı Askılığı	23%	%1	%0.67	24
n11-1629	Dekorasyon & Aydınlatma	Ev & Dekoratif Aksesuarlar	Vazo	Vazo	23%	%1	%0.67	24
n11-1630	Dekorasyon & Aydınlatma	Ev & Dekoratif Aksesuarlar	Yapay Çiçek & Kuru Çiçek	Yapay Çiçek & Kuru Çiçek	23%	%1	%0.67	24
n11-1631	Dekorasyon & Aydınlatma	Ev & Dekoratif Aksesuarlar	Çerçeve	Çerçeve	23%	%1	%0.67	24
n11-1632	Dekorasyon & Aydınlatma	Ev & Dekoratif Aksesuarlar	Şaraplık	Şaraplık	23%	%1	%0.67	24
n11-1633	Dekorasyon & Aydınlatma	Ev & Dekoratif Aksesuarlar	Meyvelik	Meyvelik	23%	%1	%0.67	24
n11-1634	Dekorasyon & Aydınlatma	Ev & Dekoratif Aksesuarlar	Şekerlik	Şekerlik	23%	%1	%0.67	24
n11-1635	Dekorasyon & Aydınlatma	Ev & Dekoratif Aksesuarlar	Gondol	Gondol	23%	%1	%0.67	24
n11-1636	Dekorasyon & Aydınlatma	Ev & Dekoratif Aksesuarlar	Dekoratif Tabak	Dekoratif Tabak	23%	%1	%0.67	24
n11-1637	Dekorasyon & Aydınlatma	Ev & Dekoratif Aksesuarlar	Dekoratif Kase	Dekoratif Kase	23%	%1	%0.67	24
n11-1638	Dekorasyon & Aydınlatma	Ev & Dekoratif Aksesuarlar	Yılbaşı Süs ve Aksesuarları	Yılbaşı Çam Ağacı	23%	%1	%0.67	24
n11-1639	Dekorasyon & Aydınlatma	Ev & Dekoratif Aksesuarlar	Yılbaşı Süs ve Aksesuarları	Yılbaşı Süsleri	23%	%1	%0.67	24
n11-1640	Dekorasyon & Aydınlatma	Ev & Dekoratif Aksesuarlar	Tütsü ve Tütsülükler	Tütsü ve Tütsülükler	10%	%1	%0.67	24
n11-1641	Dekorasyon & Aydınlatma	Hediyelik Eşya	Hediyelik Eşya	Hediyelik Eşya	23%	%1	%0.67	24
n11-1642	Dekorasyon & Aydınlatma	Paravan & Seperatör	Paravan	Paravan	23%	%1	%0.67	24
n11-1643	Dekorasyon & Aydınlatma	Paravan & Seperatör	Seperatör	Seperatör	23%	%1	%0.67	24
n11-1644	Dekorasyon & Aydınlatma	Saat	Ayna Saat	Ayna Saat	23%	%1	%0.67	24
n11-1645	Dekorasyon & Aydınlatma	Saat	Duvar Saati	Duvar Saati	23%	%1	%0.67	24
n11-1646	Dekorasyon & Aydınlatma	Saat	Tablo Saatler	Tablo Saatler	23%	%1	%0.67	24
n11-1647	Dekorasyon & Aydınlatma	Saat	Masa Saati	Masa Saati	23%	%1	%0.67	24
n11-1648	Dekorasyon & Aydınlatma	Saat	Sarkaçlı Saat	Sarkaçlı Saat	23%	%1	%0.67	24
n11-1649	Dekorasyon & Aydınlatma	Saat	Sticker Saat	Sticker Saat	23%	%1	%0.67	24
n11-1650	Dekorasyon & Aydınlatma	Tablo	Ahşap Tablo	Ahşap Tablo	23%	%1	%0.67	24
n11-1651	Dekorasyon & Aydınlatma	Tablo	Doğal Taş Tablo	Doğal Taş Tablo	23%	%1	%0.67	24
n11-1652	Dekorasyon & Aydınlatma	Tablo	Goblen Tablo	Goblen Tablo	23%	%1	%0.67	24
n11-1653	Dekorasyon & Aydınlatma	Tablo	Kanvas Tablo	Kanvas Tablo	23%	%1	%0.67	24
n11-1654	Dekorasyon & Aydınlatma	Tablo	Ledli Tablo	Ledli Tablo	23%	%1	%0.67	24
n11-1655	Dekorasyon & Aydınlatma	Tablo	Posterler	Posterler	23%	%1	%0.67	24
n11-1656	Dekorasyon & Aydınlatma	Tablo	Yağlı Boya Tablo	Yağlı Boya Tablo	23%	%1	%0.67	24
n11-1657	Dekorasyon & Aydınlatma	Tablo	Metal Tablo	Metal Tablo	23%	%1	%0.67	24
n11-1658	Dekorasyon & Aydınlatma	Tablo	Cam Tablo	Cam Tablo	23%	%1	%0.67	24
n11-1659	Ev Tekstili	Banyo Tekstili	Banyo Halısı & Paspas	Banyo Halısı & Paspas	20%	%1	%0.67	24
n11-1660	Ev Tekstili	Banyo Tekstili	Banyo Kaydırmazlar	Banyo Kaydırmazlar	20%	%1	%0.67	24
n11-1661	Ev Tekstili	Banyo Tekstili	Bornoz ve Setleri	Bornoz	20%	%1	%0.67	24
n11-1662	Ev Tekstili	Banyo Tekstili	Bornoz ve Setleri	Bornoz Seti	20%	%1	%0.67	24
n11-1663	Ev Tekstili	Banyo Tekstili	Duş Perdesi	Duş Perdesi	20%	%1	%0.67	24
n11-1664	Ev Tekstili	Banyo Tekstili	Havlu ve Setleri	Havlu Seti	20%	%1	%0.67	24
n11-1665	Ev Tekstili	Banyo Tekstili	Havlu ve Setleri	Ayak Havlusu	20%	%1	%0.67	24
n11-1666	Ev Tekstili	Banyo Tekstili	Havlu ve Setleri	Yüz Havlusu	20%	%1	%0.67	24
n11-1667	Ev Tekstili	Banyo Tekstili	Havlu ve Setleri	El Havlusu	20%	%1	%0.67	24
n11-1668	Ev Tekstili	Banyo Tekstili	Havlu ve Setleri	Banyo Havlusu	20%	%1	%0.67	24
n11-1669	Ev Tekstili	Banyo Tekstili	Havlu ve Setleri	Plaj Havlusu	20%	%1	%0.67	24
n11-1670	Ev Tekstili	Banyo Tekstili	Peştamal	Peştamal	20%	%1	%0.67	24
n11-1671	Ev Tekstili	Halı & Kilim	Kilim	Kilim	20%	%1	%0.67	24
n11-1672	Ev Tekstili	Halı & Kilim	Paspas	Paspas	20%	%1	%0.67	24
n11-1673	Ev Tekstili	Halı & Kilim	Seccade	Seccade	20%	%1	%0.67	24
n11-1674	Ev Tekstili	Halı & Kilim	Yolluk	Yolluk	20%	%1	%0.67	24
n11-1675	Ev Tekstili	Halı & Kilim	Çocuk Odası Halısı	Çocuk Odası Halısı	20%	%1	%0.67	24
n11-1676	Ev Tekstili	Halı & Kilim	Halı Örtüsü	Halı Örtüsü	20%	%1	%0.67	24
n11-1677	Ev Tekstili	Halı & Kilim	Halı	Makine Halısı	20%	%1	%0.67	24
n11-1678	Ev Tekstili	Halı & Kilim	Halı	Deri Halı	20%	%1	%0.67	24
n11-1679	Ev Tekstili	Halı & Kilim	Halı	Dijital Baskı Halı	20%	%1	%0.67	24
n11-1680	Ev Tekstili	Halı & Kilim	Halı	El Dokuma/Yün Halı	20%	%1	%0.67	24
n11-1681	Ev Tekstili	Halı & Kilim	Halı	Peluş & Post Halı	20%	%1	%0.67	24
n11-1682	Ev Tekstili	Halı & Kilim	Halı	Jüt/Hasır Halı	20%	%1	%0.67	24
n11-1683	Ev Tekstili	Halı & Kilim	Halı	Patchwork Halı	20%	%1	%0.67	24
n11-1684	Ev Tekstili	Halı & Kilim	Halı	Shaggy	20%	%1	%0.67	24
n11-1685	Ev Tekstili	Halı & Kilim	Halı	Halıflex	20%	%1	%0.67	24
n11-1686	Ev Tekstili	Halı & Kilim	Mutfak Halısı	Mutfak Halısı	20%	%1	%0.67	24
n11-1687	Ev Tekstili	Halı & Kilim	Halı Kaydırmazı	Halı Kaydırmazı	20%	%1	%0.67	24
n11-1688	Ev Tekstili	Mutfak Tekstili	Amerikan Servis	Amerikan Servis	20%	%1	%0.67	24
n11-1689	Ev Tekstili	Mutfak Tekstili	Kurulama Bezi	Kurulama Bezi	20%	%1	%0.67	24
n11-1690	Ev Tekstili	Mutfak Tekstili	Masa Örtüsü	Masa Örtüsü	20%	%1	%0.67	24
n11-1691	Ev Tekstili	Mutfak Tekstili	Mutfak Havlusu	Mutfak Havlusu	20%	%1	%0.67	24
n11-1692	Ev Tekstili	Mutfak Tekstili	Peçete	Peçete	20%	%1	%0.67	24
n11-1693	Ev Tekstili	Mutfak Tekstili	Önlük & Eldiven	Önlük & Eldiven	20%	%1	%0.67	24
n11-1694	Ev Tekstili	Perde ve Aksesuarları	Kumaş	Kumaş	20%	%1	%0.67	24
n11-1695	Ev Tekstili	Perde ve Aksesuarları	Fon Perde	Fon Perde	20%	%1	%0.67	24
n11-1696	Ev Tekstili	Perde ve Aksesuarları	Güneşlik	Güneşlik	20%	%1	%0.67	24
n11-1697	Ev Tekstili	Perde ve Aksesuarları	Jaluzi Perde	Jaluzi Perde	20%	%1	%0.67	24
n11-1698	Ev Tekstili	Perde ve Aksesuarları	Perde Aksesuarları	Perde Aksesuarları	20%	%1	%0.67	24
n11-1699	Ev Tekstili	Perde ve Aksesuarları	Stor Perde	Stor Perde	20%	%1	%0.67	24
n11-1700	Ev Tekstili	Perde ve Aksesuarları	Tül Perde	Tül Perde	20%	%1	%0.67	24
n11-1701	Ev Tekstili	Perde ve Aksesuarları	Zebra Perde	Zebra Perde	20%	%1	%0.67	24
n11-1702	Ev Tekstili	Perde ve Aksesuarları	Çocuk Perdesi	Çocuk Perdesi	20%	%1	%0.67	24
n11-1703	Ev Tekstili	Salon Tekstili	Koltuk Örtüsü & Şalı	Koltuk Örtüsü & Şalı	20%	%1	%0.67	24
n11-1704	Ev Tekstili	Salon Tekstili	Runner	Runner	20%	%1	%0.67	24
n11-1705	Ev Tekstili	Salon Tekstili	Yastık & Kırlent	Yastık & Kırlent	20%	%1	%0.67	24
n11-1706	Ev Tekstili	Salon Tekstili	Salon Takımı	Salon Takımı	20%	%1	%0.67	24
n11-1707	Ev Tekstili	Yatak Odası Tekstili	Battaniye	Tek Kişilik Battaniye	20%	%1	%0.67	24
n11-1708	Ev Tekstili	Yatak Odası Tekstili	Battaniye	Çift Kişilik Battaniye	20%	%1	%0.67	24
n11-1709	Ev Tekstili	Yatak Odası Tekstili	Battaniye	Elektrikli Battaniye	20%	%1	%0.67	24
n11-1710	Ev Tekstili	Yatak Odası Tekstili	Nevresim Takımı	Tek Kişilik Nevresim Takımı	20%	%1	%0.67	24
n11-1711	Ev Tekstili	Yatak Odası Tekstili	Nevresim Takımı	Çift Kişilik Nevresim Takımı	20%	%1	%0.67	24
n11-1712	Ev Tekstili	Yatak Odası Tekstili	Pike ve Takımı	Çift Kişilik Pike Takımı	20%	%1	%0.67	24
n11-1713	Ev Tekstili	Yatak Odası Tekstili	Pike ve Takımı	Tek Kişilik Pike	20%	%1	%0.67	24
n11-1714	Ev Tekstili	Yatak Odası Tekstili	Pike ve Takımı	Tek Kişilik Pike Takımı	20%	%1	%0.67	24
n11-1715	Ev Tekstili	Yatak Odası Tekstili	Pike ve Takımı	Çift Kişilik Pike	20%	%1	%0.67	24
n11-1716	Ev Tekstili	Yatak Odası Tekstili	Uyku Seti	Çift Kişilik Uyku Seti	20%	%1	%0.67	24
n11-1717	Ev Tekstili	Yatak Odası Tekstili	Uyku Seti	Tek Kişilik Uyku Seti	20%	%1	%0.67	24
n11-1718	Ev Tekstili	Yatak Odası Tekstili	Yastık Kılıfı & Alez	Yastık Kılıfı	20%	%1	%0.67	24
n11-1719	Ev Tekstili	Yatak Odası Tekstili	Yastık Kılıfı & Alez	Tek Kişilik Alez	20%	%1	%0.67	24
n11-1720	Ev Tekstili	Yatak Odası Tekstili	Yastık Kılıfı & Alez	Çift Kişilik Alez	20%	%1	%0.67	24
n11-1721	Ev Tekstili	Yatak Odası Tekstili	Yatak Örtüsü	Çift Kişilik Yatak Örtüsü	20%	%1	%0.67	24
n11-1722	Ev Tekstili	Yatak Odası Tekstili	Yatak Örtüsü	Battal Boy Yatak Örtüsü	20%	%1	%0.67	24
n11-1723	Ev Tekstili	Yatak Odası Tekstili	Yatak Örtüsü	Tek Kişilik Yatak Örtüsü	20%	%1	%0.67	24
n11-1724	Ev Tekstili	Yatak Odası Tekstili	Yorgan	Tek Kişilik Yorgan	20%	%1	%0.67	24
n11-1725	Ev Tekstili	Yatak Odası Tekstili	Yorgan	Çift Kişilik Yorgan	20%	%1	%0.67	24
n11-1726	Ev Tekstili	Yatak Odası Tekstili	Çarşaf	Çift Kişilik Çarşaf	20%	%1	%0.67	24
n11-1727	Ev Tekstili	Yatak Odası Tekstili	Çarşaf	Tek Kişilik Çarşaf	20%	%1	%0.67	24
n11-1728	Ev Tekstili	Yatak Odası Tekstili	Çarşaf	Battal Boy Çarşaf	20%	%1	%0.67	24
n11-1729	Ev Tekstili	Yatak Odası Tekstili	Çeyiz Seti	Çeyiz Seti	20%	%1	%0.67	24
n11-1730	Ev Tekstili	Yatak Odası Tekstili	Yastık	Pamuk Yastık	20%	%1	%0.67	24
n11-1731	Ev Tekstili	Yatak Odası Tekstili	Yastık	Silikon Yastık	20%	%1	%0.67	24
n11-1732	Ev Tekstili	Yatak Odası Tekstili	Yastık	Yün Yastık	20%	%1	%0.67	24
n11-1733	Ev Tekstili	Yatak Odası Tekstili	Yastık	Visco Yastık	20%	%1	%0.67	24
n11-1734	Ev Tekstili	Yatak Odası Tekstili	Yastık	Ortopedik Yastık	20%	%1	%0.67	24
n11-1735	Ev Tekstili	Yatak Odası Tekstili	Yastık	Organik Yastık	20%	%1	%0.67	24
n11-1736	Ev Tekstili	Yatak Odası Tekstili	Yastık	Kaz Tüyü Yastık	20%	%1	%0.67	24
n11-1737	Ev Tekstili	Yatak Odası Tekstili	Yastık	Yastık Diğer	20%	%1	%0.67	24
n11-1738	Ev Tekstili	Yatak Odası Tekstili	Yastık	Lateks Yastık	20%	%1	%0.67	24
n11-1739	Ev Tekstili	Yatak Odası Tekstili	Yastık	Elyaf Yastık	20%	%1	%0.67	24
n11-1740	Evcil Hayvan Ürünleri	Balık	Akvaryum & Fanus	Akvaryum	18%	%1	%0.67	24
n11-1741	Evcil Hayvan Ürünleri	Balık	Akvaryum & Fanus	Fanus	18%	%1	%0.67	24
n11-1742	Evcil Hayvan Ürünleri	Balık	Ekipman & Aksesuarlar	Deniz Kabuğu	18%	%1	%0.67	24
n11-1743	Evcil Hayvan Ürünleri	Balık	Ekipman & Aksesuarlar	Balık Ekipman & Aksesuarlar Diğer	18%	%1	%0.67	24
n11-1744	Evcil Hayvan Ürünleri	Balık	Ekipman & Aksesuarlar	Canlı Bitkiler	18%	%1	%0.67	24
n11-1745	Evcil Hayvan Ürünleri	Balık	Ekipman & Aksesuarlar	Ağaç Dalı & Kök	18%	%1	%0.67	24
n11-1746	Evcil Hayvan Ürünleri	Balık	Ekipman & Aksesuarlar	Kaya & Cam	18%	%1	%0.67	24
n11-1747	Evcil Hayvan Ürünleri	Balık	Ekipman & Aksesuarlar	Ölçek, Regulatörler	18%	%1	%0.67	24
n11-1748	Evcil Hayvan Ürünleri	Balık	Ekipman & Aksesuarlar	Yapay Bitki	18%	%1	%0.67	24
n11-1749	Evcil Hayvan Ürünleri	Balık	Ekipman & Aksesuarlar	Süs	18%	%1	%0.67	24
n11-1750	Evcil Hayvan Ürünleri	Balık	Ekipman & Aksesuarlar	Kum & Taş	18%	%1	%0.67	24
n11-1751	Evcil Hayvan Ürünleri	Balık	Ekipman & Aksesuarlar	Yemleme Makinesi	18%	%1	%0.67	24
n11-1752	Evcil Hayvan Ürünleri	Balık	Ekipman & Aksesuarlar	Arka Fonlar	18%	%1	%0.67	24
n11-1753	Evcil Hayvan Ürünleri	Balık	Ekipman & Aksesuarlar	Termometre	18%	%1	%0.67	24
n11-1754	Evcil Hayvan Ürünleri	Balık	Ekipman & Aksesuarlar	Dekorlar	18%	%1	%0.67	24
n11-1755	Evcil Hayvan Ürünleri	Balık	Ekipman & Aksesuarlar	Yavruluk	18%	%1	%0.67	24
n11-1756	Evcil Hayvan Ürünleri	Balık	Ekipman & Aksesuarlar	Bitki Ekipmanları	18%	%1	%0.67	24
n11-1757	Evcil Hayvan Ürünleri	Balık	Bakım & Temizlik	Bakım & Temizlik	18%	%1	%0.67	24
n11-1758	Evcil Hayvan Ürünleri	Balık	Balık Yemi	Balık Yemi Diğer	15%	%1	%0.67	24
n11-1759	Evcil Hayvan Ürünleri	Balık	Balık Yemi	Canlı Yemler	15%	%1	%0.67	24
n11-1760	Evcil Hayvan Ürünleri	Balık	Balık Yemi	Japon Yemleri	15%	%1	%0.67	24
n11-1761	Evcil Hayvan Ürünleri	Balık	Balık Yemi	Pul Yemler	15%	%1	%0.67	24
n11-1762	Evcil Hayvan Ürünleri	Balık	Balık Yemi	Tablet & Cips Yemler	15%	%1	%0.67	24
n11-1763	Evcil Hayvan Ürünleri	Balık	Balık Yemi	Tatil Yemleri	15%	%1	%0.67	24
n11-1764	Evcil Hayvan Ürünleri	Balık	Balık Yemi	Tropikal Balık Yemleri	15%	%1	%0.67	24
n11-1765	Evcil Hayvan Ürünleri	Balık	Balık Yemi	Tuzlu Su Yemleri	15%	%1	%0.67	24
n11-1766	Evcil Hayvan Ürünleri	Balık	Balık Yemi	Havuz Yemleri	15%	%1	%0.67	24
n11-1767	Evcil Hayvan Ürünleri	Balık	Balık Yemi	Deniz Yemleri	15%	%1	%0.67	24
n11-1768	Evcil Hayvan Ürünleri	Balık	Balık Yemi	Discus Yemleri	15%	%1	%0.67	24
n11-1769	Evcil Hayvan Ürünleri	Balık	Balık Yemi	Cichlid Yemleri	15%	%1	%0.67	24
n11-1770	Evcil Hayvan Ürünleri	Balık	Balık Yemi	Yavru Yemleri	15%	%1	%0.67	24
n11-1771	Evcil Hayvan Ürünleri	Balık	Balık Yemi	Sıvı Yemler	15%	%1	%0.67	24
n11-1772	Evcil Hayvan Ürünleri	Balık	Balık Yemi	Kurutulmuş Canlı Yem	15%	%1	%0.67	24
n11-1773	Evcil Hayvan Ürünleri	Balık	Filtre, Bakım, Temizlik	İç Filtre	18%	%1	%0.67	24
n11-1774	Evcil Hayvan Ürünleri	Balık	Filtre, Bakım, Temizlik	Derece	18%	%1	%0.67	24
n11-1775	Evcil Hayvan Ürünleri	Balık	Filtre, Bakım, Temizlik	Dış Filtre	18%	%1	%0.67	24
n11-1776	Evcil Hayvan Ürünleri	Balık	Filtre, Bakım, Temizlik	Hava Motoru	18%	%1	%0.67	24
n11-1777	Evcil Hayvan Ürünleri	Balık	Filtre, Bakım, Temizlik	Kafa Motoru	18%	%1	%0.67	24
n11-1778	Evcil Hayvan Ürünleri	Balık	Filtre, Bakım, Temizlik	Ultravioleler	18%	%1	%0.67	24
n11-1779	Evcil Hayvan Ürünleri	Balık	Filtre, Bakım, Temizlik	Süzgeç & Kepçe	18%	%1	%0.67	24
n11-1780	Evcil Hayvan Ürünleri	Balık	Filtre, Bakım, Temizlik	Şelale Filtre	18%	%1	%0.67	24
n11-1781	Evcil Hayvan Ürünleri	Balık	Filtre, Bakım, Temizlik	Tepe Filtresi	18%	%1	%0.67	24
n11-1782	Evcil Hayvan Ürünleri	Balık	Filtre, Bakım, Temizlik	Hava Taşı	18%	%1	%0.67	24
n11-1783	Evcil Hayvan Ürünleri	Balık	Filtre, Bakım, Temizlik	Dip Süpürgesi	18%	%1	%0.67	24
n11-1784	Evcil Hayvan Ürünleri	Balık	Filtre, Bakım, Temizlik	Cam Silecekleri	18%	%1	%0.67	24
n11-1785	Evcil Hayvan Ürünleri	Balık	Filtre, Bakım, Temizlik	Hava Hortumları	18%	%1	%0.67	24
n11-1786	Evcil Hayvan Ürünleri	Balık	Filtre, Bakım, Temizlik	Hava Vanaları	18%	%1	%0.67	24
n11-1787	Evcil Hayvan Ürünleri	Balık	Filtre, Bakım, Temizlik	Vantuz	18%	%1	%0.67	24
n11-1788	Evcil Hayvan Ürünleri	Balık	Filtre, Bakım, Temizlik	Dalga Motoru	18%	%1	%0.67	24
n11-1789	Evcil Hayvan Ürünleri	Balık	Aydınlatma	UV Lamba	18%	%1	%0.67	24
n11-1790	Evcil Hayvan Ürünleri	Balık	Aydınlatma	Su İçi Lamba	18%	%1	%0.67	24
n11-1791	Evcil Hayvan Ürünleri	Balık	Aydınlatma	Kapak Armatür	18%	%1	%0.67	24
n11-1792	Evcil Hayvan Ürünleri	Balık	Isıtma & Soğutma	Isıtma	18%	%1	%0.67	24
n11-1793	Evcil Hayvan Ürünleri	Balık	Isıtma & Soğutma	Soğutma	18%	%1	%0.67	24
n11-1794	Evcil Hayvan Ürünleri	Balık	Vitamin & Mineral	Vitamin & Mineral	18%	%1	%0.67	24
n11-1795	Evcil Hayvan Ürünleri	Balık	Filtre Malzemeleri	Bakteri Kültürü	18%	%1	%0.67	24
n11-1796	Evcil Hayvan Ürünleri	Balık	Filtre Malzemeleri	Karbon Kömür	18%	%1	%0.67	24
n11-1797	Evcil Hayvan Ürünleri	Balık	Filtre Malzemeleri	Peat Torf	18%	%1	%0.67	24
n11-1798	Evcil Hayvan Ürünleri	Balık	Filtre Malzemeleri	Seramik	18%	%1	%0.67	24
n11-1799	Evcil Hayvan Ürünleri	Balık	Filtre Malzemeleri	Zeolit	18%	%1	%0.67	24
n11-1800	Evcil Hayvan Ürünleri	Balık	Filtre Malzemeleri	Elyaf & Sünger	18%	%1	%0.67	24
n11-1801	Evcil Hayvan Ürünleri	Balık	Filtre Malzemeleri	Testler	18%	%1	%0.67	24
n11-1802	Evcil Hayvan Ürünleri	Balık	Filtre Malzemeleri	Bioball	18%	%1	%0.67	24
n11-1803	Evcil Hayvan Ürünleri	Hizmetler	Kuaför	Kuaför	18%	%1	%0.67	24
n11-1804	Evcil Hayvan Ürünleri	Hizmetler	Köpek Gezdirme	Köpek Gezdirme	18%	%1	%0.67	24
n11-1805	Evcil Hayvan Ürünleri	Hizmetler	Köpek Eğitimi	Köpek Eğitimi	18%	%1	%0.67	24
n11-1806	Evcil Hayvan Ürünleri	Hizmetler	Bağış Mamaları	Bağış Mamaları	18%	%1	%0.67	24
n11-1807	Evcil Hayvan Ürünleri	Kedi	Kedi Kıyafeti	Kedi Kıyafeti	18%	%1	%0.67	24
n11-1808	Evcil Hayvan Ürünleri	Kedi	Kedi Kapısı & Flap	Kedi Kapısı & Flap	18%	%1	%0.67	24
n11-1809	Evcil Hayvan Ürünleri	Kedi	Kedi Kumu & Kedi Tuvaleti	Kristal Kum	15%	%1	%0.67	24
n11-1810	Evcil Hayvan Ürünleri	Kedi	Kedi Kumu & Kedi Tuvaleti	Kum Kürekleri	15%	%1	%0.67	24
n11-1811	Evcil Hayvan Ürünleri	Kedi	Kedi Kumu & Kedi Tuvaleti	Bentonit Kum	15%	%1	%0.67	24
n11-1812	Evcil Hayvan Ürünleri	Kedi	Kedi Kumu & Kedi Tuvaleti	Kedi Tuvaleti Paspası	18%	%1	%0.67	24
n11-1813	Evcil Hayvan Ürünleri	Kedi	Kedi Kumu & Kedi Tuvaleti	Kedi Tuvaleti	18%	%1	%0.67	24
n11-1814	Evcil Hayvan Ürünleri	Kedi	Kedi Maması	Kedi Kuru Mama	15%	%1	%0.67	24
n11-1815	Evcil Hayvan Ürünleri	Kedi	Kedi Maması	Konserve Mama	15%	%1	%0.67	24
n11-1816	Evcil Hayvan Ürünleri	Kedi	Kedi Maması	Pate & Pouch	15%	%1	%0.67	24
n11-1817	Evcil Hayvan Ürünleri	Kedi	Kedi Maması	Ödül & Bisküvi	15%	%1	%0.67	24
n11-1818	Evcil Hayvan Ürünleri	Kedi	Mama Kabı & Suluk	Otomatik Kaplar	18%	%1	%0.67	24
n11-1819	Evcil Hayvan Ürünleri	Kedi	Mama Kabı & Suluk	Melamin Kaplar	18%	%1	%0.67	24
n11-1820	Evcil Hayvan Ürünleri	Kedi	Mama Kabı & Suluk	Biberon	18%	%1	%0.67	24
n11-1821	Evcil Hayvan Ürünleri	Kedi	Mama Kabı & Suluk	Çelik Kaplar	18%	%1	%0.67	24
n11-1822	Evcil Hayvan Ürünleri	Kedi	Mama Kabı & Suluk	Suluk	18%	%1	%0.67	24
n11-1823	Evcil Hayvan Ürünleri	Kedi	Mama Kabı & Suluk	Seramik Kaplar	18%	%1	%0.67	24
n11-1824	Evcil Hayvan Ürünleri	Kedi	Mama Kabı & Suluk	Saklama Kapları	18%	%1	%0.67	24
n11-1825	Evcil Hayvan Ürünleri	Kedi	Mama Kabı & Suluk	Plastik Kaplar	18%	%1	%0.67	24
n11-1826	Evcil Hayvan Ürünleri	Kedi	Kedi Evleri ve Yatakları	Kedi Evleri	18%	%1	%0.67	24
n11-1827	Evcil Hayvan Ürünleri	Kedi	Kedi Evleri ve Yatakları	Kedi Yatakları	18%	%1	%0.67	24
n11-1828	Evcil Hayvan Ürünleri	Kedi	Kedi Bakımı ve Sağlık	Taraklar & Fırçalar	18%	%1	%0.67	24
n11-1829	Evcil Hayvan Ürünleri	Kedi	Kedi Bakımı ve Sağlık	Tırnak Makasları	18%	%1	%0.67	24
n11-1830	Evcil Hayvan Ürünleri	Kedi	Kedi Bakımı ve Sağlık	Malt Macunları	18%	%1	%0.67	24
n11-1831	Evcil Hayvan Ürünleri	Kedi	Kedi Bakımı ve Sağlık	Tüy Toplayıcı	18%	%1	%0.67	24
n11-1832	Evcil Hayvan Ürünleri	Kedi	Kedi Bakımı ve Sağlık	Vitamin ve Ek Besinler	18%	%1	%0.67	24
n11-1833	Evcil Hayvan Ürünleri	Kedi	Kedi Bakımı ve Sağlık	Süt Tozları	18%	%1	%0.67	24
n11-1834	Evcil Hayvan Ürünleri	Kedi	Kedi Bakımı ve Sağlık	Şampuanlar & Parfümler	18%	%1	%0.67	24
n11-1835	Evcil Hayvan Ürünleri	Kedi	Kedi Bakımı ve Sağlık	Kedi Çimi	18%	%1	%0.67	24
n11-1836	Evcil Hayvan Ürünleri	Kedi	Kedi Bakımı ve Sağlık	Kedi Bakım Setleri	18%	%1	%0.67	24
n11-1837	Evcil Hayvan Ürünleri	Kedi	Kedi Bakımı ve Sağlık	Pire ve Kene Ürünleri	18%	%1	%0.67	24
n11-1838	Evcil Hayvan Ürünleri	Kedi	Kedi Bakımı ve Sağlık	Deri ve Tüy Bakımı	18%	%1	%0.67	24
n11-1839	Evcil Hayvan Ürünleri	Kedi	Kedi Bakımı ve Sağlık	Göz, Kulak, Ağız Bakım Ürünleri	18%	%1	%0.67	24
n11-1840	Evcil Hayvan Ürünleri	Kedi	Tırmalama Tahtası ve Evi	Tırmalama Tahtası	18%	%1	%0.67	24
n11-1841	Evcil Hayvan Ürünleri	Kedi	Tırmalama Tahtası ve Evi	Tırmalama Evi	18%	%1	%0.67	24
n11-1842	Evcil Hayvan Ürünleri	Kedi	Oyuncaklar	Kedi Oltası	18%	%1	%0.67	24
n11-1843	Evcil Hayvan Ürünleri	Kedi	Oyuncaklar	Kedi Tüneli	18%	%1	%0.67	24
n11-1844	Evcil Hayvan Ürünleri	Kedi	Oyuncaklar	Peluş Oyuncaklar	18%	%1	%0.67	24
n11-1845	Evcil Hayvan Ürünleri	Kedi	Oyuncaklar	Top Oyuncaklar	18%	%1	%0.67	24
n11-1846	Evcil Hayvan Ürünleri	Kedi	Tasma&Künye	Boyun Tasması	18%	%1	%0.67	24
n11-1847	Evcil Hayvan Ürünleri	Kedi	Tasma&Künye	Göğüs Tasması	18%	%1	%0.67	24
n11-1848	Evcil Hayvan Ürünleri	Kedi	Tasma&Künye	Kedi Künyesi	18%	%1	%0.67	24
n11-1849	Evcil Hayvan Ürünleri	Kedi	Çanta&Taşıma	Kedi Taşıma Çantası	18%	%1	%0.67	24
n11-1850	Evcil Hayvan Ürünleri	Kedi	Çanta&Taşıma	Astronot Kedi Taşıma Çantası	18%	%1	%0.67	24
n11-1851	Evcil Hayvan Ürünleri	Kemirgen	Kafes & Yuva	Tavşan Kafesi	18%	%1	%0.67	24
n11-1852	Evcil Hayvan Ürünleri	Kemirgen	Kafes & Yuva	Hamster Kafesi	18%	%1	%0.67	24
n11-1853	Evcil Hayvan Ürünleri	Kemirgen	Kafes & Yuva	Kemirgen Kafes & Yuva Diğer	18%	%1	%0.67	24
n11-1854	Evcil Hayvan Ürünleri	Kemirgen	Kemirgen Yemleri	Hamster	15%	%1	%0.67	24
n11-1855	Evcil Hayvan Ürünleri	Kemirgen	Kemirgen Yemleri	Kemirgen Yemleri Diğer	15%	%1	%0.67	24
n11-1856	Evcil Hayvan Ürünleri	Kemirgen	Kemirgen Yemleri	Tavşan	15%	%1	%0.67	24
n11-1857	Evcil Hayvan Ürünleri	Kemirgen	Oyuncak & Aksesuar	Kemirgen Oyuncak & Aksesuar Diğer	18%	%1	%0.67	24
n11-1858	Evcil Hayvan Ürünleri	Kemirgen	Oyuncak & Aksesuar	Suluk	18%	%1	%0.67	24
n11-1859	Evcil Hayvan Ürünleri	Kemirgen	Oyuncak & Aksesuar	Tasma	18%	%1	%0.67	24
n11-1860	Evcil Hayvan Ürünleri	Kemirgen	Oyuncak & Aksesuar	Yatak & Ev	18%	%1	%0.67	24
n11-1861	Evcil Hayvan Ürünleri	Kemirgen	Oyuncak & Aksesuar	Oyun Parkı	18%	%1	%0.67	24
n11-1862	Evcil Hayvan Ürünleri	Kemirgen	Oyuncak & Aksesuar	Mama Kapları	18%	%1	%0.67	24
n11-1863	Evcil Hayvan Ürünleri	Kemirgen	Talaşlar & Kemirme Taşları	Talaşlar	18%	%1	%0.67	24
n11-1864	Evcil Hayvan Ürünleri	Kemirgen	Talaşlar & Kemirme Taşları	Kemirme Taşları	18%	%1	%0.67	24
n11-1865	Evcil Hayvan Ürünleri	Köpek	Eğitim & İtaat	Ağızlık	18%	%1	%0.67	24
n11-1866	Evcil Hayvan Ürünleri	Köpek	Eğitim & İtaat	Şok Tasması	18%	%1	%0.67	24
n11-1867	Evcil Hayvan Ürünleri	Köpek	Eğitim & İtaat	Çit & Egzersiz Kalemi	18%	%1	%0.67	24
n11-1868	Evcil Hayvan Ürünleri	Köpek	Eğitim & İtaat	Video ve Kitap	18%	%1	%0.67	24
n11-1869	Evcil Hayvan Ürünleri	Köpek	Eğitim & İtaat	Sonik Tasma	18%	%1	%0.67	24
n11-1870	Evcil Hayvan Ürünleri	Köpek	Eğitim & İtaat	Ev Eğitimi	18%	%1	%0.67	24
n11-1871	Evcil Hayvan Ürünleri	Köpek	Eğitim & İtaat	Düdükler	18%	%1	%0.67	24
n11-1872	Evcil Hayvan Ürünleri	Köpek	Eğitim & İtaat	Köpek Kovucu	18%	%1	%0.67	24
n11-1873	Evcil Hayvan Ürünleri	Köpek	Eğitim & İtaat	Clicker	18%	%1	%0.67	24
n11-1874	Evcil Hayvan Ürünleri	Köpek	Köpek Bakım & Sağlık	Bağırsak Parazitleri	18%	%1	%0.67	24
n11-1875	Evcil Hayvan Ürünleri	Köpek	Köpek Bakım & Sağlık	Fırça & Tarak	18%	%1	%0.67	24
n11-1876	Evcil Hayvan Ürünleri	Köpek	Köpek Bakım & Sağlık	Göz	18%	%1	%0.67	24
n11-1877	Evcil Hayvan Ürünleri	Köpek	Köpek Bakım & Sağlık	Koku & Leke Giderici	18%	%1	%0.67	24
n11-1878	Evcil Hayvan Ürünleri	Köpek	Köpek Bakım & Sağlık	Kulak	18%	%1	%0.67	24
n11-1879	Evcil Hayvan Ürünleri	Köpek	Köpek Bakım & Sağlık	Kurutucu	18%	%1	%0.67	24
n11-1880	Evcil Hayvan Ürünleri	Köpek	Köpek Bakım & Sağlık	Köpek Bit & Pire Ürünleri	18%	%1	%0.67	24
n11-1881	Evcil Hayvan Ürünleri	Köpek	Köpek Bakım & Sağlık	Ağız Bakım	18%	%1	%0.67	24
n11-1882	Evcil Hayvan Ürünleri	Köpek	Köpek Bakım & Sağlık	Tüy Kesici & Makas	18%	%1	%0.67	24
n11-1883	Evcil Hayvan Ürünleri	Köpek	Köpek Bakım & Sağlık	Deri & Tüy Bakımı	18%	%1	%0.67	24
n11-1884	Evcil Hayvan Ürünleri	Köpek	Köpek Bakım & Sağlık	Tırnak Makası	18%	%1	%0.67	24
n11-1885	Evcil Hayvan Ürünleri	Köpek	Köpek Bakım & Sağlık	Şampuan & Yıkama	18%	%1	%0.67	24
n11-1886	Evcil Hayvan Ürünleri	Köpek	Köpek Bakım & Sağlık	Dışkı Poşeti	18%	%1	%0.67	24
n11-1887	Evcil Hayvan Ürünleri	Köpek	Köpek Bakım & Sağlık	Köpek Pedi	18%	%1	%0.67	24
n11-1888	Evcil Hayvan Ürünleri	Köpek	Köpek Bakım & Sağlık	Vitamin ve Ek Besinler	18%	%1	%0.67	24
n11-1889	Evcil Hayvan Ürünleri	Köpek	Köpek Kıyafeti	Köpek Elbiseleri Diğer	18%	%1	%0.67	24
n11-1890	Evcil Hayvan Ürünleri	Köpek	Köpek Kıyafeti	Gömlek & Kazak	18%	%1	%0.67	24
n11-1891	Evcil Hayvan Ürünleri	Köpek	Köpek Kıyafeti	Hırka, Süveter ve Yelek	18%	%1	%0.67	24
n11-1892	Evcil Hayvan Ürünleri	Köpek	Köpek Kıyafeti	Pantolon & Şort	18%	%1	%0.67	24
n11-1893	Evcil Hayvan Ürünleri	Köpek	Köpek Kıyafeti	Palto	18%	%1	%0.67	24
n11-1894	Evcil Hayvan Ürünleri	Köpek	Köpek Kıyafeti	Bere, Bandana, Atkı	18%	%1	%0.67	24
n11-1895	Evcil Hayvan Ürünleri	Köpek	Köpek Kıyafeti	Bot & Ayakkabı	18%	%1	%0.67	24
n11-1896	Evcil Hayvan Ürünleri	Köpek	Köpek Kıyafeti	Yağmurluk	18%	%1	%0.67	24
n11-1897	Evcil Hayvan Ürünleri	Köpek	Köpek Kıyafeti	Kostüm	18%	%1	%0.67	24
n11-1898	Evcil Hayvan Ürünleri	Köpek	Köpek Kıyafeti	Sweat-shirt ve T-shirt	18%	%1	%0.67	24
n11-1899	Evcil Hayvan Ürünleri	Köpek	Köpek Oyuncakları	Eğitim Oyuncakları	18%	%1	%0.67	24
n11-1900	Evcil Hayvan Ürünleri	Köpek	Köpek Oyuncakları	Frizbi	18%	%1	%0.67	24
n11-1901	Evcil Hayvan Ürünleri	Köpek	Köpek Oyuncakları	Kemikler	18%	%1	%0.67	24
n11-1902	Evcil Hayvan Ürünleri	Köpek	Köpek Oyuncakları	Peluş Oyuncak	18%	%1	%0.67	24
n11-1903	Evcil Hayvan Ürünleri	Köpek	Köpek Oyuncakları	Rampa & Merdiven	18%	%1	%0.67	24
n11-1904	Evcil Hayvan Ürünleri	Köpek	Köpek Oyuncakları	Top	18%	%1	%0.67	24
n11-1905	Evcil Hayvan Ürünleri	Köpek	Mama & Çiğneme	Kemik & Burgu Çubuk	15%	%1	%0.67	24
n11-1906	Evcil Hayvan Ürünleri	Köpek	Mama & Çiğneme	Konserve Mama	15%	%1	%0.67	24
n11-1907	Evcil Hayvan Ürünleri	Köpek	Mama & Çiğneme	Köpek Kuru Mama	15%	%1	%0.67	24
n11-1908	Evcil Hayvan Ürünleri	Köpek	Mama & Çiğneme	Ödül Mamaları	15%	%1	%0.67	24
n11-1909	Evcil Hayvan Ürünleri	Köpek	Mama Kabı & Suluk	Melamin Kaplar	18%	%1	%0.67	24
n11-1910	Evcil Hayvan Ürünleri	Köpek	Mama Kabı & Suluk	Biberon	18%	%1	%0.67	24
n11-1911	Evcil Hayvan Ürünleri	Köpek	Mama Kabı & Suluk	Otomatik Kaplar	18%	%1	%0.67	24
n11-1912	Evcil Hayvan Ürünleri	Köpek	Mama Kabı & Suluk	Plastik Kaplar	18%	%1	%0.67	24
n11-1913	Evcil Hayvan Ürünleri	Köpek	Mama Kabı & Suluk	Saklama Kapları	18%	%1	%0.67	24
n11-1914	Evcil Hayvan Ürünleri	Köpek	Mama Kabı & Suluk	Seramik Kaplar	18%	%1	%0.67	24
n11-1915	Evcil Hayvan Ürünleri	Köpek	Mama Kabı & Suluk	Suluk	18%	%1	%0.67	24
n11-1916	Evcil Hayvan Ürünleri	Köpek	Mama Kabı & Suluk	Çelik Kaplar	18%	%1	%0.67	24
n11-1917	Evcil Hayvan Ürünleri	Köpek	Tasma & Künye	Eğitim Tasması	18%	%1	%0.67	24
n11-1918	Evcil Hayvan Ürünleri	Köpek	Tasma & Künye	Gezdirme Tasması	18%	%1	%0.67	24
n11-1919	Evcil Hayvan Ürünleri	Köpek	Tasma & Künye	Tasma Kayışı	18%	%1	%0.67	24
n11-1920	Evcil Hayvan Ürünleri	Köpek	Tasma & Künye	Künye & Süs	18%	%1	%0.67	24
n11-1921	Evcil Hayvan Ürünleri	Köpek	Tasma & Künye	Havlama Tasması	18%	%1	%0.67	24
n11-1922	Evcil Hayvan Ürünleri	Köpek	Tasma & Künye	Göğüs Tasması	18%	%1	%0.67	24
n11-1923	Evcil Hayvan Ürünleri	Köpek	Tasma & Künye	Boyun Tasması	18%	%1	%0.67	24
n11-1924	Evcil Hayvan Ürünleri	Köpek	Tasma & Künye	Bağlama İpi	18%	%1	%0.67	24
n11-1925	Evcil Hayvan Ürünleri	Köpek	Yatak, Kulübe, Taşıma	Kulübe	18%	%1	%0.67	24
n11-1926	Evcil Hayvan Ürünleri	Köpek	Yatak, Kulübe, Taşıma	Korumalık	18%	%1	%0.67	24
n11-1927	Evcil Hayvan Ürünleri	Köpek	Yatak, Kulübe, Taşıma	Köpek Evleri	18%	%1	%0.67	24
n11-1928	Evcil Hayvan Ürünleri	Köpek	Yatak, Kulübe, Taşıma	Çanta	18%	%1	%0.67	24
n11-1929	Evcil Hayvan Ürünleri	Köpek	Yatak, Kulübe, Taşıma	Çadır	18%	%1	%0.67	24
n11-1930	Evcil Hayvan Ürünleri	Köpek	Yatak, Kulübe, Taşıma	Taşıma Altlıkları & Pedler	18%	%1	%0.67	24
n11-1931	Evcil Hayvan Ürünleri	Köpek	Yatak, Kulübe, Taşıma	Puset	18%	%1	%0.67	24
n11-1932	Evcil Hayvan Ürünleri	Köpek	Yatak, Kulübe, Taşıma	Köpek Yatakları	18%	%1	%0.67	24
n11-1933	Evcil Hayvan Ürünleri	Köpek	Yatak, Kulübe, Taşıma	Köpek Minderi	18%	%1	%0.67	24
n11-1934	Evcil Hayvan Ürünleri	Köpek	Yatak, Kulübe, Taşıma	Köpek Koltuk Örtüsü	18%	%1	%0.67	24
n11-1935	Evcil Hayvan Ürünleri	Köpek	Yatak, Kulübe, Taşıma	Köpek Battaniye	18%	%1	%0.67	24
n11-1936	Evcil Hayvan Ürünleri	Kuş	Kafes & Yuva	Yuva	18%	%1	%0.67	24
n11-1937	Evcil Hayvan Ürünleri	Kuş	Kafes & Yuva	Papağan Kafesi	18%	%1	%0.67	24
n11-1938	Evcil Hayvan Ürünleri	Kuş	Kafes & Yuva	Kuş Kafesi	18%	%1	%0.67	24
n11-1939	Evcil Hayvan Ürünleri	Kuş	Kafes & Yuva	Kafes Standları	18%	%1	%0.67	24
n11-1940	Evcil Hayvan Ürünleri	Kuş	Kafes & Yuva	Kafes Ayakları	18%	%1	%0.67	24
n11-1941	Evcil Hayvan Ürünleri	Kuş	Oyuncak & Aksesuar	Ayna	18%	%1	%0.67	24
n11-1942	Evcil Hayvan Ürünleri	Kuş	Oyuncak & Aksesuar	Kuş Oyuncak & Aksesuar Diğer	18%	%1	%0.67	24
n11-1943	Evcil Hayvan Ürünleri	Kuş	Oyuncak & Aksesuar	Tünek	18%	%1	%0.67	24
n11-1944	Evcil Hayvan Ürünleri	Kuş	Oyuncak & Aksesuar	Salıncak	18%	%1	%0.67	24
n11-1945	Evcil Hayvan Ürünleri	Kuş	Sağlık & Bakım	Gaga Taşları	18%	%1	%0.67	24
n11-1946	Evcil Hayvan Ürünleri	Kuş	Sağlık & Bakım	Talaşlar	18%	%1	%0.67	24
n11-1947	Evcil Hayvan Ürünleri	Kuş	Sağlık & Bakım	Kuş Kumu	18%	%1	%0.67	24
n11-1948	Evcil Hayvan Ürünleri	Kuş	Sağlık & Bakım	Kuş Sağlık & Bakım Diğer	18%	%1	%0.67	24
n11-1949	Evcil Hayvan Ürünleri	Kuş	Yem & Kraker	Tropikal Yemler	15%	%1	%0.67	24
n11-1950	Evcil Hayvan Ürünleri	Kuş	Yem & Kraker	Papağan Yemi	15%	%1	%0.67	24
n11-1951	Evcil Hayvan Ürünleri	Kuş	Yem & Kraker	Muhabbet Kuşu Yemi	15%	%1	%0.67	24
n11-1952	Evcil Hayvan Ürünleri	Kuş	Yem & Kraker	Kuş Yem & Kraker Diğer	15%	%1	%0.67	24
n11-1953	Evcil Hayvan Ürünleri	Kuş	Yem & Kraker	Kanarya Kuşu Yemi	15%	%1	%0.67	24
n11-1954	Evcil Hayvan Ürünleri	Kuş	Yemlik, Suluk, Banyoluk	Yemlik	18%	%1	%0.67	24
n11-1955	Evcil Hayvan Ürünleri	Kuş	Yemlik, Suluk, Banyoluk	Suluk	18%	%1	%0.67	24
n11-1956	Evcil Hayvan Ürünleri	Kuş	Yemlik, Suluk, Banyoluk	Banyoluk	18%	%1	%0.67	24
n11-1957	Evcil Hayvan Ürünleri	Sürüngen	Kum & Aksesuar	Ölçüm Malzemeleri	18%	%1	%0.67	24
n11-1958	Evcil Hayvan Ürünleri	Sürüngen	Kum & Aksesuar	Filtre	18%	%1	%0.67	24
n11-1959	Evcil Hayvan Ürünleri	Sürüngen	Kum & Aksesuar	Isıtıcı	18%	%1	%0.67	24
n11-1960	Evcil Hayvan Ürünleri	Sürüngen	Kum & Aksesuar	Kum	18%	%1	%0.67	24
n11-1961	Evcil Hayvan Ürünleri	Sürüngen	Kum & Aksesuar	Lamba	18%	%1	%0.67	24
n11-1962	Evcil Hayvan Ürünleri	Sürüngen	Kum & Aksesuar	Sürüngen Kum & Aksesuar Diğer	18%	%1	%0.67	24
n11-1963	Evcil Hayvan Ürünleri	Sürüngen	Kum & Aksesuar	Teraryum	18%	%1	%0.67	24
n11-1964	Evcil Hayvan Ürünleri	Sürüngen	Sağlık & Bakım	Vitamin	18%	%1	%0.67	24
n11-1965	Evcil Hayvan Ürünleri	Sürüngen	Sağlık & Bakım	İlaç	18%	%1	%0.67	24
n11-1966	Evcil Hayvan Ürünleri	Sürüngen	Sürüngen Yemleri	Diğer	15%	%1	%0.67	24
n11-1967	Evcil Hayvan Ürünleri	Sürüngen	Sürüngen Yemleri	Kaplumbağa Yemleri	15%	%1	%0.67	24
n11-1968	Evcil Hayvan Ürünleri	Sürüngen	Sürüngen Yemleri	İguana Yemleri	15%	%1	%0.67	24
n11-1969	Kırtasiye & Ofis	Defter & Ajanda	Ajandalar	Ajandalar	17%	%1	%0.67	24
n11-1970	Kırtasiye & Ofis	Defter & Ajanda	Defterler	Ciltli Defter	17%	%1	%0.67	24
n11-1971	Kırtasiye & Ofis	Defter & Ajanda	Defterler	Güzel Yazı Defteri	17%	%1	%0.67	24
n11-1972	Kırtasiye & Ofis	Defter & Ajanda	Defterler	Müzik Defteri	17%	%1	%0.67	24
n11-1973	Kırtasiye & Ofis	Defter & Ajanda	Defterler	Not Defteri & Tasarım Defter	17%	%1	%0.67	24
n11-1974	Kırtasiye & Ofis	Defter & Ajanda	Defterler	Teknik Çizim Defteri	17%	%1	%0.67	24
n11-1975	Kırtasiye & Ofis	Defter & Ajanda	Defterler	Ticari Defter ve Evraklar	17%	%1	%0.67	24
n11-1976	Kırtasiye & Ofis	Defter & Ajanda	Defterler	Resim Defteri	17%	%1	%0.67	24
n11-1977	Kırtasiye & Ofis	Defter & Ajanda	Takvimler	Takvimler	17%	%1	%0.67	24
n11-1978	Kırtasiye & Ofis	Dosyalama & Arşivleme	Arşiv Kutusu	Arşiv Kutusu	17%	%1	%0.67	24
n11-1979	Kırtasiye & Ofis	Dosyalama & Arşivleme	Ayraçlar	Ayraçlar	17%	%1	%0.67	24
n11-1980	Kırtasiye & Ofis	Dosyalama & Arşivleme	Karton Klasör	Karton Klasör	17%	%1	%0.67	24
n11-1981	Kırtasiye & Ofis	Dosyalama & Arşivleme	Magazinlik	Magazinlik	17%	%1	%0.67	24
n11-1982	Kırtasiye & Ofis	Dosyalama & Arşivleme	Plastik Klasör	Plastik Klasör	17%	%1	%0.67	24
n11-1983	Kırtasiye & Ofis	Dosyalama & Arşivleme	Poşet Dosya	Poşet Dosya	17%	%1	%0.67	24
n11-1984	Kırtasiye & Ofis	Dosyalama & Arşivleme	Sunum Dosyası	Sunum Dosyası	17%	%1	%0.67	24
n11-1985	Kırtasiye & Ofis	Dosyalama & Arşivleme	Sıkıştırmalı Dosyalar	Sıkıştırmalı Dosyalar	17%	%1	%0.67	24
n11-1986	Kırtasiye & Ofis	Kağıt Ürünleri	Barkod & Yazıcı Etiketleri	Barkod & Yazıcı Etiketleri	17%	%1	%0.67	24
n11-1987	Kırtasiye & Ofis	Kağıt Ürünleri	Diğer	Diğer	17%	%1	%0.67	24
n11-1988	Kırtasiye & Ofis	Kağıt Ürünleri	Not Kağıtları	Not Alma Kağıtları	17%	%1	%0.67	24
n11-1989	Kırtasiye & Ofis	Kağıt Ürünleri	Not Kağıtları	Yapışkanlı Not Kağıtları	17%	%1	%0.67	24
n11-1990	Kırtasiye & Ofis	Kağıt Ürünleri	Pano & Teknik Kağıtları	Karbon Kağıdı	17%	%1	%0.67	24
n11-1991	Kırtasiye & Ofis	Kağıt Ürünleri	Pano & Teknik Kağıtları	Plotter Kağıtları	17%	%1	%0.67	24
n11-1992	Kırtasiye & Ofis	Kağıt Ürünleri	Pano & Teknik Kağıtları	Aydınger & Eskiz Kağıtları	17%	%1	%0.67	24
n11-1993	Kırtasiye & Ofis	Kağıt Ürünleri	Pano & Teknik Kağıtları	Flipchart & Pano Kağıtları	17%	%1	%0.67	24
n11-1994	Kırtasiye & Ofis	Kağıt Ürünleri	Tebrik Kartları	Tebrik Kartları	17%	%1	%0.67	24
n11-1995	Kırtasiye & Ofis	Kağıt Ürünleri	Yazıcı ve Fotokopi Kağıtları	Fotokopi Kağıdı	6%	%1	%0.67	15
n11-1996	Kırtasiye & Ofis	Kağıt Ürünleri	Yazıcı ve Fotokopi Kağıtları	Faks Kağıdı Ruloları	17%	%1	%0.67	24
n11-1997	Kırtasiye & Ofis	Kağıt Ürünleri	Yazıcı ve Fotokopi Kağıtları	Fotoğraf Kağıtları	17%	%1	%0.67	24
n11-1998	Kırtasiye & Ofis	Kağıt Ürünleri	Yazıcı ve Fotokopi Kağıtları	Sürekli Form Kağıtları	17%	%1	%0.67	24
n11-1999	Kırtasiye & Ofis	Kağıt Ürünleri	Yazıcı ve Fotokopi Kağıtları	Yazar Kasa ve Termal Rulolar	17%	%1	%0.67	24
n11-2000	Kırtasiye & Ofis	Kağıt Ürünleri	Zarflar	CD, DVD ve Mektup Zarfları	17%	%1	%0.67	24
n11-2001	Kırtasiye & Ofis	Kağıt Ürünleri	Zarflar	Torba Zarf	17%	%1	%0.67	24
n11-2002	Kırtasiye & Ofis	Kağıt Ürünleri	Zarflar	Diplomat ve Para Zarfları	17%	%1	%0.67	24
n11-2003	Kırtasiye & Ofis	Kağıt Ürünleri	Zarflar	Hava Kabarcıklı Zarflar	17%	%1	%0.67	24
n11-2004	Kırtasiye & Ofis	Kalem ve Yazı Gereçleri	Asetat & CD Kalemleri	Asetat & CD Kalemleri	17%	%1	%0.67	24
n11-2005	Kırtasiye & Ofis	Kalem ve Yazı Gereçleri	Divit Kalem	Divit Kalem	17%	%1	%0.67	24
n11-2006	Kırtasiye & Ofis	Kalem ve Yazı Gereçleri	Fosforlu Kalem	Fosforlu Kalem	17%	%1	%0.67	24
n11-2007	Kırtasiye & Ofis	Kalem ve Yazı Gereçleri	Kalem Uçları	Kalem Uçları	17%	%1	%0.67	24
n11-2008	Kırtasiye & Ofis	Kalem ve Yazı Gereçleri	Kalem Yedekleri	Kalem Yedekleri	17%	%1	%0.67	24
n11-2009	Kırtasiye & Ofis	Kalem ve Yazı Gereçleri	Keçe Uçlu Kalem	Keçe Uçlu Kalem	17%	%1	%0.67	24
n11-2010	Kırtasiye & Ofis	Kalem ve Yazı Gereçleri	Kurşun Kalem	Kurşun Kalem	17%	%1	%0.67	24
n11-2011	Kırtasiye & Ofis	Kalem ve Yazı Gereçleri	Markör & Yazı Tahtası Kalemleri	Markör & Yazı Tahtası Kalemleri	17%	%1	%0.67	24
n11-2012	Kırtasiye & Ofis	Kalem ve Yazı Gereçleri	Mürekkepler	Mürekkepler	17%	%1	%0.67	24
n11-2013	Kırtasiye & Ofis	Kalem ve Yazı Gereçleri	Prestij ve Dolma Kalemler	Prestij ve Dolma Kalemler	17%	%1	%0.67	24
n11-2014	Kırtasiye & Ofis	Kalem ve Yazı Gereçleri	Roller & Jel Kalemler	Roller & Jel Kalemler	17%	%1	%0.67	24
n11-2015	Kırtasiye & Ofis	Kalem ve Yazı Gereçleri	Tebeşir	Tebeşir	17%	%1	%0.67	24
n11-2016	Kırtasiye & Ofis	Kalem ve Yazı Gereçleri	Teknik Çizim Kalemleri	Teknik Çizim Kalemleri	17%	%1	%0.67	24
n11-2017	Kırtasiye & Ofis	Kalem ve Yazı Gereçleri	Tükenmez Kalem	Tükenmez Kalem	17%	%1	%0.67	24
n11-2018	Kırtasiye & Ofis	Kalem ve Yazı Gereçleri	Versatil Kalem	Versatil Kalem	17%	%1	%0.67	24
n11-2019	Kırtasiye & Ofis	Kalem ve Yazı Gereçleri	İğne Uçlu Kalem	İğne Uçlu Kalem	17%	%1	%0.67	24
n11-2020	Kırtasiye & Ofis	Ofis Kırtasiye	Bantlar & Kesiciler	Bantlar & Kesiciler	17%	%1	%0.67	24
n11-2021	Kırtasiye & Ofis	Ofis Kırtasiye	Delgeç	Delgeç	17%	%1	%0.67	24
n11-2022	Kırtasiye & Ofis	Ofis Kırtasiye	Evrak Rafları	Evrak Rafları	17%	%1	%0.67	24
n11-2023	Kırtasiye & Ofis	Ofis Kırtasiye	Kartvizitlik	Kartvizitlik	17%	%1	%0.67	24
n11-2024	Kırtasiye & Ofis	Ofis Kırtasiye	Masaüstü Set & Kalemlikler	Masaüstü Set & Kalemlikler	17%	%1	%0.67	24
n11-2025	Kırtasiye & Ofis	Ofis Kırtasiye	Ofis Çöp Kovaları	Ofis Çöp Kovaları	17%	%1	%0.67	24
n11-2026	Kırtasiye & Ofis	Ofis Kırtasiye	Ortopedik Ürünler	Ortopedik Ürünler	17%	%1	%0.67	24
n11-2027	Kırtasiye & Ofis	Ofis Kırtasiye	Paketleme	Paket Lastikleri	17%	%1	%0.67	24
n11-2028	Kırtasiye & Ofis	Ofis Kırtasiye	Paketleme	Koli Bandı	17%	%1	%0.67	24
n11-2029	Kırtasiye & Ofis	Ofis Kırtasiye	Paketleme	Karton&Koli	17%	%1	%0.67	24
n11-2030	Kırtasiye & Ofis	Ofis Kırtasiye	Sümen Takımı & Deri Ürünler	Sümen Takımı & Deri Ürünler	17%	%1	%0.67	24
n11-2031	Kırtasiye & Ofis	Ofis Kırtasiye	Sıvı ve Şerit Düzelticiler	Sıvı ve Şerit Düzelticiler	17%	%1	%0.67	24
n11-2032	Kırtasiye & Ofis	Ofis Kırtasiye	Yaka Kartı ve Aksesuarları	Yaka Kartı ve Aksesuarları	17%	%1	%0.67	24
n11-2033	Kırtasiye & Ofis	Ofis Kırtasiye	Zımba, Zımba Teli, Sökücüler	Zımba, Zımba Teli, Sökücüler	17%	%1	%0.67	24
n11-2034	Kırtasiye & Ofis	Ofis Makineleri	Akıllı Tahtalar	Akıllı Tahtalar	17%	%1	%0.67	24
n11-2035	Kırtasiye & Ofis	Ofis Makineleri	Evrak İmha Makinesi	Evrak İmha Makinesi	17%	%1	%0.67	24
n11-2036	Kırtasiye & Ofis	Ofis Makineleri	Giyotin	Giyotin	17%	%1	%0.67	24
n11-2037	Kırtasiye & Ofis	Ofis Makineleri	Hesap Makinesi	Hesap Makinesi	17%	%1	%0.67	24
n11-2038	Kırtasiye & Ofis	Ofis Makineleri	Kart Baskı Makineleri	Kart Baskı Makineleri	17%	%1	%0.67	24
n11-2039	Kırtasiye & Ofis	Ofis Makineleri	Para Sayma Makinesi	Para Sayma Makinesi	17%	%1	%0.67	24
n11-2040	Kırtasiye & Ofis	Ofis Makineleri	Tepegöz	Tepegöz	17%	%1	%0.67	24
n11-2041	Kırtasiye & Ofis	Ofis Makineleri	Ofis Makinesi Aksesuarları	Ofis Makinesi Aksesuarları	17%	%1	%0.67	24
n11-2042	Kırtasiye & Ofis	Ofis Makineleri	Yazar Kasa Para Çekmecesi	Yazar Kasa Para Çekmecesi	17%	%1	%0.67	24
n11-2043	Kırtasiye & Ofis	Ofis Makineleri	Laminasyon Makinesi ve Aksesuarları	Laminasyon Makineleri	17%	%1	%0.67	24
n11-2044	Kırtasiye & Ofis	Ofis Makineleri	Laminasyon Makinesi ve Aksesuarları	Laminasyon Makinesi Aksesuarı	17%	%1	%0.67	24
n11-2045	Kırtasiye & Ofis	Ofis Makineleri	Etiketleme Makinesi ve Aksesuarları	Etiketleme Makinesi	17%	%1	%0.67	24
n11-2046	Kırtasiye & Ofis	Ofis Makineleri	Etiketleme Makinesi ve Aksesuarları	Etiketleme Makinesi Aksesuarı	17%	%1	%0.67	24
n11-2047	Kırtasiye & Ofis	Ofis Makineleri	Ciltleme Makinesi ve Aksesuarları	Ciltleme Makinesi	17%	%1	%0.67	24
n11-2048	Kırtasiye & Ofis	Ofis Makineleri	Ciltleme Makinesi ve Aksesuarları	Ciltleme Makinesi Aksesuarları	17%	%1	%0.67	24
n11-2049	Kırtasiye & Ofis	Okul Çantaları	Okul Çantaları	Okul Çantaları	17%	%1	%0.67	24
n11-2050	Kırtasiye & Ofis	Okul Kırtasiyesi	Abaküs	Abaküs	17%	%1	%0.67	24
n11-2051	Kırtasiye & Ofis	Okul Kırtasiyesi	Ataş & Toplu İğne	Ataş & Toplu İğne	17%	%1	%0.67	24
n11-2052	Kırtasiye & Ofis	Okul Kırtasiyesi	Büyüteç	Büyüteç	17%	%1	%0.67	24
n11-2053	Kırtasiye & Ofis	Okul Kırtasiyesi	Harita & Bayrak	Harita & Bayrak	17%	%1	%0.67	24
n11-2054	Kırtasiye & Ofis	Okul Kırtasiyesi	Kalem Kutuları	Kalem Kutuları	17%	%1	%0.67	24
n11-2055	Kırtasiye & Ofis	Okul Kırtasiyesi	Kalemtıraş	Kalemtıraş	17%	%1	%0.67	24
n11-2056	Kırtasiye & Ofis	Okul Kırtasiyesi	Kaplama Kağıtları ve Etiketler	Kaplama Kağıtları ve Etiketler	17%	%1	%0.67	24
n11-2057	Kırtasiye & Ofis	Okul Kırtasiyesi	Makas & Maket Bıçağı	Makas & Maket Bıçağı	17%	%1	%0.67	24
n11-2058	Kırtasiye & Ofis	Okul Kırtasiyesi	Mikroskop	Mikroskop	17%	%1	%0.67	24
n11-2059	Kırtasiye & Ofis	Okul Kırtasiyesi	Okul Gereçleri	Okul Gereçleri	17%	%1	%0.67	24
n11-2060	Kırtasiye & Ofis	Okul Kırtasiyesi	Resim Çantası	Resim Çantası	17%	%1	%0.67	24
n11-2061	Kırtasiye & Ofis	Okul Kırtasiyesi	Silgi	Silgi	17%	%1	%0.67	24
n11-2062	Kırtasiye & Ofis	Okul Kırtasiyesi	Suluk, Matara, Beslenme Çantaları	Suluk, Matara, Beslenme Çantaları	17%	%1	%0.67	24
n11-2063	Kırtasiye & Ofis	Okul Kırtasiyesi	Yapıştırıcılar	Sıvı & Sprey Yapıştırıcı	17%	%1	%0.67	24
n11-2064	Kırtasiye & Ofis	Okul Kırtasiyesi	Yapıştırıcılar	Japon Yapıştırıcı	17%	%1	%0.67	24
n11-2065	Kırtasiye & Ofis	Okul Kırtasiyesi	Yapıştırıcılar	Diğer	17%	%1	%0.67	24
n11-2066	Kırtasiye & Ofis	Okul Kırtasiyesi	Yapıştırıcılar	Stick Yapıştırıcı	17%	%1	%0.67	24
n11-2067	Kırtasiye & Ofis	Okul Kırtasiyesi	Çizim Gereçleri	Gönye	17%	%1	%0.67	24
n11-2068	Kırtasiye & Ofis	Okul Kırtasiyesi	Çizim Gereçleri	Cetvel	17%	%1	%0.67	24
n11-2069	Kırtasiye & Ofis	Okul Kırtasiyesi	Çizim Gereçleri	Pergel	17%	%1	%0.67	24
n11-2070	Kırtasiye & Ofis	Okul Kırtasiyesi	Çubuk, Fasulye, Sayı Boncuğu	Çubuk, Fasulye, Sayı Boncuğu	17%	%1	%0.67	24
n11-2071	Kırtasiye & Ofis	Okul Kırtasiyesi	Okul Aktivite Ürünleri	Okul Aktivite Ürünleri	17%	%1	%0.67	24
n11-2072	Kırtasiye & Ofis	Pano ve Aksesuarları	Pano & Stant	Pano & Stant	17%	%1	%0.67	24
n11-2073	Kırtasiye & Ofis	Pano ve Aksesuarları	Pano & Stant Aksesuar	Pano & Stant Aksesuar	17%	%1	%0.67	24
n11-2074	Kırtasiye & Ofis	Sanatsal Malzemeler	Boya	Cam Boyası	17%	%1	%0.67	24
n11-2075	Kırtasiye & Ofis	Sanatsal Malzemeler	Boya	Hobi Boyaları	17%	%1	%0.67	24
n11-2076	Kırtasiye & Ofis	Sanatsal Malzemeler	Boya	Guaj Boya	17%	%1	%0.67	24
n11-2077	Kırtasiye & Ofis	Sanatsal Malzemeler	Boya	Kuru Boya	17%	%1	%0.67	24
n11-2078	Kırtasiye & Ofis	Sanatsal Malzemeler	Boya	Mum Boya	17%	%1	%0.67	24
n11-2079	Kırtasiye & Ofis	Sanatsal Malzemeler	Boya	Akrilik Boya	17%	%1	%0.67	24
n11-2080	Kırtasiye & Ofis	Sanatsal Malzemeler	Boya	Sulu Boya	17%	%1	%0.67	24
n11-2081	Kırtasiye & Ofis	Sanatsal Malzemeler	Boya	Yağlı Boya	17%	%1	%0.67	24
n11-2082	Kırtasiye & Ofis	Sanatsal Malzemeler	Boya	Yüz & Parmak Boyası	17%	%1	%0.67	24
n11-2083	Kırtasiye & Ofis	Sanatsal Malzemeler	Boya	Pastel Boya	17%	%1	%0.67	24
n11-2084	Kırtasiye & Ofis	Sanatsal Malzemeler	Boya	Kumaş Boyası	17%	%1	%0.67	24
n11-2085	Kırtasiye & Ofis	Sanatsal Malzemeler	Boya	Boyama Setleri	17%	%1	%0.67	24
n11-2086	Kırtasiye & Ofis	Sanatsal Malzemeler	Fırça	Fırça	17%	%1	%0.67	24
n11-2087	Kırtasiye & Ofis	Sanatsal Malzemeler	Palet	Palet	17%	%1	%0.67	24
n11-2088	Kırtasiye & Ofis	Sanatsal Malzemeler	Proje Çizim Çantaları	Proje Çizim Çantaları	17%	%1	%0.67	24
n11-2089	Kırtasiye & Ofis	Sanatsal Malzemeler	Tuval	Tuval	17%	%1	%0.67	24
n11-2090	Kırtasiye & Ofis	Sanatsal Malzemeler	Yardımcı Malzemeler	Yardımcı Malzemeler	17%	%1	%0.67	24
n11-2091	Kırtasiye & Ofis	Sanatsal Malzemeler	Şovale	Şovale	17%	%1	%0.67	24
n11-2092	Kırtasiye & Ofis	Yazı Tahtası ve Aksesuarları	Yazı Tahtası ve Aksesuarları	Yazı Tahtası ve Aksesuarları	17%	%1	%0.67	24
n11-2093	Mobilya	Antre	Askılık & Şemsiyelik	Askılık & Şemsiyelik	19%	%1	%0.67	24
n11-2094	Mobilya	Antre	Ayakkabılık	Ayakkabılık	19%	%1	%0.67	24
n11-2095	Mobilya	Antre	Dilsiz Uşak	Dilsiz Uşak	19%	%1	%0.67	24
n11-2096	Mobilya	Antre	Dresuar	Dresuar	19%	%1	%0.67	24
n11-2097	Mobilya	Antre	Portmanto	Portmanto	19%	%1	%0.67	24
n11-2098	Mobilya	Bahçe Mobilyası	Bahçe Aksesuarları	Bahçe Aksesuarları	19%	%1	%0.67	24
n11-2099	Mobilya	Bahçe Mobilyası	Bahçe Minderi	Bahçe Minderi	19%	%1	%0.67	24
n11-2100	Mobilya	Bahçe Mobilyası	Bahçe Salıncakları & Hamak	Bahçe Salıncakları & Hamak	19%	%1	%0.67	24
n11-2101	Mobilya	Bahçe Mobilyası	Bahçe Takımı	Bahçe Takımı	19%	%1	%0.67	24
n11-2102	Mobilya	Bahçe Mobilyası	Oturma Grubu	Oturma Grubu	19%	%1	%0.67	24
n11-2103	Mobilya	Bahçe Mobilyası	Şemsiye & Tente	Şemsiye & Tente	19%	%1	%0.67	24
n11-2104	Mobilya	Bahçe Mobilyası	Şezlong	Şezlong	19%	%1	%0.67	24
n11-2105	Mobilya	Banyo Mobilyası	Banyo Dolabı	Banyo Dolabı	19%	%1	%0.67	24
n11-2106	Mobilya	Banyo Mobilyası	Banyo Mobilya Takımı	Banyo Mobilya Takımı	19%	%1	%0.67	24
n11-2107	Mobilya	Banyo Mobilyası	Banyo Rafı	Banyo Rafı	19%	%1	%0.67	24
n11-2108	Mobilya	Çocuk & Genç Odası	Genç Odası Takımı	Genç Odası Takımı	19%	%1	%0.67	24
n11-2109	Mobilya	Çocuk & Genç Odası	Çocuk Odası Takımı	Çocuk Odası Takımı	19%	%1	%0.67	24
n11-2110	Mobilya	Gardırop	Bez Dolap	Bez Dolap	19%	%1	%0.67	24
n11-2111	Mobilya	Gardırop	Kapaklı Gardırop	Kapaklı Gardırop	19%	%1	%0.67	24
n11-2112	Mobilya	Gardırop	Sürgülü Gardırop	Sürgülü Gardırop	19%	%1	%0.67	24
n11-2113	Mobilya	Karyola, Yatak, Baza	Baza	Çift Kişilik Baza	19%	%1	%0.67	24
n11-2114	Mobilya	Karyola, Yatak, Baza	Baza	Tek Kişilik Baza	19%	%1	%0.67	24
n11-2115	Mobilya	Karyola, Yatak, Baza	Başlık	Tek Kişilik Başlık	19%	%1	%0.67	24
n11-2116	Mobilya	Karyola, Yatak, Baza	Başlık	Çift Kişilik Başlık	19%	%1	%0.67	24
n11-2117	Mobilya	Karyola, Yatak, Baza	Karyola	Tek Kişilik Karyola	19%	%1	%0.67	24
n11-2118	Mobilya	Karyola, Yatak, Baza	Karyola	Çift Kişilik Karyola	19%	%1	%0.67	24
n11-2119	Mobilya	Karyola, Yatak, Baza	Ranza	Ranza	19%	%1	%0.67	24
n11-2120	Mobilya	Karyola, Yatak, Baza	Yatak	Çift Kişilik Yatak	19%	%1	%0.67	24
n11-2121	Mobilya	Karyola, Yatak, Baza	Yatak	Tek Kişilik Yatak	19%	%1	%0.67	24
n11-2122	Mobilya	Kitaplık & Raf	Kitaplık	Kitaplık	19%	%1	%0.67	24
n11-2123	Mobilya	Kitaplık & Raf	Raf	Raf	19%	%1	%0.67	24
n11-2124	Mobilya	Komodin & Şifonyer	Komodin	Komodin	19%	%1	%0.67	24
n11-2125	Mobilya	Komodin & Şifonyer	Şifonyer	Şifonyer	19%	%1	%0.67	24
n11-2126	Mobilya	Masalar	Bahçe Masası	Bahçe Masası	19%	%1	%0.67	24
n11-2127	Mobilya	Masalar	Bilgisayar Masası	Bilgisayar Masası	19%	%1	%0.67	24
n11-2128	Mobilya	Masalar	Masa & Sandalye Takımı	Masa & Sandalye Takımı	19%	%1	%0.67	24
n11-2129	Mobilya	Masalar	Mutfak Masası	Mutfak Masası	19%	%1	%0.67	24
n11-2130	Mobilya	Masalar	Ofis Masası	Ofis Masası	19%	%1	%0.67	24
n11-2131	Mobilya	Masalar	Yemek Masası	Yemek Masası	19%	%1	%0.67	24
n11-2132	Mobilya	Masalar	Çalışma Masası	Çalışma Masası	19%	%1	%0.67	24
n11-2133	Mobilya	Mobilya Aksesuarları	Gardırop Üniteleri	Gardırop Üniteleri	19%	%1	%0.67	24
n11-2134	Mobilya	Mobilya Aksesuarları	Menteşeler	Menteşeler	19%	%1	%0.67	24
n11-2135	Mobilya	Mobilya Aksesuarları	Mobilya Ayakları	Mobilya Ayakları	19%	%1	%0.67	24
n11-2136	Mobilya	Mobilya Aksesuarları	Mobilya Kulpları	Mobilya Kulpları	19%	%1	%0.67	24
n11-2137	Mobilya	Mobilya Aksesuarları	Raylı Çekmece Sepetleri	Raylı Çekmece Sepetleri	19%	%1	%0.67	24
n11-2138	Mobilya	Mobilya Aksesuarları	Tezgah Altı Ürünleri	Tezgah Altı Ürünleri	19%	%1	%0.67	24
n11-2139	Mobilya	Mobilya Aksesuarları	Çekmece Rayları	Çekmece Rayları	19%	%1	%0.67	24
n11-2140	Mobilya	Mutfak Mobilyası	Hazır Mutfak Takımı	Hazır Mutfak Takımı	19%	%1	%0.67	24
n11-2141	Mobilya	Mutfak Mobilyası	Mutfak Dolabı	Mutfak Dolabı	19%	%1	%0.67	24
n11-2142	Mobilya	Mutfak Mobilyası	Kiler Dolabı	Kiler Dolabı	19%	%1	%0.67	24
n11-2143	Mobilya	Nakliye & Montaj	Nakliye & Montaj	Nakliye & Montaj	20%	%1	%0.67	24
n11-2144	Mobilya	Ofis Mobilyası	Banko	Banko	19%	%1	%0.67	24
n11-2145	Mobilya	Ofis Mobilyası	Dosya Dolabı & Raf	Dosya Dolabı & Raf	19%	%1	%0.67	24
n11-2146	Mobilya	Ofis Mobilyası	Keson	Keson	19%	%1	%0.67	24
n11-2147	Mobilya	Ofis Mobilyası	Kütüphane	Kütüphane	19%	%1	%0.67	24
n11-2148	Mobilya	Ofis Mobilyası	Ofis Koltuk & Kanepe	Ofis Koltuk & Kanepe	19%	%1	%0.67	24
n11-2149	Mobilya	Ofis Mobilyası	Sehpa	Sehpa	19%	%1	%0.67	24
n11-2150	Mobilya	Oturma Grupları	Berjer	Berjer	19%	%1	%0.67	24
n11-2151	Mobilya	Oturma Grupları	Kanepe	Kanepe	19%	%1	%0.67	24
n11-2152	Mobilya	Oturma Grupları	Koltuk	Koltuk	19%	%1	%0.67	24
n11-2153	Mobilya	Oturma Grupları	Koltuk Takımı	Koltuk Takımı	19%	%1	%0.67	24
n11-2154	Mobilya	Oturma Grupları	Köşe Koltuk	Köşe Koltuk	19%	%1	%0.67	24
n11-2155	Mobilya	Oturma Grupları	Minder	Minder	19%	%1	%0.67	24
n11-2156	Mobilya	Oturma Grupları	Puf	Puf	19%	%1	%0.67	24
n11-2157	Mobilya	Oturma Grupları	TV Koltuğu	TV Koltuğu	19%	%1	%0.67	24
n11-2158	Mobilya	Oturma Grupları	Oyuncu Koltukları	Oyuncu Koltukları	19%	%1	%0.67	24
n11-2159	Mobilya	Sandalyeler	Bahçe Sandalyesi	Bahçe Sandalyesi	19%	%1	%0.67	24
n11-2160	Mobilya	Sandalyeler	Bar Sandalyesi	Bar Sandalyesi	19%	%1	%0.67	24
n11-2161	Mobilya	Sandalyeler	Mutfak Sandalyesi	Mutfak Sandalyesi	19%	%1	%0.67	24
n11-2162	Mobilya	Sandalyeler	Ofis Sandalyesi	Ofis Sandalyesi	19%	%1	%0.67	24
n11-2163	Mobilya	Sandalyeler	Tabure	Tabure	19%	%1	%0.67	24
n11-2164	Mobilya	Sandalyeler	Çocuk Sandalyesi	Çocuk Sandalyesi	19%	%1	%0.67	24
n11-2165	Mobilya	Sehpa	Koltuk Sehpası	Koltuk Sehpası	19%	%1	%0.67	24
n11-2166	Mobilya	Sehpa	Orta Sehpa	Orta Sehpa	19%	%1	%0.67	24
n11-2167	Mobilya	Sehpa	Yan Sehpa	Yan Sehpa	19%	%1	%0.67	24
n11-2168	Mobilya	Sehpa	Zigon Sehpa	Zigon Sehpa	19%	%1	%0.67	24
n11-2169	Mobilya	TV Ünitesi & TV Sehpası	TV Sehpası	TV Sehpası	19%	%1	%0.67	24
n11-2170	Mobilya	TV Ünitesi & TV Sehpası	TV Ünitesi	TV Ünitesi	19%	%1	%0.67	24
n11-2171	Mobilya	Yatak Odası	Makyaj Masası	Makyaj Masası	19%	%1	%0.67	24
n11-2172	Mobilya	Yatak Odası	Sandık	Sandık	19%	%1	%0.67	24
n11-2173	Mobilya	Yatak Odası	Takı Dolabı	Takı Dolabı	19%	%1	%0.67	24
n11-2174	Mobilya	Yatak Odası	Yatak Odası Takımı	Yatak Odası Takımı	19%	%1	%0.67	24
n11-2175	Mobilya	Yatak Odası	Yatak Ucu Bankları	Yatak Ucu Bankları	19%	%1	%0.67	24
n11-2176	Mobilya	Yemek Odası	Konsol	Konsol	19%	%1	%0.67	24
n11-2177	Mobilya	Yemek Odası	Vitrin & Büfe	Vitrin & Büfe	19%	%1	%0.67	24
n11-2178	Mobilya	Yemek Odası	Yemek Odası Takımı	Yemek Odası Takımı	19%	%1	%0.67	24
n11-2179	Mutfak Gereçleri	Çay & Kahve Demleme	Çay Hazırlama & Demleme	Çaydanlık	18%	%1	%0.67	24
n11-2180	Mutfak Gereçleri	Çay & Kahve Demleme	Çay Hazırlama & Demleme	Demlik	18%	%1	%0.67	24
n11-2181	Mutfak Gereçleri	Çay & Kahve Demleme	Kahve Hazırlama	Moka Pot	18%	%1	%0.67	24
n11-2182	Mutfak Gereçleri	Çay & Kahve Demleme	Kahve Hazırlama	French Press	18%	%1	%0.67	24
n11-2183	Mutfak Gereçleri	Çay & Kahve Demleme	Kahve Hazırlama	Chemex	18%	%1	%0.67	24
n11-2184	Mutfak Gereçleri	Çay & Kahve Demleme	Kahve Hazırlama	Dripper	18%	%1	%0.67	24
n11-2185	Mutfak Gereçleri	Çay & Kahve Demleme	Kahve Hazırlama	Kahve & Baharat Öğütücüler	18%	%1	%0.67	24
n11-2186	Mutfak Gereçleri	Çay & Kahve Demleme	Kahve Hazırlama	Sifon Kahve	18%	%1	%0.67	24
n11-2187	Mutfak Gereçleri	Çay & Kahve Demleme	Kahve Hazırlama	Cezve	18%	%1	%0.67	24
n11-2188	Mutfak Gereçleri	Çeyiz Setleri	Çeyiz Setleri	Çeyiz Setleri	18%	%1	%0.67	24
n11-2189	Mutfak Gereçleri	Endüstriyel Mutfak Ekipmanları	Pişirme Ekipmanları	Pişirme Ekipmanları	18%	%1	%0.67	24
n11-2190	Mutfak Gereçleri	Endüstriyel Mutfak Ekipmanları	Servis Ekipmanları	Servis Ekipmanları	18%	%1	%0.67	24
n11-2191	Mutfak Gereçleri	Endüstriyel Mutfak Ekipmanları	Gastronom Küvetler	Gastronom Küvetler	18%	%1	%0.67	24
n11-2192	Mutfak Gereçleri	Endüstriyel Mutfak Ekipmanları	Mutfak Hazırlık Ekipmanları	Mutfak Hazırlık Ekipmanları	18%	%1	%0.67	24
n11-2193	Mutfak Gereçleri	Pratik Mutfak Gereçleri	Açacak & Tirbuşon	Açacak & Tirbuşon	18%	%1	%0.67	24
n11-2194	Mutfak Gereçleri	Pratik Mutfak Gereçleri	Bıçak & Bileyici	Bıçak Setleri	18%	%1	%0.67	24
n11-2195	Mutfak Gereçleri	Pratik Mutfak Gereçleri	Bıçak & Bileyici	Ekmek Bıçağı	18%	%1	%0.67	24
n11-2196	Mutfak Gereçleri	Pratik Mutfak Gereçleri	Bıçak & Bileyici	Et Bıçağı	18%	%1	%0.67	24
n11-2197	Mutfak Gereçleri	Pratik Mutfak Gereçleri	Bıçak & Bileyici	Kesiciler	18%	%1	%0.67	24
n11-2198	Mutfak Gereçleri	Pratik Mutfak Gereçleri	Bıçak & Bileyici	Meyve Bıçağı	18%	%1	%0.67	24
n11-2199	Mutfak Gereçleri	Pratik Mutfak Gereçleri	Bıçak & Bileyici	Satır	18%	%1	%0.67	24
n11-2200	Mutfak Gereçleri	Pratik Mutfak Gereçleri	Bıçak & Bileyici	Sebze Bıçağı	18%	%1	%0.67	24
n11-2201	Mutfak Gereçleri	Pratik Mutfak Gereçleri	Bıçak & Bileyici	Soyma Bıçağı	18%	%1	%0.67	24
n11-2202	Mutfak Gereçleri	Pratik Mutfak Gereçleri	Bıçak & Bileyici	Bıçak Bileyicisi	18%	%1	%0.67	24
n11-2203	Mutfak Gereçleri	Pratik Mutfak Gereçleri	Bıçak & Bileyici	Makas	18%	%1	%0.67	24
n11-2204	Mutfak Gereçleri	Pratik Mutfak Gereçleri	Dilimleyici	Dilimleyici	18%	%1	%0.67	24
n11-2205	Mutfak Gereçleri	Pratik Mutfak Gereçleri	Elek	Elek	18%	%1	%0.67	24
n11-2206	Mutfak Gereçleri	Pratik Mutfak Gereçleri	Hamur Fırçası	Hamur Fırçası	18%	%1	%0.67	24
n11-2207	Mutfak Gereçleri	Pratik Mutfak Gereçleri	Havan	Havan	18%	%1	%0.67	24
n11-2208	Mutfak Gereçleri	Pratik Mutfak Gereçleri	Kesme Tahtası	Kesme Tahtası	18%	%1	%0.67	24
n11-2209	Mutfak Gereçleri	Pratik Mutfak Gereçleri	Limon Sıkacağı	Limon Sıkacağı	18%	%1	%0.67	24
n11-2210	Mutfak Gereçleri	Pratik Mutfak Gereçleri	Meyve Presi	Meyve Presi	18%	%1	%0.67	24
n11-2211	Mutfak Gereçleri	Pratik Mutfak Gereçleri	Mutfak Tartıları	Mutfak Tartıları	18%	%1	%0.67	24
n11-2212	Mutfak Gereçleri	Pratik Mutfak Gereçleri	Mutfak Zamanlayıcıları	Mutfak Zamanlayıcıları	18%	%1	%0.67	24
n11-2213	Mutfak Gereçleri	Pratik Mutfak Gereçleri	Oklava	Oklava	18%	%1	%0.67	24
n11-2214	Mutfak Gereçleri	Pratik Mutfak Gereçleri	Patates Ezici	Patates Ezici	18%	%1	%0.67	24
n11-2215	Mutfak Gereçleri	Pratik Mutfak Gereçleri	Rende	Rende	18%	%1	%0.67	24
n11-2216	Mutfak Gereçleri	Pratik Mutfak Gereçleri	Sarımsak Ezici	Sarımsak Ezici	18%	%1	%0.67	24
n11-2217	Mutfak Gereçleri	Pratik Mutfak Gereçleri	Süzgeç	Süzgeç	18%	%1	%0.67	24
n11-2218	Mutfak Gereçleri	Pratik Mutfak Gereçleri	Çekirdek Çıkartıcı	Çekirdek Çıkartıcı	18%	%1	%0.67	24
n11-2219	Mutfak Gereçleri	Pratik Mutfak Gereçleri	Çırpıcı	Çırpıcı	18%	%1	%0.67	24
n11-2220	Mutfak Gereçleri	Pratik Mutfak Gereçleri	Damacana Pompaları	Damacana Pompaları	18%	%1	%0.67	24
n11-2221	Mutfak Gereçleri	Saklama Kapları & Düzenleme	Baharatlık	Baharatlık	18%	%1	%0.67	24
n11-2222	Mutfak Gereçleri	Saklama Kapları & Düzenleme	Borcam	Borcam	18%	%1	%0.67	24
n11-2223	Mutfak Gereçleri	Saklama Kapları & Düzenleme	Bulaşık Sepeti	Bulaşık Sepeti	18%	%1	%0.67	24
n11-2224	Mutfak Gereçleri	Saklama Kapları & Düzenleme	Buz Kovası	Buz Kovası	18%	%1	%0.67	24
n11-2225	Mutfak Gereçleri	Saklama Kapları & Düzenleme	Cam Damacana	Cam Damacana	18%	%1	%0.67	24
n11-2226	Mutfak Gereçleri	Saklama Kapları & Düzenleme	Diğer	Diğer	18%	%1	%0.67	24
n11-2227	Mutfak Gereçleri	Saklama Kapları & Düzenleme	Ekmek Kutusu & Sepeti	Ekmek Kutusu & Sepeti	18%	%1	%0.67	24
n11-2228	Mutfak Gereçleri	Saklama Kapları & Düzenleme	Karıştırma & Ölçü Kapları	Karıştırma & Ölçü Kapları	18%	%1	%0.67	24
n11-2229	Mutfak Gereçleri	Saklama Kapları & Düzenleme	Kavanoz	Kavanoz	18%	%1	%0.67	24
n11-2230	Mutfak Gereçleri	Saklama Kapları & Düzenleme	Kaşıklık	Kaşıklık	18%	%1	%0.67	24
n11-2231	Mutfak Gereçleri	Saklama Kapları & Düzenleme	Poşetlik	Poşetlik	18%	%1	%0.67	24
n11-2232	Mutfak Gereçleri	Saklama Kapları & Düzenleme	Sebzelik	Sebzelik	18%	%1	%0.67	24
n11-2233	Mutfak Gereçleri	Saklama Kapları & Düzenleme	Sosluk	Sosluk	18%	%1	%0.67	24
n11-2234	Mutfak Gereçleri	Saklama Kapları & Düzenleme	Termos	Termos	18%	%1	%0.67	24
n11-2235	Mutfak Gereçleri	Saklama Kapları & Düzenleme	Torba Klipsleri	Torba Klipsleri	18%	%1	%0.67	24
n11-2236	Mutfak Gereçleri	Sofra	Bardak & Kupa	Termos Bardak	18%	%1	%0.67	24
n11-2237	Mutfak Gereçleri	Sofra	Bardak & Kupa	Su Bardağı	18%	%1	%0.67	24
n11-2238	Mutfak Gereçleri	Sofra	Bardak & Kupa	Plastik Bardak	18%	%1	%0.67	24
n11-2239	Mutfak Gereçleri	Sofra	Bardak & Kupa	Meşrubat Bardağı	18%	%1	%0.67	24
n11-2240	Mutfak Gereçleri	Sofra	Bardak & Kupa	Kağıt Bardak	18%	%1	%0.67	24
n11-2241	Mutfak Gereçleri	Sofra	Bardak & Kupa	Kupa	18%	%1	%0.67	24
n11-2242	Mutfak Gereçleri	Sofra	Bardak Altlıkları	Bardak Altlıkları	18%	%1	%0.67	24
n11-2243	Mutfak Gereçleri	Sofra	Dondurmalık	Dondurmalık	18%	%1	%0.67	24
n11-2244	Mutfak Gereçleri	Sofra	Kahvaltı Takımı	Kahvaltı Takımı	18%	%1	%0.67	24
n11-2245	Mutfak Gereçleri	Sofra	Kase & Çerezlik	Kase & Çerezlik	18%	%1	%0.67	24
n11-2246	Mutfak Gereçleri	Sofra	Nihale	Nihale	18%	%1	%0.67	24
n11-2247	Mutfak Gereçleri	Sofra	Pasta Servisleri	Pasta Servisleri	18%	%1	%0.67	24
n11-2248	Mutfak Gereçleri	Sofra	Peçete Halkası	Peçete Halkası	18%	%1	%0.67	24
n11-2249	Mutfak Gereçleri	Sofra	Peçetelik	Peçetelik	18%	%1	%0.67	24
n11-2250	Mutfak Gereçleri	Sofra	Servis Gereçleri	Kaşık Altlıkları	18%	%1	%0.67	24
n11-2251	Mutfak Gereçleri	Sofra	Servis Gereçleri	Kepçe	18%	%1	%0.67	24
n11-2252	Mutfak Gereçleri	Sofra	Servis Gereçleri	Kevgir	18%	%1	%0.67	24
n11-2253	Mutfak Gereçleri	Sofra	Servis Gereçleri	Salata Servis Seti	18%	%1	%0.67	24
n11-2254	Mutfak Gereçleri	Sofra	Servis Gereçleri	Servis Kaşıkları	18%	%1	%0.67	24
n11-2255	Mutfak Gereçleri	Sofra	Servis Gereçleri	Servis Maşası	18%	%1	%0.67	24
n11-2256	Mutfak Gereçleri	Sofra	Servis Gereçleri	Servis Takımları	18%	%1	%0.67	24
n11-2257	Mutfak Gereçleri	Sofra	Servis Gereçleri	Servis Tepsisi	18%	%1	%0.67	24
n11-2258	Mutfak Gereçleri	Sofra	Servis Gereçleri	Servis Çatalı	18%	%1	%0.67	24
n11-2259	Mutfak Gereçleri	Sofra	Servis Gereçleri	Spatula	18%	%1	%0.67	24
n11-2260	Mutfak Gereçleri	Sofra	Servis Gereçleri	Dondurma Kaşıkları	18%	%1	%0.67	24
n11-2261	Mutfak Gereçleri	Sofra	Tabak	Tabak	18%	%1	%0.67	24
n11-2262	Mutfak Gereçleri	Sofra	Tuzluk & Biberlik	Tuzluk & Biberlik	18%	%1	%0.67	24
n11-2263	Mutfak Gereçleri	Sofra	Yağlık & Sirkelik	Yağlık & Sirkelik	18%	%1	%0.67	24
n11-2264	Mutfak Gereçleri	Sofra	Yemek Takımı	Yemek Takımı	18%	%1	%0.67	24
n11-2265	Mutfak Gereçleri	Sofra	Yumurtalık	Yumurtalık	18%	%1	%0.67	24
n11-2266	Mutfak Gereçleri	Sofra	Çatal, Bıçak, Kaşık	Kaşık	18%	%1	%0.67	24
n11-2267	Mutfak Gereçleri	Sofra	Çatal, Bıçak, Kaşık	Çatal	18%	%1	%0.67	24
n11-2268	Mutfak Gereçleri	Sofra	Çatal, Bıçak, Kaşık	Çatal, Bıçak, Kaşık Takımı	18%	%1	%0.67	24
n11-2269	Mutfak Gereçleri	Sofra	Çatal, Bıçak, Kaşık	Bıçak	18%	%1	%0.67	24
n11-2270	Mutfak Gereçleri	Sofra	İçki Bardağı & Karaf	Şarap Kadehi	18%	%1	%0.67	24
n11-2271	Mutfak Gereçleri	Sofra	İçki Bardağı & Karaf	Şampanya Kadehi	18%	%1	%0.67	24
n11-2272	Mutfak Gereçleri	Sofra	İçki Bardağı & Karaf	Viski Bardağı	18%	%1	%0.67	24
n11-2273	Mutfak Gereçleri	Sofra	İçki Bardağı & Karaf	Shot Bardağı	18%	%1	%0.67	24
n11-2274	Mutfak Gereçleri	Sofra	İçki Bardağı & Karaf	Rakı Bardağı	18%	%1	%0.67	24
n11-2275	Mutfak Gereçleri	Sofra	İçki Bardağı & Karaf	Likör Seti	18%	%1	%0.67	24
n11-2276	Mutfak Gereçleri	Sofra	İçki Bardağı & Karaf	Kokteyl Bardağı	18%	%1	%0.67	24
n11-2277	Mutfak Gereçleri	Sofra	İçki Bardağı & Karaf	Karaf	18%	%1	%0.67	24
n11-2278	Mutfak Gereçleri	Sofra	İçki Bardağı & Karaf	Bira Bardağı	18%	%1	%0.67	24
n11-2279	Mutfak Gereçleri	Sofra	Şekerlik	Şekerlik	18%	%1	%0.67	24
n11-2280	Mutfak Gereçleri	Sofra	Sürahiler	Sürahiler	18%	%1	%0.67	24
n11-2281	Mutfak Gereçleri	Sofra	Çay&Kahve Takımı	Çay Takımı	18%	%1	%0.67	24
n11-2282	Mutfak Gereçleri	Sofra	Çay&Kahve Takımı	Kahve & Fincan Takımı	18%	%1	%0.67	24
n11-2283	Mutfak Gereçleri	Teşhir & Outlet Ürünleri	Teşhir & Outlet Ürünleri	Teşhir & Outlet Ürünleri	18%	%1	%0.67	24
n11-2284	Mutfak Gereçleri	Yemek Pişirme	Düdüklü Tencere	Düdüklü Tencere	18%	%1	%0.67	24
n11-2285	Mutfak Gereçleri	Yemek Pişirme	Fırın Kapları	Fırın Kapları	18%	%1	%0.67	24
n11-2286	Mutfak Gereçleri	Yemek Pişirme	Kek Kalıpları	Kek Kalıpları	18%	%1	%0.67	24
n11-2287	Mutfak Gereçleri	Yemek Pişirme	Sahan	Sahan	18%	%1	%0.67	24
n11-2288	Mutfak Gereçleri	Yemek Pişirme	Sebze Haşlayıcı	Sebze Haşlayıcı	18%	%1	%0.67	24
n11-2289	Mutfak Gereçleri	Yemek Pişirme	Tencere, Tava, Setler	Tencere	18%	%1	%0.67	24
n11-2290	Mutfak Gereçleri	Yemek Pişirme	Tencere, Tava, Setler	Tencere & Tava Setleri	18%	%1	%0.67	24
n11-2291	Mutfak Gereçleri	Yemek Pişirme	Tencere, Tava, Setler	Tava	18%	%1	%0.67	24
n11-2292	Mutfak Gereçleri	Yemek Pişirme	Kapaklar&Aksesuarlar	Kapaklar&Aksesuarlar	18%	%1	%0.67	24
n11-2293	Mutfak Gereçleri	Yemek Pişirme	Güveçler	Güveçler	18%	%1	%0.67	24
n11-2294	Süpermarket	Deterjan & Temizlik	Bulaşık Yıkama	Sıvı & Jel Deterjan	14%	%1	%0.67	24
n11-2295	Süpermarket	Deterjan & Temizlik	Bulaşık Yıkama	Sünger	14%	%1	%0.67	24
n11-2296	Süpermarket	Deterjan & Temizlik	Bulaşık Yıkama	Parlatıcı	14%	%1	%0.67	24
n11-2297	Süpermarket	Deterjan & Temizlik	Bulaşık Yıkama	Koku Giderici	14%	%1	%0.67	24
n11-2298	Süpermarket	Deterjan & Temizlik	Bulaşık Yıkama	Tuz	14%	%1	%0.67	24
n11-2299	Süpermarket	Deterjan & Temizlik	Bulaşık Yıkama	Toz Deterjan	14%	%1	%0.67	24
n11-2300	Süpermarket	Deterjan & Temizlik	Bulaşık Yıkama	Tablet	14%	%1	%0.67	24
n11-2301	Süpermarket	Deterjan & Temizlik	Ev Temizliği	Temizlik Bezleri	14%	%1	%0.67	24
n11-2302	Süpermarket	Deterjan & Temizlik	Ev Temizliği	Ambalaj Malzemeleri	14%	%1	%0.67	24
n11-2303	Süpermarket	Deterjan & Temizlik	Ev Temizliği	Buzdolabı Poşeti	14%	%1	%0.67	24
n11-2304	Süpermarket	Deterjan & Temizlik	Ev Temizliği	Cam & Parlak Yüzey	14%	%1	%0.67	24
n11-2305	Süpermarket	Deterjan & Temizlik	Ev Temizliği	Eldivenler	14%	%1	%0.67	24
n11-2306	Süpermarket	Deterjan & Temizlik	Ev Temizliği	Folyolar	14%	%1	%0.67	24
n11-2307	Süpermarket	Deterjan & Temizlik	Ev Temizliği	Fırça & Sünger	14%	%1	%0.67	24
n11-2308	Süpermarket	Deterjan & Temizlik	Ev Temizliği	Halı Yıkama Şampuanı	14%	%1	%0.67	24
n11-2309	Süpermarket	Deterjan & Temizlik	Ev Temizliği	Çöp Torbaları	14%	%1	%0.67	24
n11-2310	Süpermarket	Deterjan & Temizlik	Ev Temizliği	Yüzey Temizleyiciler	14%	%1	%0.67	24
n11-2311	Süpermarket	Deterjan & Temizlik	Ev Temizliği	Tuvalet Temizleyiciler	14%	%1	%0.67	24
n11-2312	Süpermarket	Deterjan & Temizlik	Ev Temizliği	Temizlik Setleri	14%	%1	%0.67	24
n11-2313	Süpermarket	Deterjan & Temizlik	Ev Temizliği	Ahşap Temizleyiciler	14%	%1	%0.67	24
n11-2314	Süpermarket	Deterjan & Temizlik	Ev Temizliği	Leke Çıkarıcı & Koruyucu	14%	%1	%0.67	24
n11-2315	Süpermarket	Deterjan & Temizlik	Ev Temizliği	Koku Giderici	14%	%1	%0.67	24
n11-2316	Süpermarket	Deterjan & Temizlik	Ev Temizliği	Haşere Öldürücü	14%	%1	%0.67	24
n11-2317	Süpermarket	Deterjan & Temizlik	Ev Temizliği	Oda Kokusu	14%	%1	%0.67	24
n11-2318	Süpermarket	Deterjan & Temizlik	Kağıt Ürünleri	Kağıt Havlular	14%	%1	%0.67	24
n11-2319	Süpermarket	Deterjan & Temizlik	Kağıt Ürünleri	Kağıt Mendil & Peçete	14%	%1	%0.67	24
n11-2320	Süpermarket	Deterjan & Temizlik	Kağıt Ürünleri	Tuvalet Kağıtları	14%	%1	%0.67	24
n11-2321	Süpermarket	Deterjan & Temizlik	Çamaşır Yıkama	Leke Çıkarıcı	14%	%1	%0.67	24
n11-2322	Süpermarket	Deterjan & Temizlik	Çamaşır Yıkama	Sıvı & Jel Deterjan	14%	%1	%0.67	24
n11-2323	Süpermarket	Deterjan & Temizlik	Çamaşır Yıkama	Toz Deterjan	14%	%1	%0.67	24
n11-2324	Süpermarket	Deterjan & Temizlik	Çamaşır Yıkama	Yumuşatıcı	14%	%1	%0.67	24
n11-2325	Süpermarket	Deterjan & Temizlik	Çamaşır Yıkama	Çamaşır Suyu	14%	%1	%0.67	24
n11-2326	Süpermarket	Gıda & Şekerleme	Bakliyat	Bulgur	15%	%1	%0.67	24
n11-2327	Süpermarket	Gıda & Şekerleme	Bakliyat	Bakliyat Diğer	15%	%1	%0.67	24
n11-2328	Süpermarket	Gıda & Şekerleme	Bakliyat	Pirinç	15%	%1	%0.67	24
n11-2329	Süpermarket	Gıda & Şekerleme	Bakliyat	Nohut	15%	%1	%0.67	24
n11-2330	Süpermarket	Gıda & Şekerleme	Bakliyat	Mısır	15%	%1	%0.67	24
n11-2331	Süpermarket	Gıda & Şekerleme	Bakliyat	Mercimek	15%	%1	%0.67	24
n11-2332	Süpermarket	Gıda & Şekerleme	Bakliyat	Makarna	15%	%1	%0.67	24
n11-2333	Süpermarket	Gıda & Şekerleme	Bakliyat	Fasulye	15%	%1	%0.67	24
n11-2334	Süpermarket	Gıda & Şekerleme	Bisküvi & Çerez	Bisküvi & Çerez Diğer	15%	%1	%0.67	24
n11-2335	Süpermarket	Gıda & Şekerleme	Bisküvi & Çerez	Cips	15%	%1	%0.67	24
n11-2336	Süpermarket	Gıda & Şekerleme	Bisküvi & Çerez	Bisküvi	15%	%1	%0.67	24
n11-2337	Süpermarket	Gıda & Şekerleme	Bisküvi & Çerez	Kek	15%	%1	%0.67	24
n11-2338	Süpermarket	Gıda & Şekerleme	Bisküvi & Çerez	Kuru Meyve	15%	%1	%0.67	24
n11-2339	Süpermarket	Gıda & Şekerleme	Bisküvi & Çerez	Kuru Yemiş	15%	%1	%0.67	24
n11-2340	Süpermarket	Gıda & Şekerleme	Bisküvi & Çerez	Sakız	15%	%1	%0.67	24
n11-2341	Süpermarket	Gıda & Şekerleme	Bisküvi & Çerez	Çekirdek	15%	%1	%0.67	24
n11-2342	Süpermarket	Gıda & Şekerleme	Bisküvi & Çerez	Şekerleme	15%	%1	%0.67	24
n11-2343	Süpermarket	Gıda & Şekerleme	Et Şarküteri	Jambon	15%	%1	%0.67	24
n11-2344	Süpermarket	Gıda & Şekerleme	Et Şarküteri	Kavurma	15%	%1	%0.67	24
n11-2345	Süpermarket	Gıda & Şekerleme	Et Şarküteri	Kuru Et	15%	%1	%0.67	24
n11-2346	Süpermarket	Gıda & Şekerleme	Et Şarküteri	Pastırma	15%	%1	%0.67	24
n11-2347	Süpermarket	Gıda & Şekerleme	Et Şarküteri	Salam	15%	%1	%0.67	24
n11-2348	Süpermarket	Gıda & Şekerleme	Et Şarküteri	Sosis	15%	%1	%0.67	24
n11-2349	Süpermarket	Gıda & Şekerleme	Et Şarküteri	Sucuk	15%	%1	%0.67	24
n11-2350	Süpermarket	Gıda & Şekerleme	Et Şarküteri	Çiğköfte	15%	%1	%0.67	24
n11-2351	Süpermarket	Gıda & Şekerleme	Et Şarküteri	Kırmızı Et	15%	%1	%0.67	24
n11-2352	Süpermarket	Gıda & Şekerleme	Et Şarküteri	Beyaz Et	15%	%1	%0.67	24
n11-2353	Süpermarket	Gıda & Şekerleme	Gurme Ürünler	Gurme Ürünler	15%	%1	%0.67	24
n11-2354	Süpermarket	Gıda & Şekerleme	Hediyelik Şeker & Çikolata	Çikolata	15%	%1	%0.67	24
n11-2355	Süpermarket	Gıda & Şekerleme	Hediyelik Şeker & Çikolata	Pişmaniye	15%	%1	%0.67	24
n11-2356	Süpermarket	Gıda & Şekerleme	Hediyelik Şeker & Çikolata	Lokum	15%	%1	%0.67	24
n11-2357	Süpermarket	Gıda & Şekerleme	Hediyelik Şeker & Çikolata	Kestane Şekeri	15%	%1	%0.67	24
n11-2358	Süpermarket	Gıda & Şekerleme	Hediyelik Şeker & Çikolata	Hediyelik Şeker & Çikolata Diğer	15%	%1	%0.67	24
n11-2359	Süpermarket	Gıda & Şekerleme	Kahvaltılık	Krem Çikolata & Ezme	15%	%1	%0.67	24
n11-2360	Süpermarket	Gıda & Şekerleme	Kahvaltılık	Peynir	15%	%1	%0.67	24
n11-2361	Süpermarket	Gıda & Şekerleme	Kahvaltılık	Helva, Tahin, Pekmez	15%	%1	%0.67	24
n11-2362	Süpermarket	Gıda & Şekerleme	Kahvaltılık	Bal	15%	%1	%0.67	24
n11-2363	Süpermarket	Gıda & Şekerleme	Kahvaltılık	Zeytin	15%	%1	%0.67	24
n11-2364	Süpermarket	Gıda & Şekerleme	Kahvaltılık	Yumurta	15%	%1	%0.67	24
n11-2365	Süpermarket	Gıda & Şekerleme	Kahvaltılık	Reçel	15%	%1	%0.67	24
n11-2366	Süpermarket	Gıda & Şekerleme	Kahvaltılık	Tereyağ	15%	%1	%0.67	24
n11-2367	Süpermarket	Gıda & Şekerleme	Kahvaltılık	Yoğurt	15%	%1	%0.67	24
n11-2368	Süpermarket	Gıda & Şekerleme	Kahvaltılık	Mısır Gevreği	15%	%1	%0.67	24
n11-2369	Süpermarket	Gıda & Şekerleme	Kahvaltılık	Yulaf Ezmesi	15%	%1	%0.67	24
n11-2370	Süpermarket	Gıda & Şekerleme	Hazır Gıda, Konserve, Salça	Mısır	15%	%1	%0.67	24
n11-2371	Süpermarket	Gıda & Şekerleme	Hazır Gıda, Konserve, Salça	Salça	15%	%1	%0.67	24
n11-2372	Süpermarket	Gıda & Şekerleme	Hazır Gıda, Konserve, Salça	Turşu	15%	%1	%0.67	24
n11-2373	Süpermarket	Gıda & Şekerleme	Hazır Gıda, Konserve, Salça	Konserve	15%	%1	%0.67	24
n11-2374	Süpermarket	Gıda & Şekerleme	Hazır Gıda, Konserve, Salça	Hazır Yemek	15%	%1	%0.67	24
n11-2375	Süpermarket	Gıda & Şekerleme	Hazır Gıda, Konserve, Salça	Paketli Meze	15%	%1	%0.67	24
n11-2376	Süpermarket	Gıda & Şekerleme	Hazır Gıda, Konserve, Salça	Paketli Sandviç	15%	%1	%0.67	24
n11-2377	Süpermarket	Gıda & Şekerleme	Hazır Gıda, Konserve, Salça	Soğuk Meze	15%	%1	%0.67	24
n11-2378	Süpermarket	Gıda & Şekerleme	Organik Ürünler	Organik Ürünler	15%	%1	%0.67	24
n11-2379	Süpermarket	Gıda & Şekerleme	Soslar	Biber Sosu	15%	%1	%0.67	24
n11-2380	Süpermarket	Gıda & Şekerleme	Soslar	Soslar Diğer	15%	%1	%0.67	24
n11-2381	Süpermarket	Gıda & Şekerleme	Soslar	Hardal	15%	%1	%0.67	24
n11-2382	Süpermarket	Gıda & Şekerleme	Soslar	Ketçap	15%	%1	%0.67	24
n11-2383	Süpermarket	Gıda & Şekerleme	Soslar	Limon Suyu	15%	%1	%0.67	24
n11-2384	Süpermarket	Gıda & Şekerleme	Soslar	Mayonez	15%	%1	%0.67	24
n11-2385	Süpermarket	Gıda & Şekerleme	Soslar	Nar Sosu	15%	%1	%0.67	24
n11-2386	Süpermarket	Gıda & Şekerleme	Soslar	Sirke	15%	%1	%0.67	24
n11-2387	Süpermarket	Gıda & Şekerleme	Soslar	Soya Sosu	15%	%1	%0.67	24
n11-2388	Süpermarket	Gıda & Şekerleme	Tuz, Şeker, Baharat	Toz Şeker	15%	%1	%0.67	24
n11-2389	Süpermarket	Gıda & Şekerleme	Tuz, Şeker, Baharat	Tuz	15%	%1	%0.67	24
n11-2390	Süpermarket	Gıda & Şekerleme	Tuz, Şeker, Baharat	Vanilin	15%	%1	%0.67	24
n11-2391	Süpermarket	Gıda & Şekerleme	Tuz, Şeker, Baharat	Baharat	15%	%1	%0.67	24
n11-2392	Süpermarket	Gıda & Şekerleme	Tuz, Şeker, Baharat	Küp Şeker	15%	%1	%0.67	24
n11-2393	Süpermarket	Gıda & Şekerleme	Tuz, Şeker, Baharat	Harç	15%	%1	%0.67	24
n11-2394	Süpermarket	Gıda & Şekerleme	Tuz, Şeker, Baharat	Kabartma Tozu	15%	%1	%0.67	24
n11-2395	Süpermarket	Gıda & Şekerleme	Tuz, Şeker, Baharat	Karbonat	15%	%1	%0.67	24
n11-2396	Süpermarket	Gıda & Şekerleme	Tuz, Şeker, Baharat	Pudra Şekeri	15%	%1	%0.67	24
n11-2397	Süpermarket	Gıda & Şekerleme	Unlu Mamuller & Tatlılar	Cupcake & Kurabiye	15%	%1	%0.67	24
n11-2398	Süpermarket	Gıda & Şekerleme	Unlu Mamuller & Tatlılar	Unlu Mamuller & Tatlılar Diğer	15%	%1	%0.67	24
n11-2399	Süpermarket	Gıda & Şekerleme	Unlu Mamuller & Tatlılar	Galeta & Grissini	15%	%1	%0.67	24
n11-2400	Süpermarket	Gıda & Şekerleme	Unlu Mamuller & Tatlılar	Pasta	15%	%1	%0.67	24
n11-2401	Süpermarket	Gıda & Şekerleme	Unlu Mamuller & Tatlılar	Puding	15%	%1	%0.67	24
n11-2402	Süpermarket	Gıda & Şekerleme	Unlu Mamuller & Tatlılar	Un	15%	%1	%0.67	24
n11-2403	Süpermarket	Gıda & Şekerleme	Unlu Mamuller & Tatlılar	Ekmek	15%	%1	%0.67	24
n11-2404	Süpermarket	Gıda & Şekerleme	Unlu Mamuller & Tatlılar	Tatlılar	15%	%1	%0.67	24
n11-2405	Süpermarket	Gıda & Şekerleme	Çikolata & Gofret	Çikolata	15%	%1	%0.67	24
n11-2406	Süpermarket	Gıda & Şekerleme	Çikolata & Gofret	Gofret	15%	%1	%0.67	24
n11-2407	Süpermarket	Gıda & Şekerleme	Çikolata & Gofret	Bar	15%	%1	%0.67	24
n11-2408	Süpermarket	Gıda & Şekerleme	Çorba & Bulyon	Bulyon	15%	%1	%0.67	24
n11-2409	Süpermarket	Gıda & Şekerleme	Çorba & Bulyon	Çorba	15%	%1	%0.67	24
n11-2410	Süpermarket	Gıda & Şekerleme	Glutensiz	Glutensiz	15%	%1	%0.67	24
n11-2411	Süpermarket	Gıda & Şekerleme	Deniz Ürünleri	Deniz Ürünleri	15%	%1	%0.67	24
n11-2412	Süpermarket	Gıda & Şekerleme	Dondurulmuş Gıda	Dondurulmuş Hamur İşleri	15%	%1	%0.67	24
n11-2413	Süpermarket	Gıda & Şekerleme	Dondurulmuş Gıda	Dondurulmuş Sebze, Meyve	15%	%1	%0.67	24
n11-2414	Süpermarket	Gıda & Şekerleme	Dondurulmuş Gıda	Dondurulmuş Et, Su Ürünleri	15%	%1	%0.67	24
n11-2415	Süpermarket	Gıda & Şekerleme	Kaymak, Krema	Kaymak	15%	%1	%0.67	24
n11-2416	Süpermarket	Gıda & Şekerleme	Kaymak, Krema	Krema ve Sos	15%	%1	%0.67	24
n11-2417	Süpermarket	Gıda & Şekerleme	Dondurma	Kap Dondurma	15%	%1	%0.67	24
n11-2418	Süpermarket	Gıda & Şekerleme	Dondurma	Tek Dondurma	15%	%1	%0.67	24
n11-2419	Süpermarket	Gıda & Şekerleme	Dondurma	Buz	15%	%1	%0.67	24
n11-2420	Süpermarket	Gıda & Şekerleme	Sağlıklı Yaşam Ürünleri	Sağlıklı Yaşam Ürünleri	15%	%1	%0.67	24
n11-2421	Süpermarket	İçecek	Gazlı & Gazsız İçecekler	Toz İçecekler	15%	%1	%0.67	24
n11-2422	Süpermarket	İçecek	Gazlı & Gazsız İçecekler	Boza & Sahlep	15%	%1	%0.67	24
n11-2423	Süpermarket	İçecek	Gazlı & Gazsız İçecekler	Enerji İçeceği	15%	%1	%0.67	24
n11-2424	Süpermarket	İçecek	Gazlı & Gazsız İçecekler	Gazoz	15%	%1	%0.67	24
n11-2425	Süpermarket	İçecek	Gazlı & Gazsız İçecekler	Kola	15%	%1	%0.67	24
n11-2426	Süpermarket	İçecek	Gazlı & Gazsız İçecekler	Şalgam Suyu	15%	%1	%0.67	24
n11-2427	Süpermarket	İçecek	Gazlı & Gazsız İçecekler	Ayran & Kefir	15%	%1	%0.67	24
n11-2428	Süpermarket	İçecek	Gazlı & Gazsız İçecekler	Sporcu İçeceği	15%	%1	%0.67	24
n11-2429	Süpermarket	İçecek	Gazlı & Gazsız İçecekler	Meyve Suyu	15%	%1	%0.67	24
n11-2430	Süpermarket	İçecek	Gazlı & Gazsız İçecekler	Şerbetler	15%	%1	%0.67	24
n11-2431	Süpermarket	İçecek	Su & Maden Suyu	Maden Suyu & Soda	15%	%1	%0.67	24
n11-2432	Süpermarket	İçecek	Su & Maden Suyu	Su	15%	%1	%0.67	24
n11-2433	Süpermarket	İçecek	Çay & Kahve	Kahve	15%	%1	%0.67	24
n11-2434	Süpermarket	İçecek	Çay & Kahve	Süt Tozu	15%	%1	%0.67	24
n11-2435	Süpermarket	İçecek	Çay & Kahve	Çay	15%	%1	%0.67	24
n11-2436	Süpermarket	İçecek	Süt	Süt	15%	%1	%0.67	24
n11-2437	Süpermarket	Meyve & Sebze	Meyve	Meyve	15%	%1	%0.67	24
n11-2438	Süpermarket	Meyve & Sebze	Sebze	Sebze	15%	%1	%0.67	24
n11-2439	Süpermarket	Yağlar	Ayçiçek Yağı	Ayçiçek Yağı	12%	%1	%0.67	24
n11-2440	Süpermarket	Yağlar	Fındık Yağı	Fındık Yağı	12%	%1	%0.67	24
n11-2441	Süpermarket	Yağlar	Mısır Özü Yağı	Mısır Özü Yağı	12%	%1	%0.67	24
n11-2442	Süpermarket	Yağlar	Zeytinyağı	Zeytinyağı	12%	%1	%0.67	24
n11-2443	Süpermarket	Yağlar	Bitkisel Yağ	Bitkisel Yağ	12%	%1	%0.67	24
n11-2444	Yapı Market & Bahçe	Akıllı Ev Sistemleri	Otomasyon ve Kontrol ürünleri	Otomasyon ve Kontrol ürünleri	12%	%1	%0.67	22
n11-2445	Yapı Market & Bahçe	Akıllı Ev Sistemleri	Akıllı Ev Modülleri	Akıllı Ev Modülleri	12%	%1	%0.67	22
n11-2446	Yapı Market & Bahçe	Akıllı Ev Sistemleri	Akıllı Ampuller ve Aydınlatmalar	Akıllı Ampuller ve Aydınlatmalar	12%	%1	%0.67	22
n11-2447	Yapı Market & Bahçe	Akülü Vidalama	Li-Ion Akülü Vidalamalar	Li-Ion Akülü Vidalamalar	13.5%	%1	%0.67	22
n11-2448	Yapı Market & Bahçe	Akülü Vidalama	Ni-Cd Akülü Vidalamalar	Ni-Cd Akülü Vidalamalar	13.5%	%1	%0.67	22
n11-2449	Yapı Market & Bahçe	Akülü Vidalama	Şarjlı Tornavida	Şarjlı Tornavida	13.5%	%1	%0.67	22
n11-2450	Yapı Market & Bahçe	Bahçe & Çiçek	Bahçe Aletleri	Orak	17%	%1	%0.67	22
n11-2451	Yapı Market & Bahçe	Bahçe & Çiçek	Bahçe Aletleri	Misina	17%	%1	%0.67	22
n11-2452	Yapı Market & Bahçe	Bahçe & Çiçek	Bahçe Aletleri	Meyve Toplama	17%	%1	%0.67	22
n11-2453	Yapı Market & Bahçe	Bahçe & Çiçek	Bahçe Aletleri	Kürek	17%	%1	%0.67	22
n11-2454	Yapı Market & Bahçe	Bahçe & Çiçek	Bahçe Aletleri	Diğer Bahçe Aletleri	17%	%1	%0.67	22
n11-2455	Yapı Market & Bahçe	Bahçe & Çiçek	Bahçe Aletleri	Budama Testeresi	17%	%1	%0.67	22
n11-2456	Yapı Market & Bahçe	Bahçe & Çiçek	Bahçe Aletleri	Budama Makası	17%	%1	%0.67	22
n11-2457	Yapı Market & Bahçe	Bahçe & Çiçek	Bahçe Aletleri	Bahçe Seti	17%	%1	%0.67	22
n11-2458	Yapı Market & Bahçe	Bahçe & Çiçek	Bahçe Aletleri	Aşı Bıçağı	17%	%1	%0.67	22
n11-2459	Yapı Market & Bahçe	Bahçe & Çiçek	Bahçe Aletleri	Çim & Çit Makası	17%	%1	%0.67	22
n11-2460	Yapı Market & Bahçe	Bahçe & Çiçek	Bahçe Aletleri	Çapa	17%	%1	%0.67	22
n11-2461	Yapı Market & Bahçe	Bahçe & Çiçek	Bahçe Aletleri	Yedek Bıçaklar	17%	%1	%0.67	22
n11-2462	Yapı Market & Bahçe	Bahçe & Çiçek	Bahçe Aletleri	Tırmık	17%	%1	%0.67	22
n11-2463	Yapı Market & Bahçe	Bahçe & Çiçek	Bahçe Dekorasyonu	Saksılar	17%	%1	%0.67	22
n11-2464	Yapı Market & Bahçe	Bahçe & Çiçek	Bahçe Dekorasyonu	Dekoratif Ürünler	17%	%1	%0.67	22
n11-2465	Yapı Market & Bahçe	Bahçe & Çiçek	Bahçe Dekorasyonu	Suni Çim Halılar	17%	%1	%0.67	22
n11-2466	Yapı Market & Bahçe	Bahçe & Çiçek	Bahçe Dekorasyonu	Bahçe Çiti & Çit Malzemeleri	17%	%1	%0.67	22
n11-2467	Yapı Market & Bahçe	Bahçe & Çiçek	Çiçek & Bitki	Bonsai	17%	%1	%0.67	22
n11-2468	Yapı Market & Bahçe	Bahçe & Çiçek	Çiçek & Bitki	Diğer Çiçek & Bitki	17%	%1	%0.67	22
n11-2469	Yapı Market & Bahçe	Bahçe & Çiçek	Çiçek & Bitki	Fidan	17%	%1	%0.67	22
n11-2470	Yapı Market & Bahçe	Bahçe & Çiçek	Çiçek & Bitki	Gübre	17%	%1	%0.67	22
n11-2471	Yapı Market & Bahçe	Bahçe & Çiçek	Çiçek & Bitki	Kaktüs & Sukulent	17%	%1	%0.67	22
n11-2472	Yapı Market & Bahçe	Bahçe & Çiçek	Çiçek & Bitki	Sera Malzemeleri	17%	%1	%0.67	22
n11-2473	Yapı Market & Bahçe	Bahçe & Çiçek	Çiçek & Bitki	Süs Çiçeği	17%	%1	%0.67	22
n11-2474	Yapı Market & Bahçe	Bahçe & Çiçek	Çiçek & Bitki	Tohum	17%	%1	%0.67	22
n11-2475	Yapı Market & Bahçe	Bahçe & Çiçek	Çiçek & Bitki	Toprak	17%	%1	%0.67	22
n11-2476	Yapı Market & Bahçe	Bahçe & Çiçek	Çiçek & Bitki	Bitki Besini & Vitamin	17%	%1	%0.67	22
n11-2477	Yapı Market & Bahçe	Bahçe & Çiçek	Çiçek & Bitki	Aşılı Meyve Fidanları	17%	%1	%0.67	22
n11-2478	Yapı Market & Bahçe	Bahçe & Çiçek	Çiçek & Bitki	Ağaç	17%	%1	%0.67	22
n11-2479	Yapı Market & Bahçe	Bahçe & Çiçek	Çiçek & Bitki	Ev Bitkisi	17%	%1	%0.67	22
n11-2480	Yapı Market & Bahçe	Bahçe & Çiçek	Çiçek & Bitki	Çiçek Soğanı	17%	%1	%0.67	22
n11-2481	Yapı Market & Bahçe	Bahçe Makineleri	Ağaç Kesme Makinesi	Ağaç Kesme Makinesi	13.5%	%1	%0.67	22
n11-2482	Yapı Market & Bahçe	Bahçe Makineleri	Bahçe Hidroforu	Bahçe Hidroforu	13.5%	%1	%0.67	22
n11-2483	Yapı Market & Bahçe	Bahçe Makineleri	Bahçe Makine Aksesuarları	Bahçe Makine Aksesuarları	13.5%	%1	%0.67	22
n11-2484	Yapı Market & Bahçe	Bahçe Makineleri	Benzinli & Dizel Motor	Benzinli & Dizel Motor	13.5%	%1	%0.67	22
n11-2485	Yapı Market & Bahçe	Bahçe Makineleri	Dal Budama Makinesi	Dal Budama Makinesi	13.5%	%1	%0.67	22
n11-2486	Yapı Market & Bahçe	Bahçe Makineleri	Haşere ve Fare Kovucular	Haşere ve Fare Kovucular	13.5%	%1	%0.67	22
n11-2487	Yapı Market & Bahçe	Bahçe Makineleri	Kenar Kesme Makinesi	Kenar Kesme Makinesi	13.5%	%1	%0.67	22
n11-2488	Yapı Market & Bahçe	Bahçe Makineleri	Toprak Burgu Makinesi	Toprak Burgu Makinesi	13.5%	%1	%0.67	22
n11-2489	Yapı Market & Bahçe	Bahçe Makineleri	Tırpan	Tırpan	13.5%	%1	%0.67	22
n11-2490	Yapı Market & Bahçe	Bahçe Makineleri	Yaprak Üfleme & Toplama Makinesi	Yaprak Üfleme & Toplama Makinesi	13.5%	%1	%0.67	22
n11-2491	Yapı Market & Bahçe	Bahçe Makineleri	Yüksek Basınçlı Makineler	Yüksek Basınçlı Makineler	13.5%	%1	%0.67	22
n11-2492	Yapı Market & Bahçe	Bahçe Makineleri	Çapa Makinesi	Çapa Makinesi	13.5%	%1	%0.67	22
n11-2493	Yapı Market & Bahçe	Bahçe Makineleri	Çim Biçme Makinesi	Çim Biçme Makinesi	13.5%	%1	%0.67	22
n11-2494	Yapı Market & Bahçe	Bahçe Makineleri	Çim Havalandırma	Çim Havalandırma	13.5%	%1	%0.67	22
n11-2495	Yapı Market & Bahçe	Bahçe Makineleri	Çit Kesme Makinesi	Çit Kesme Makinesi	13.5%	%1	%0.67	22
n11-2496	Yapı Market & Bahçe	Bahçe Makineleri	İlaçlama Makinesi	İlaçlama Makinesi	13.5%	%1	%0.67	22
n11-2497	Yapı Market & Bahçe	Bahçe Sulama	Fıskiye	Fıskiye	13.5%	%1	%0.67	22
n11-2498	Yapı Market & Bahçe	Bahçe Sulama	Hortum & Toplama	Hortum & Toplama	13.5%	%1	%0.67	22
n11-2499	Yapı Market & Bahçe	Bahçe Sulama	Hortum Bağlantıları & Kelepçe	Hortum Bağlantıları & Kelepçe	13.5%	%1	%0.67	22
n11-2500	Yapı Market & Bahçe	Bahçe Sulama	Musluk	Musluk	13.5%	%1	%0.67	22
n11-2501	Yapı Market & Bahçe	Bahçe Sulama	Su Motoru	Su Motoru	13.5%	%1	%0.67	22
n11-2502	Yapı Market & Bahçe	Bahçe Sulama	Su Pompası & Motoru	Su Pompası & Motoru	13.5%	%1	%0.67	22
n11-2503	Yapı Market & Bahçe	Bahçe Sulama	Sulama Başlıkları	Sulama Başlıkları	13.5%	%1	%0.67	22
n11-2504	Yapı Market & Bahçe	Bahçe Sulama	Sulama Kabı	Sulama Kabı	13.5%	%1	%0.67	22
n11-2505	Yapı Market & Bahçe	Bahçe Sulama	Sulama Kontrol Üniteleri & Zamanlayıcılar	Sulama Kontrol Üniteleri & Zamanlayıcılar	13.5%	%1	%0.67	22
n11-2506	Yapı Market & Bahçe	Bahçe Sulama	Damla Sulama Sistemleri	Damla Sulama Seti	13.5%	%1	%0.67	22
n11-2507	Yapı Market & Bahçe	Bahçe Sulama	Damla Sulama Sistemleri	Damla Sulama Bağlantı Ekipmanları ve Aksesuarları	13.5%	%1	%0.67	22
n11-2508	Yapı Market & Bahçe	Bahçe Sulama	Damla Sulama Sistemleri	Damla Sulama Boruları	13.5%	%1	%0.67	22
n11-2509	Yapı Market & Bahçe	Bahçe Sulama	Damla Sulama Sistemleri	Damla Sulama Filtreleri	13.5%	%1	%0.67	22
n11-2510	Yapı Market & Bahçe	Boya ve Boya Malzemeleri	Dış Cephe Boyaları	Dış Cephe Boyaları	17%	%1	%0.67	22
n11-2511	Yapı Market & Bahçe	Boya ve Boya Malzemeleri	Fırça ve Rulolar	Fırça ve Rulolar	17%	%1	%0.67	22
n11-2512	Yapı Market & Bahçe	Boya ve Boya Malzemeleri	İç Cephe Boyaları	İç Cephe Boyaları	17%	%1	%0.67	22
n11-2513	Yapı Market & Bahçe	Boya ve Boya Malzemeleri	Ahşap Boyaları ve Vernik	Ahşap Boyaları ve Vernik	17%	%1	%0.67	22
n11-2514	Yapı Market & Bahçe	Boya ve Boya Malzemeleri	Astar Boya	Astar Boya	17%	%1	%0.67	22
n11-2515	Yapı Market & Bahçe	Boya ve Boya Malzemeleri	Boya İncelticiler ve Çözücüler	Boya İncelticiler ve Çözücüler	17%	%1	%0.67	22
n11-2516	Yapı Market & Bahçe	Boya ve Boya Malzemeleri	Hazırlık Malzemeleri	Maskeleme Bandı	17%	%1	%0.67	22
n11-2517	Yapı Market & Bahçe	Boya ve Boya Malzemeleri	Hazırlık Malzemeleri	Yüzey Koruyucu	17%	%1	%0.67	22
n11-2518	Yapı Market & Bahçe	Boya ve Boya Malzemeleri	Hazırlık Malzemeleri	Koruma Örtüleri	17%	%1	%0.67	22
n11-2519	Yapı Market & Bahçe	Boya ve Boya Malzemeleri	Hazırlık Malzemeleri	Boya Sökücüler	17%	%1	%0.67	22
n11-2520	Yapı Market & Bahçe	Boya ve Boya Malzemeleri	Hazırlık Malzemeleri	Boya Ekipmanları	17%	%1	%0.67	22
n11-2521	Yapı Market & Bahçe	Boya ve Boya Malzemeleri	Hazırlık Malzemeleri	Dolgu Macunları	17%	%1	%0.67	22
n11-2522	Yapı Market & Bahçe	Boya ve Boya Malzemeleri	Metal Boyalar	Metal Boyalar	17%	%1	%0.67	22
n11-2523	Yapı Market & Bahçe	Boya ve Boya Malzemeleri	Sprey Boyalar	Sprey Boyalar	17%	%1	%0.67	22
n11-2524	Yapı Market & Bahçe	Boya ve Boya Malzemeleri	Tavan Boyaları	Tavan Boyaları	17%	%1	%0.67	22
n11-2525	Yapı Market & Bahçe	Boya ve Boya Malzemeleri	Yol Çizgi Boyası	Yol Çizgi Boyası	17%	%1	%0.67	22
n11-2526	Yapı Market & Bahçe	El Aletleri	Anahtarlar	Anahtarlar	17%	%1	%0.67	22
n11-2527	Yapı Market & Bahçe	El Aletleri	Balta & Çekiç	Balta & Çekiç	17%	%1	%0.67	22
n11-2528	Yapı Market & Bahçe	El Aletleri	Cam Elması	Cam Elması	17%	%1	%0.67	22
n11-2529	Yapı Market & Bahçe	El Aletleri	Diğer El Aletleri	Diğer El Aletleri	17%	%1	%0.67	22
n11-2530	Yapı Market & Bahçe	El Aletleri	Eğe Seti	Eğe Seti	17%	%1	%0.67	22
n11-2531	Yapı Market & Bahçe	El Aletleri	Kargaburun	Kargaburun	17%	%1	%0.67	22
n11-2532	Yapı Market & Bahçe	El Aletleri	Kerpeten	Kerpeten	17%	%1	%0.67	22
n11-2533	Yapı Market & Bahçe	El Aletleri	Kesici Makaslar	Kesici Makaslar	17%	%1	%0.67	22
n11-2534	Yapı Market & Bahçe	El Aletleri	Lokma Takımları	Lokma Takımları	17%	%1	%0.67	22
n11-2535	Yapı Market & Bahçe	El Aletleri	Maket Bıçağı	Maket Bıçağı	17%	%1	%0.67	22
n11-2536	Yapı Market & Bahçe	El Aletleri	Mengeneler	Mengeneler	17%	%1	%0.67	22
n11-2537	Yapı Market & Bahçe	El Aletleri	Murç	Murç	17%	%1	%0.67	22
n11-2538	Yapı Market & Bahçe	El Aletleri	Pense	Pense	17%	%1	%0.67	22
n11-2539	Yapı Market & Bahçe	El Aletleri	Perçin	Perçin	17%	%1	%0.67	22
n11-2540	Yapı Market & Bahçe	El Aletleri	Rendeler	Rendeler	17%	%1	%0.67	22
n11-2541	Yapı Market & Bahçe	El Aletleri	Seramik & Demir Kesme	Seramik & Demir Kesme	17%	%1	%0.67	22
n11-2542	Yapı Market & Bahçe	El Aletleri	Silikon Tabancası	Silikon Tabancası	17%	%1	%0.67	22
n11-2543	Yapı Market & Bahçe	El Aletleri	Testere	Testere	17%	%1	%0.67	22
n11-2544	Yapı Market & Bahçe	El Aletleri	Tornavida	Tornavida	17%	%1	%0.67	22
n11-2545	Yapı Market & Bahçe	El Aletleri	Yan Keski & Yassı Keski	Yan Keski & Yassı Keski	17%	%1	%0.67	22
n11-2546	Yapı Market & Bahçe	El Aletleri	Yedek Akü & Şarj Cihazları	Yedek Akü & Şarj Cihazları	17%	%1	%0.67	22
n11-2547	Yapı Market & Bahçe	El Aletleri	Zımpara & Eğe	Zımpara & Eğe	17%	%1	%0.67	22
n11-2548	Yapı Market & Bahçe	El Aletleri	Çok Amaçlı Setler	Çok Amaçlı Setler	17%	%1	%0.67	22
n11-2549	Yapı Market & Bahçe	El Aletleri	İskarpela	İskarpela	17%	%1	%0.67	22
n11-2550	Yapı Market & Bahçe	El Aletleri	İşkence	İşkence	17%	%1	%0.67	22
n11-2551	Yapı Market & Bahçe	El Aletleri	Gres Pompası	Gres Pompası	17%	%1	%0.67	22
n11-2552	Yapı Market & Bahçe	Elektrik & Aydınlatma	Projektör	Projektör	15%	%1	%0.67	22
n11-2553	Yapı Market & Bahçe	Elektrik & Aydınlatma	Şerit Led	Şerit Led	15%	%1	%0.67	22
n11-2554	Yapı Market & Bahçe	Elektrik & Aydınlatma	Balastlar	Balastlar	15%	%1	%0.67	22
n11-2555	Yapı Market & Bahçe	Elektrik & Aydınlatma	Zil & Buton & Otomatik	Zil Buton ve Panelleri	15%	%1	%0.67	22
n11-2556	Yapı Market & Bahçe	Elektrik & Aydınlatma	Zil & Buton & Otomatik	Kapı Otomatiği	15%	%1	%0.67	22
n11-2557	Yapı Market & Bahçe	Elektrik & Aydınlatma	Zil & Buton & Otomatik	Diafonlar	15%	%1	%0.67	22
n11-2558	Yapı Market & Bahçe	Elektrik & Aydınlatma	Zil & Buton & Otomatik	Kapı Zili	15%	%1	%0.67	22
n11-2559	Yapı Market & Bahçe	Elektrik & Aydınlatma	Zil & Buton & Otomatik	Setler	15%	%1	%0.67	22
n11-2560	Yapı Market & Bahçe	Elektrik & Aydınlatma	Duylar	Duylar	15%	%1	%0.67	22
n11-2561	Yapı Market & Bahçe	Elektrik & Aydınlatma	Elektrik Buat, Boru ve Ek Parçalar	Buat	15%	%1	%0.67	22
n11-2562	Yapı Market & Bahçe	Elektrik & Aydınlatma	Elektrik Buat, Boru ve Ek Parçalar	Boru Bağlantı Elemanları	15%	%1	%0.67	22
n11-2563	Yapı Market & Bahçe	Elektrik & Aydınlatma	Elektrik Buat, Boru ve Ek Parçalar	Elektrik Kasası	15%	%1	%0.67	22
n11-2564	Yapı Market & Bahçe	Elektrik & Aydınlatma	Elektrik Buat, Boru ve Ek Parçalar	Elektrik Borusu	15%	%1	%0.67	22
n11-2565	Yapı Market & Bahçe	Elektrik & Aydınlatma	Kablo Düzenleyiciler	Kablo Bağları	15%	%1	%0.67	22
n11-2566	Yapı Market & Bahçe	Elektrik & Aydınlatma	Kablo Düzenleyiciler	Kablo Kanal Aksesuarları	15%	%1	%0.67	22
n11-2567	Yapı Market & Bahçe	Elektrik & Aydınlatma	Kablo Düzenleyiciler	Kablo Kanalları	15%	%1	%0.67	22
n11-2568	Yapı Market & Bahçe	Elektrik & Aydınlatma	Kablo Düzenleyiciler	Kablo Kroşeleri	15%	%1	%0.67	22
n11-2569	Yapı Market & Bahçe	Elektrik & Aydınlatma	Kablolar	Enerji Kabloları	15%	%1	%0.67	22
n11-2570	Yapı Market & Bahçe	Elektrik & Aydınlatma	Kablolar	Haberleşme Kabloları	15%	%1	%0.67	22
n11-2571	Yapı Market & Bahçe	Elektrik & Aydınlatma	Kablolar	Özel Kablolar	15%	%1	%0.67	22
n11-2572	Yapı Market & Bahçe	Elektrik & Aydınlatma	Prizler & Anahtarlar	Priz Dönüştürücü	15%	%1	%0.67	22
n11-2573	Yapı Market & Bahçe	Elektrik & Aydınlatma	Prizler & Anahtarlar	Prizler	15%	%1	%0.67	22
n11-2574	Yapı Market & Bahçe	Elektrik & Aydınlatma	Prizler & Anahtarlar	TV & Data Prizleri	15%	%1	%0.67	22
n11-2575	Yapı Market & Bahçe	Elektrik & Aydınlatma	Prizler & Anahtarlar	Anahtar ve Priz Çerçeveleri	15%	%1	%0.67	22
n11-2576	Yapı Market & Bahçe	Elektrik & Aydınlatma	Prizler & Anahtarlar	Kanal Prizleri	15%	%1	%0.67	22
n11-2577	Yapı Market & Bahçe	Elektrik & Aydınlatma	Prizler & Anahtarlar	Zamanlayıcılar	15%	%1	%0.67	22
n11-2578	Yapı Market & Bahçe	Elektrik & Aydınlatma	Prizler & Anahtarlar	Elektrik Anahtarı	15%	%1	%0.67	22
n11-2579	Yapı Market & Bahçe	Elektrik & Aydınlatma	Şalt Malzemeleri	Aksesuarlar	15%	%1	%0.67	22
n11-2580	Yapı Market & Bahçe	Elektrik & Aydınlatma	Şalt Malzemeleri	Sigortalar	15%	%1	%0.67	22
n11-2581	Yapı Market & Bahçe	Elektrik & Aydınlatma	Şalt Malzemeleri	Röleler	15%	%1	%0.67	22
n11-2582	Yapı Market & Bahçe	Elektrik & Aydınlatma	Şalt Malzemeleri	Elektrik Sayaçları	15%	%1	%0.67	22
n11-2583	Yapı Market & Bahçe	Elektrik & Aydınlatma	Şalt Malzemeleri	Kompakt Şalterler	15%	%1	%0.67	22
n11-2584	Yapı Market & Bahçe	Elektrik & Aydınlatma	Şalt Malzemeleri	Kontaktörler	15%	%1	%0.67	22
n11-2585	Yapı Market & Bahçe	Elektrik & Aydınlatma	Şalt Malzemeleri	Sigorta Kutuları ve Elektrik Panoları	15%	%1	%0.67	22
n11-2586	Yapı Market & Bahçe	Elektrik & Aydınlatma	Tesisat Malzemeleri	Elektrik Bantları	15%	%1	%0.67	22
n11-2587	Yapı Market & Bahçe	Elektrik & Aydınlatma	Tesisat Malzemeleri	Klemens	15%	%1	%0.67	22
n11-2588	Yapı Market & Bahçe	Elektrik & Aydınlatma	Tesisat Malzemeleri	Kablo Pabuçları	15%	%1	%0.67	22
n11-2589	Yapı Market & Bahçe	Elektrik & Aydınlatma	Tesisat Malzemeleri	Kablo Rakoru	15%	%1	%0.67	22
n11-2590	Yapı Market & Bahçe	Elektrik & Aydınlatma	Tesisat Malzemeleri	Susta	15%	%1	%0.67	22
n11-2591	Yapı Market & Bahçe	Elektrik & Aydınlatma	Transformatörler	Transformatörler	15%	%1	%0.67	22
n11-2592	Yapı Market & Bahçe	Elektrik & Aydınlatma	Çoklu Priz & Uzatma Kabloları	Akım Korumalı Priz & Grup Priz	15%	%1	%0.67	22
n11-2593	Yapı Market & Bahçe	Elektrik & Aydınlatma	Çoklu Priz & Uzatma Kabloları	Kauçuk Priz & Fiş	15%	%1	%0.67	22
n11-2594	Yapı Market & Bahçe	Elektrik & Aydınlatma	Çoklu Priz & Uzatma Kabloları	Golyat Priz	15%	%1	%0.67	22
n11-2595	Yapı Market & Bahçe	Elektrik & Aydınlatma	Çoklu Priz & Uzatma Kabloları	Seyyar Uzatma Kablosu	15%	%1	%0.67	22
n11-2596	Yapı Market & Bahçe	Elektrik & Aydınlatma	Çoklu Priz & Uzatma Kabloları	Fişler	15%	%1	%0.67	22
n11-2597	Yapı Market & Bahçe	Elektrik & Aydınlatma	Işıldak	Işıldak	15%	%1	%0.67	22
n11-2598	Yapı Market & Bahçe	Elektrikli Aletler	Ahşap & Metal Kesme	Ahşap & Metal Kesme	13.5%	%1	%0.67	22
n11-2599	Yapı Market & Bahçe	Elektrikli Aletler	Boya Tabancası	Boya Tabancası	13.5%	%1	%0.67	22
n11-2600	Yapı Market & Bahçe	Elektrikli Aletler	Endüstriyel Temizleme	Endüstriyel Temizleme	13.5%	%1	%0.67	22
n11-2601	Yapı Market & Bahçe	Elektrikli Aletler	Freze	Freze	13.5%	%1	%0.67	22
n11-2602	Yapı Market & Bahçe	Elektrikli Aletler	Hava Kompresörü	Hava Kompresörü	13.5%	%1	%0.67	22
n11-2603	Yapı Market & Bahçe	Elektrikli Aletler	Havalı Aletler	Havalı Aletler	13.5%	%1	%0.67	22
n11-2604	Yapı Market & Bahçe	Elektrikli Aletler	Hobi Ürünleri	Hobi Ürünleri	13.5%	%1	%0.67	22
n11-2605	Yapı Market & Bahçe	Elektrikli Aletler	Kanal Açma Makinesi	Kanal Açma Makinesi	13.5%	%1	%0.67	22
n11-2606	Yapı Market & Bahçe	Elektrikli Aletler	Karot Makinesi	Karot Makinesi	13.5%	%1	%0.67	22
n11-2607	Yapı Market & Bahçe	Elektrikli Aletler	Karıştırıcılar	Karıştırıcılar	13.5%	%1	%0.67	22
n11-2608	Yapı Market & Bahçe	Elektrikli Aletler	Kırıcı Deliciler & Kırıcılar	Kırıcı Deliciler & Kırıcılar	13.5%	%1	%0.67	22
n11-2609	Yapı Market & Bahçe	Elektrikli Aletler	Pafta	Pafta	13.5%	%1	%0.67	22
n11-2610	Yapı Market & Bahçe	Elektrikli Aletler	Planya	Planya	13.5%	%1	%0.67	22
n11-2611	Yapı Market & Bahçe	Elektrikli Aletler	Sac & Sünger Kesme	Sac & Sünger Kesme	13.5%	%1	%0.67	22
n11-2612	Yapı Market & Bahçe	Elektrikli Aletler	Somun Sıkma Makinesi	Somun Sıkma Makinesi	13.5%	%1	%0.67	22
n11-2613	Yapı Market & Bahçe	Elektrikli Aletler	Sıcak Hava Tabancaları	Sıcak Hava Tabancaları	13.5%	%1	%0.67	22
n11-2614	Yapı Market & Bahçe	Elektrikli Aletler	Taş Motoru	Taş Motoru	13.5%	%1	%0.67	22
n11-2615	Yapı Market & Bahçe	Elektrikli Aletler	Taşlamalar	Taşlamalar	13.5%	%1	%0.67	22
n11-2616	Yapı Market & Bahçe	Elektrikli Aletler	Tilki Kuyruğu	Tilki Kuyruğu	13.5%	%1	%0.67	22
n11-2617	Yapı Market & Bahçe	Elektrikli Aletler	Torna Makinesi	Torna Makinesi	13.5%	%1	%0.67	22
n11-2618	Yapı Market & Bahçe	Elektrikli Aletler	Zımpara	Zımpara	13.5%	%1	%0.67	22
n11-2619	Yapı Market & Bahçe	Elektrikli Aletler	Çivi & Zımba Çakma	Çivi & Zımba Çakma	13.5%	%1	%0.67	22
n11-2620	Yapı Market & Bahçe	Elektrikli Aletler	Üfleme Makinesi	Üfleme Makinesi	13.5%	%1	%0.67	22
n11-2621	Yapı Market & Bahçe	Elektrikli Aletler	Testereler	Daire Testere	13.5%	%1	%0.67	22
n11-2622	Yapı Market & Bahçe	Elektrikli Aletler	Testereler	Dekupaj Testere	13.5%	%1	%0.67	22
n11-2623	Yapı Market & Bahçe	Elektrikli Aletler	Polisaj Makinesi	Polisaj Makinesi	13.5%	%1	%0.67	22
n11-2624	Yapı Market & Bahçe	Elektrikli Aletler	Zincir Bileme Makinesi	Zincir Bileme Makinesi	13.5%	%1	%0.67	22
n11-2625	Yapı Market & Bahçe	Güneş Ve Rüzgar Enerjisi Sistemleri	Güneş Paneli	Polikristal Güneş Paneli	13.5%	%1	%0.67	22
n11-2626	Yapı Market & Bahçe	Güneş Ve Rüzgar Enerjisi Sistemleri	Güneş Paneli	Flexible Güneş Paneli	13.5%	%1	%0.67	22
n11-2627	Yapı Market & Bahçe	Güneş Ve Rüzgar Enerjisi Sistemleri	Güneş Paneli	Monokristal Güneş Paneli	13.5%	%1	%0.67	22
n11-2628	Yapı Market & Bahçe	Güneş Ve Rüzgar Enerjisi Sistemleri	Rüzgar Türbini ve Aksesuarları	Rüzgar Türbini ve Aksesuarları	13.5%	%1	%0.67	22
n11-2629	Yapı Market & Bahçe	Güneş Ve Rüzgar Enerjisi Sistemleri	Solar İnverter	Tam Sinüs İnverter	13.5%	%1	%0.67	22
n11-2630	Yapı Market & Bahçe	Güneş Ve Rüzgar Enerjisi Sistemleri	Solar İnverter	Tam Sinüs Akıllı İnverter	13.5%	%1	%0.67	22
n11-2631	Yapı Market & Bahçe	Güneş Ve Rüzgar Enerjisi Sistemleri	Solar İnverter	Tam Sinüs Şarjlı İnverter	13.5%	%1	%0.67	22
n11-2632	Yapı Market & Bahçe	Güneş Ve Rüzgar Enerjisi Sistemleri	Solar İnverter	Modifiye Sinüs İnverter	13.5%	%1	%0.67	22
n11-2633	Yapı Market & Bahçe	Güneş Ve Rüzgar Enerjisi Sistemleri	Solar İnverter	Modifiye Sinüs Şarjlı İnverter	13.5%	%1	%0.67	22
n11-2634	Yapı Market & Bahçe	Güneş Ve Rüzgar Enerjisi Sistemleri	Solar İnverter	On-Grid İnverter	13.5%	%1	%0.67	22
n11-2635	Yapı Market & Bahçe	Güneş Ve Rüzgar Enerjisi Sistemleri	Şarj Kontrol Cihazı	PWM Şarj Kontrol Cihazı	13.5%	%1	%0.67	22
n11-2636	Yapı Market & Bahçe	Güneş Ve Rüzgar Enerjisi Sistemleri	Şarj Kontrol Cihazı	MPPT Şarj Kontrol Cihazı	13.5%	%1	%0.67	22
n11-2637	Yapı Market & Bahçe	Güneş Ve Rüzgar Enerjisi Sistemleri	Solar Akü	Solar Akü	13.5%	%1	%0.67	22
n11-2638	Yapı Market & Bahçe	Güneş Ve Rüzgar Enerjisi Sistemleri	Solar Aydınlatma	Solar Projektör	13.5%	%1	%0.67	22
n11-2639	Yapı Market & Bahçe	Güneş Ve Rüzgar Enerjisi Sistemleri	Solar Aydınlatma	Solar Sokak & Bahçe Aydınlatmaları	13.5%	%1	%0.67	22
n11-2640	Yapı Market & Bahçe	Güneş Ve Rüzgar Enerjisi Sistemleri	Bağlantı ve Montaj Ekipmanları	Solar Konnektör ve Bağlantı Elemanları	13.5%	%1	%0.67	22
n11-2641	Yapı Market & Bahçe	Güneş Ve Rüzgar Enerjisi Sistemleri	Bağlantı ve Montaj Ekipmanları	Solar Kablolar	13.5%	%1	%0.67	22
n11-2642	Yapı Market & Bahçe	Güneş Ve Rüzgar Enerjisi Sistemleri	Bağlantı ve Montaj Ekipmanları	Konstrüksiyon ve Montaj Sarf Malzemeleri	13.5%	%1	%0.67	22
n11-2643	Yapı Market & Bahçe	Güneş Ve Rüzgar Enerjisi Sistemleri	Solar Paketler	Solar (Tarımsal) Sulama Paketleri	13.5%	%1	%0.67	22
n11-2644	Yapı Market & Bahçe	Güneş Ve Rüzgar Enerjisi Sistemleri	Solar Paketler	Solar Enerji Paketleri	13.5%	%1	%0.67	22
n11-2645	Yapı Market & Bahçe	Güneş Ve Rüzgar Enerjisi Sistemleri	Solar Pompa ve Sürücüleri	Solar Pompalar	13.5%	%1	%0.67	22
n11-2646	Yapı Market & Bahçe	Güneş Ve Rüzgar Enerjisi Sistemleri	Solar Pompa ve Sürücüleri	Solar Pompa Sürücüsü	13.5%	%1	%0.67	22
n11-2647	Yapı Market & Bahçe	Güneş Ve Rüzgar Enerjisi Sistemleri	Solar Jeneratör	Solar Jeneratör	13.5%	%1	%0.67	22
n11-2648	Yapı Market & Bahçe	Güneş Ve Rüzgar Enerjisi Sistemleri	Diğer Enerji Sistemleri Ürünleri	Diğer Enerji Sistemleri Ürünleri	13.5%	%1	%0.67	22
n11-2649	Yapı Market & Bahçe	Havuz & Ekipmanları	Havuz Temizleme Robotu	Havuz Temizleme Robotu	17%	%1	%0.67	22
n11-2650	Yapı Market & Bahçe	Havuz & Ekipmanları	Havuz Pompaları	Havuz Pompaları	17%	%1	%0.67	22
n11-2651	Yapı Market & Bahçe	Havuz & Ekipmanları	Havuz Filtreleri	Havuz Filtreleri	17%	%1	%0.67	22
n11-2652	Yapı Market & Bahçe	Havuz & Ekipmanları	Havuz Isıtma Sistemleri	Havuz Isıtma Sistemleri	17%	%1	%0.67	22
n11-2653	Yapı Market & Bahçe	Havuz & Ekipmanları	Havuz Kimyasalları	Klorlar	17%	%1	%0.67	22
n11-2654	Yapı Market & Bahçe	Havuz & Ekipmanları	Havuz Kimyasalları	Ph Düşürücüler	17%	%1	%0.67	22
n11-2655	Yapı Market & Bahçe	Havuz & Ekipmanları	Havuz Kimyasalları	Yosun Önleyiciler	17%	%1	%0.67	22
n11-2656	Yapı Market & Bahçe	Havuz & Ekipmanları	Havuz Kimyasalları	Havuz Parlatıcılar	17%	%1	%0.67	22
n11-2657	Yapı Market & Bahçe	Havuz & Ekipmanları	Havuz Kimyasalları	Havuz Çöktürücüler	17%	%1	%0.67	22
n11-2658	Yapı Market & Bahçe	Havuz & Ekipmanları	Havuz Dezenfeksiyon Sistemleri	Tuz Klor Jeneratörü	17%	%1	%0.67	22
n11-2659	Yapı Market & Bahçe	Havuz & Ekipmanları	Havuz Dezenfeksiyon Sistemleri	Dozaj Pompaları	17%	%1	%0.67	22
n11-2660	Yapı Market & Bahçe	Havuz & Ekipmanları	Havuz Kenar Ve İç Ekipmanları	Havuz Kenar Ekipmanları	17%	%1	%0.67	22
n11-2661	Yapı Market & Bahçe	Havuz & Ekipmanları	Havuz Kenar Ve İç Ekipmanları	Havuz Aydınlatmaları	17%	%1	%0.67	22
n11-2662	Yapı Market & Bahçe	Havuz & Ekipmanları	Havuz Kenar Ve İç Ekipmanları	Havuz Merdivenleri	17%	%1	%0.67	22
n11-2663	Yapı Market & Bahçe	Havuz & Ekipmanları	Havuz Kenar Ve İç Ekipmanları	Havuz Şelalesi	17%	%1	%0.67	22
n11-2664	Yapı Market & Bahçe	Havuz & Ekipmanları	Jakuzi - Sauna Malzemeleri	Jakuzi - Sauna Malzemeleri	17%	%1	%0.67	22
n11-2665	Yapı Market & Bahçe	Havuz & Ekipmanları	Havuz Tesisat Malzemeleri	Havuz Tesisat Malzemeleri	17%	%1	%0.67	22
n11-2666	Yapı Market & Bahçe	Havuz & Ekipmanları	Havuz Temizlik Ekipmanları	Havuz Temizlik Ekipmanları	17%	%1	%0.67	22
n11-2667	Yapı Market & Bahçe	Hayvancılık Ekipmanları & Makineleri	Arıcılık Malzemeleri	Arı Kovanları & Petekler	17%	%1	%0.67	22
n11-2668	Yapı Market & Bahçe	Hayvancılık Ekipmanları & Makineleri	Arıcılık Malzemeleri	Ana Arı & Oğul Ürünleri	17%	%1	%0.67	22
n11-2669	Yapı Market & Bahçe	Hayvancılık Ekipmanları & Makineleri	Arıcılık Malzemeleri	Arıcılık Kıyafetleri & Koruyucular	17%	%1	%0.67	22
n11-2670	Yapı Market & Bahçe	Hayvancılık Ekipmanları & Makineleri	Arıcılık Malzemeleri	Arıcılık El Aletleri	17%	%1	%0.67	22
n11-2671	Yapı Market & Bahçe	Hayvancılık Ekipmanları & Makineleri	Arıcılık Malzemeleri	Arı Yemlikleri & Sulukları	17%	%1	%0.67	22
n11-2672	Yapı Market & Bahçe	Hayvancılık Ekipmanları & Makineleri	Arıcılık Malzemeleri	Arı Yemleri & Takviyeleri	17%	%1	%0.67	22
n11-2673	Yapı Market & Bahçe	Hayvancılık Ekipmanları & Makineleri	Kümes Hayvancılığı	Kümesler	17%	%1	%0.67	22
n11-2674	Yapı Market & Bahçe	Hayvancılık Ekipmanları & Makineleri	Kümes Hayvancılığı	Kümes Taban Izgaraları	17%	%1	%0.67	22
n11-2675	Yapı Market & Bahçe	Hayvancılık Ekipmanları & Makineleri	Kümes Hayvancılığı	Folluklar	17%	%1	%0.67	22
n11-2676	Yapı Market & Bahçe	Hayvancılık Ekipmanları & Makineleri	Kümes Hayvancılığı	Civciv Büyütme Kafesleri	17%	%1	%0.67	22
n11-2677	Yapı Market & Bahçe	Hayvancılık Ekipmanları & Makineleri	Kümes Hayvancılığı	Kümes Yemlikleri & Sulukları	17%	%1	%0.67	22
n11-2678	Yapı Market & Bahçe	Hayvancılık Ekipmanları & Makineleri	Kümes Hayvancılığı	Kümes Hayvanı Yemleri & Takviyeleri	17%	%1	%0.67	22
n11-2679	Yapı Market & Bahçe	Hayvancılık Ekipmanları & Makineleri	Büyükbaş & Küçükbaş Ekipmanları	Yemlikler & Suluklar	17%	%1	%0.67	22
n11-2680	Yapı Market & Bahçe	Hayvancılık Ekipmanları & Makineleri	Büyükbaş & Küçükbaş Ekipmanları	Büyükbaş & Küçükbaş Yemleri	17%	%1	%0.67	22
n11-2681	Yapı Market & Bahçe	Hayvancılık Ekipmanları & Makineleri	Büyükbaş & Küçükbaş Ekipmanları	Hayvan İşaretleme & Kontrol Ürünleri	17%	%1	%0.67	22
n11-2682	Yapı Market & Bahçe	Hayvancılık Ekipmanları & Makineleri	Büyükbaş & Küçükbaş Ekipmanları	Doğum & Bakım Ekipmanları	17%	%1	%0.67	22
n11-2683	Yapı Market & Bahçe	Hayvancılık Ekipmanları & Makineleri	Hayvancılık Makineleri	Süt Sağım Makineleri	13.5%	%1	%0.67	22
n11-2684	Yapı Market & Bahçe	Hayvancılık Ekipmanları & Makineleri	Hayvancılık Makineleri	Bal Süzme & Toplama Makineleri	13.5%	%1	%0.67	22
n11-2685	Yapı Market & Bahçe	Hayvancılık Ekipmanları & Makineleri	Hayvancılık Makineleri	Yem Ezme & Karma Makineleri	13.5%	%1	%0.67	22
n11-2686	Yapı Market & Bahçe	Hayvancılık Ekipmanları & Makineleri	Hayvancılık Makineleri	Kuluçka Makineleri	13.5%	%1	%0.67	22
n11-2687	Yapı Market & Bahçe	Hayvancılık Ekipmanları & Makineleri	Hayvancılık Makineleri	Koyun Kırkma Makineleri	13.5%	%1	%0.67	22
n11-2688	Yapı Market & Bahçe	Hayvancılık Ekipmanları & Makineleri	Hayvancılık Makineleri	Diğer Hayvancılık Makineleri	13.5%	%1	%0.67	22
n11-2689	Yapı Market & Bahçe	Hayvancılık Ekipmanları & Makineleri	Hayvancılık Makineleri	Hayvancılık Makineleri Aksesuarları	13.5%	%1	%0.67	22
n11-2690	Yapı Market & Bahçe	İş Sağlığı ve Güvenliği	Vücut Koruyucular	Reflektörlü İkaz Yeleği	17%	%1	%0.67	22
n11-2691	Yapı Market & Bahçe	İş Sağlığı ve Güvenliği	Vücut Koruyucular	İş Montları	17%	%1	%0.67	22
n11-2692	Yapı Market & Bahçe	İş Sağlığı ve Güvenliği	Vücut Koruyucular	İş Takımları	17%	%1	%0.67	22
n11-2693	Yapı Market & Bahçe	İş Sağlığı ve Güvenliği	Vücut Koruyucular	İş Yağmurluğu	17%	%1	%0.67	22
n11-2694	Yapı Market & Bahçe	İş Sağlığı ve Güvenliği	Vücut Koruyucular	İş Yeleği	17%	%1	%0.67	22
n11-2695	Yapı Market & Bahçe	İş Sağlığı ve Güvenliği	Vücut Koruyucular	İş Pantolonu	17%	%1	%0.67	22
n11-2696	Yapı Market & Bahçe	İş Sağlığı ve Güvenliği	Vücut Koruyucular	İş Tulumu & Koruyucu Tulum	17%	%1	%0.67	22
n11-2697	Yapı Market & Bahçe	İş Sağlığı ve Güvenliği	Vücut Koruyucular	Mesleki İş Elbiseleri	17%	%1	%0.67	22
n11-2698	Yapı Market & Bahçe	İş Sağlığı ve Güvenliği	Yüz & Göz & Baş Koruyucular	Koruyucu Gözlük	17%	%1	%0.67	22
n11-2699	Yapı Market & Bahçe	İş Sağlığı ve Güvenliği	Yüz & Göz & Baş Koruyucular	Göz Duşu & Solüsyonu	17%	%1	%0.67	22
n11-2700	Yapı Market & Bahçe	İş Sağlığı ve Güvenliği	Yüz & Göz & Baş Koruyucular	Baret	17%	%1	%0.67	22
n11-2701	Yapı Market & Bahçe	İş Sağlığı ve Güvenliği	Yüz & Göz & Baş Koruyucular	Darbe Emici Şapka	17%	%1	%0.67	22
n11-2702	Yapı Market & Bahçe	İş Sağlığı ve Güvenliği	Yüz & Göz & Baş Koruyucular	Yüz Koruyucu Siperlik	17%	%1	%0.67	22
n11-2703	Yapı Market & Bahçe	İş Sağlığı ve Güvenliği	Ayak Koruyucular	İş Ayakkabısı	17%	%1	%0.67	22
n11-2704	Yapı Market & Bahçe	İş Sağlığı ve Güvenliği	Ayak Koruyucular	İş Botu	17%	%1	%0.67	22
n11-2705	Yapı Market & Bahçe	İş Sağlığı ve Güvenliği	Ayak Koruyucular	İş Çizmesi	17%	%1	%0.67	22
n11-2706	Yapı Market & Bahçe	İş Sağlığı ve Güvenliği	Solunum Koruyucular	Gaz Maskesi	17%	%1	%0.67	22
n11-2707	Yapı Market & Bahçe	İş Sağlığı ve Güvenliği	Solunum Koruyucular	Gaz Maskesi Filtreleri ve Tutucuları	17%	%1	%0.67	22
n11-2708	Yapı Market & Bahçe	İş Sağlığı ve Güvenliği	Solunum Koruyucular	Toz & Partikül Maskesi	17%	%1	%0.67	22
n11-2709	Yapı Market & Bahçe	İş Sağlığı ve Güvenliği	İşitme Koruyucular	Koruyucu Kulaklık	17%	%1	%0.67	22
n11-2710	Yapı Market & Bahçe	İş Sağlığı ve Güvenliği	İşitme Koruyucular	Kulak Tıkacı	17%	%1	%0.67	22
n11-2711	Yapı Market & Bahçe	İş Sağlığı ve Güvenliği	İş Eldiveni	İş Eldiveni	17%	%1	%0.67	22
n11-2712	Yapı Market & Bahçe	İş Sağlığı ve Güvenliği	Yüksekte Çalışma Ekipmanları	İş Emniyet Kemerleri	17%	%1	%0.67	22
n11-2713	Yapı Market & Bahçe	İş Sağlığı ve Güvenliği	Yüksekte Çalışma Ekipmanları	Yaşam Halatı	17%	%1	%0.67	22
n11-2714	Yapı Market & Bahçe	İş Sağlığı ve Güvenliği	Yüksekte Çalışma Ekipmanları	Düşüş Durdurucu	17%	%1	%0.67	22
n11-2715	Yapı Market & Bahçe	İş Sağlığı ve Güvenliği	Yüksekte Çalışma Ekipmanları	Halat Tutucu	17%	%1	%0.67	22
n11-2716	Yapı Market & Bahçe	İş Sağlığı ve Güvenliği	Yüksekte Çalışma Ekipmanları	Lanyard	17%	%1	%0.67	22
n11-2717	Yapı Market & Bahçe	İş Sağlığı ve Güvenliği	Yüksekte Çalışma Ekipmanları	Karabina	17%	%1	%0.67	22
n11-2718	Yapı Market & Bahçe	İş Sağlığı ve Güvenliği	Yangın Güvenliği	Yangın Battaniyesi	17%	%1	%0.67	22
n11-2719	Yapı Market & Bahçe	İş Sağlığı ve Güvenliği	Yangın Güvenliği	Yangın Dolabı & Hortumu	17%	%1	%0.67	22
n11-2720	Yapı Market & Bahçe	İş Sağlığı ve Güvenliği	Yangın Güvenliği	İzole Halı & Paspas	17%	%1	%0.67	22
n11-2721	Yapı Market & Bahçe	İş Sağlığı ve Güvenliği	Yangın Güvenliği	Yangın Tüpleri & Söndürücüleri	17%	%1	%0.67	22
n11-2722	Yapı Market & Bahçe	İş Sağlığı ve Güvenliği	Uyarı İkaz Ürünleri	Uyarı Levhaları	17%	%1	%0.67	22
n11-2723	Yapı Market & Bahçe	İş Sağlığı ve Güvenliği	Uyarı İkaz Ürünleri	Emniyet Alan Perdesi	17%	%1	%0.67	22
n11-2724	Yapı Market & Bahçe	İş Sağlığı ve Güvenliği	Uyarı İkaz Ürünleri	Şerit Bariyer	17%	%1	%0.67	22
n11-2725	Yapı Market & Bahçe	İş Sağlığı ve Güvenliği	Uyarı İkaz Ürünleri	Zemin Etiketleri	17%	%1	%0.67	22
n11-2726	Yapı Market & Bahçe	İş Sağlığı ve Güvenliği	Trafik Güvenliği	Uyarı Dikmeleri	17%	%1	%0.67	22
n11-2727	Yapı Market & Bahçe	İş Sağlığı ve Güvenliği	Trafik Güvenliği	Delinatörler	17%	%1	%0.67	22
n11-2728	Yapı Market & Bahçe	İş Sağlığı ve Güvenliği	Trafik Güvenliği	Koniler	17%	%1	%0.67	22
n11-2729	Yapı Market & Bahçe	İş Sağlığı ve Güvenliği	Trafik Güvenliği	Park Bariyeri	17%	%1	%0.67	22
n11-2730	Yapı Market & Bahçe	İş Sağlığı ve Güvenliği	Trafik Güvenliği	Güvenlik & Yol Bariyeri	17%	%1	%0.67	22
n11-2731	Yapı Market & Bahçe	İş Sağlığı ve Güvenliği	Trafik Güvenliği	Trafik Levhaları	17%	%1	%0.67	22
n11-2732	Yapı Market & Bahçe	İş Sağlığı ve Güvenliği	Trafik Güvenliği	Güvenlik Aynası	17%	%1	%0.67	22
n11-2733	Yapı Market & Bahçe	İş Sağlığı ve Güvenliği	Trafik Güvenliği	Hız Kesici Kasisler & Kapanlar	17%	%1	%0.67	22
n11-2734	Yapı Market & Bahçe	İş Sağlığı ve Güvenliği	Trafik Güvenliği	Yol Butonları	17%	%1	%0.67	22
n11-2735	Yapı Market & Bahçe	İş Sağlığı ve Güvenliği	Trafik Güvenliği	Kolon Köşe Koruyucu	17%	%1	%0.67	22
n11-2736	Yapı Market & Bahçe	İş Sağlığı ve Güvenliği	Trafik Güvenliği	Flaşörlü Lamba	17%	%1	%0.67	22
n11-2737	Yapı Market & Bahçe	İş Sağlığı ve Güvenliği	Yağ & Kimyasal Emiciler	Yağ & Kimyasal Emiciler	17%	%1	%0.67	22
n11-2738	Yapı Market & Bahçe	Isıtma ve Soğutma Ürünleri	Şömine	Şömine	17%	%1	%0.67	22
n11-2739	Yapı Market & Bahçe	Isıtma ve Soğutma Ürünleri	Sobalar	Sobalar	17%	%1	%0.67	22
n11-2740	Yapı Market & Bahçe	Isıtma ve Soğutma Ürünleri	Radyatör	Radyatör	17%	%1	%0.67	22
n11-2741	Yapı Market & Bahçe	Isıtma ve Soğutma Ürünleri	Endüstriyel Isıtıcı	Endüstriyel Isıtıcı	17%	%1	%0.67	22
n11-2742	Yapı Market & Bahçe	Isıtma ve Soğutma Ürünleri	Menfezler	Menfezler	17%	%1	%0.67	22
n11-2743	Yapı Market & Bahçe	Isıtma ve Soğutma Ürünleri	Termostatlar ve Aksesuarlar	Termostatlar ve Aksesuarlar	17%	%1	%0.67	22
n11-2744	Yapı Market & Bahçe	Isıtma ve Soğutma Ürünleri	Isıtma Sistem Vanaları	Isıtma Sistem Vanaları	17%	%1	%0.67	22
n11-2745	Yapı Market & Bahçe	Isıtma ve Soğutma Ürünleri	Havlupan	Havlupan	17%	%1	%0.67	22
n11-2746	Yapı Market & Bahçe	Isıtma ve Soğutma Ürünleri	Soba & Şömine Aksesuarları	Soba & Şömine Aksesuarları	17%	%1	%0.67	22
n11-2747	Yapı Market & Bahçe	Jeneratör	Jeneratör	Jeneratör	13.5%	%1	%0.67	22
n11-2748	Yapı Market & Bahçe	Kaynak ve Lehimleme	Kaynak ve Kesme Makineleri	İnverter Kaynak Makinesi	13.5%	%1	%0.67	22
n11-2749	Yapı Market & Bahçe	Kaynak ve Lehimleme	Kaynak ve Kesme Makineleri	Argon Kaynak Makinesi (TIG)	13.5%	%1	%0.67	22
n11-2750	Yapı Market & Bahçe	Kaynak ve Lehimleme	Kaynak ve Kesme Makineleri	Gazaltı Kaynak Makinesi (MIG/MAG)	13.5%	%1	%0.67	22
n11-2751	Yapı Market & Bahçe	Kaynak ve Lehimleme	Kaynak ve Kesme Makineleri	Plazma Kesme Makinesi	13.5%	%1	%0.67	22
n11-2752	Yapı Market & Bahçe	Kaynak ve Lehimleme	Kaynak ve Kesme Makineleri	Punta Kaynak Makinesi	13.5%	%1	%0.67	22
n11-2753	Yapı Market & Bahçe	Kaynak ve Lehimleme	Kaynak ve Kesme Makineleri	Kaporta Çektirme Makinesi	13.5%	%1	%0.67	22
n11-2754	Yapı Market & Bahçe	Kaynak ve Lehimleme	Kaynak ve Kesme Makineleri	Boru Kaynak Makinesi	13.5%	%1	%0.67	22
n11-2755	Yapı Market & Bahçe	Kaynak ve Lehimleme	Kaynak Malzemeleri	Kaynak Elektrodu	14.5%	%1	%0.67	22
n11-2756	Yapı Market & Bahçe	Kaynak ve Lehimleme	Kaynak Malzemeleri	Kaynak Teli ve Tozu	14.5%	%1	%0.67	22
n11-2757	Yapı Market & Bahçe	Kaynak ve Lehimleme	Kaynak Aksesuarları	Kaynak Maskesi ve Yedek Camları	14.5%	%1	%0.67	22
n11-2758	Yapı Market & Bahçe	Kaynak ve Lehimleme	Kaynak Aksesuarları	Kaynak Pensesi	14.5%	%1	%0.67	22
n11-2759	Yapı Market & Bahçe	Kaynak ve Lehimleme	Kaynak Aksesuarları	Kaynak Kabloları ve Bağlantı Ekipmanları	14.5%	%1	%0.67	22
n11-2760	Yapı Market & Bahçe	Kaynak ve Lehimleme	Kaynak Aksesuarları	Kaynak Kesme Aksesuarları	14.5%	%1	%0.67	22
n11-2761	Yapı Market & Bahçe	Kaynak ve Lehimleme	Kaynak Aksesuarları	Diğer Kaynak Aksesuarları	14.5%	%1	%0.67	22
n11-2762	Yapı Market & Bahçe	Kaynak ve Lehimleme	Lehim & Havya	Lehim & Havya İstasyonu	15%	%1	%0.67	22
n11-2763	Yapı Market & Bahçe	Kaynak ve Lehimleme	Lehim & Havya	Lehim Tabancası	15%	%1	%0.67	22
n11-2764	Yapı Market & Bahçe	Kaynak ve Lehimleme	Lehim & Havya	Kalem Havya	15%	%1	%0.67	22
n11-2765	Yapı Market & Bahçe	Kaynak ve Lehimleme	Lehim & Havya	Gazlı Havya	15%	%1	%0.67	22
n11-2766	Yapı Market & Bahçe	Kaynak ve Lehimleme	Lehim & Havya Aksesuarları	Lehim Pastası	15%	%1	%0.67	22
n11-2767	Yapı Market & Bahçe	Kaynak ve Lehimleme	Lehim & Havya Aksesuarları	Lehim Teli	15%	%1	%0.67	22
n11-2768	Yapı Market & Bahçe	Kaynak ve Lehimleme	Lehim & Havya Aksesuarları	Lehim Sökme Ürünleri	15%	%1	%0.67	22
n11-2769	Yapı Market & Bahçe	Kaynak ve Lehimleme	Lehim & Havya Aksesuarları	Havya Ucu	15%	%1	%0.67	22
n11-2770	Yapı Market & Bahçe	Kaynak ve Lehimleme	Lehim & Havya Aksesuarları	Havya Standı	15%	%1	%0.67	22
n11-2771	Yapı Market & Bahçe	Kaynak ve Lehimleme	Lehim & Havya Aksesuarları	Diğer Lehim Aksesuarları	15%	%1	%0.67	22
n11-2772	Yapı Market & Bahçe	Makine Parçaları ve Aksesuarları	Matkap Uçları	Matkap Uçları	13.5%	%1	%0.67	22
n11-2773	Yapı Market & Bahçe	Makine Parçaları ve Aksesuarları	Vidalama Uçları	Vidalama Uçları	14.5%	%1	%0.67	22
n11-2774	Yapı Market & Bahçe	Makine Parçaları ve Aksesuarları	Kırıcı Delici Uçları	Kırıcı Delici Uçları	14.5%	%1	%0.67	22
n11-2775	Yapı Market & Bahçe	Makine Parçaları ve Aksesuarları	Yedek Akü & Şarj Cihazları	Yedek Akü & Şarj Cihazları	14.5%	%1	%0.67	22
n11-2776	Yapı Market & Bahçe	Makine Parçaları ve Aksesuarları	Makine Yedek Parçaları	Makine Yedek Parçaları	14.5%	%1	%0.67	22
n11-2777	Yapı Market & Bahçe	Makine Parçaları ve Aksesuarları	Aksesuar Setleri	Aksesuar Setleri	14.5%	%1	%0.67	22
n11-2778	Yapı Market & Bahçe	Makine Parçaları ve Aksesuarları	Mandren	Mandren	14.5%	%1	%0.67	22
n11-2779	Yapı Market & Bahçe	Makine Parçaları ve Aksesuarları	Testere Bıçakları	Panter Testere Bıçakları	14.5%	%1	%0.67	22
n11-2780	Yapı Market & Bahçe	Makine Parçaları ve Aksesuarları	Testere Bıçakları	Dekupaj Testere Bıçakları	14.5%	%1	%0.67	22
n11-2781	Yapı Market & Bahçe	Makine Parçaları ve Aksesuarları	Testere Bıçakları	Daire Testere Bıçakları	14.5%	%1	%0.67	22
n11-2782	Yapı Market & Bahçe	Makine Parçaları ve Aksesuarları	Testere Bıçakları	Delik Açma Testereleri	14.5%	%1	%0.67	22
n11-2783	Yapı Market & Bahçe	Makine Parçaları ve Aksesuarları	Testere Bıçakları	Elmas Testereler	14.5%	%1	%0.67	22
n11-2784	Yapı Market & Bahçe	Makine Parçaları ve Aksesuarları	Testere Bıçakları	Şerit Testere Bıçakları	14.5%	%1	%0.67	22
n11-2785	Yapı Market & Bahçe	Makine Parçaları ve Aksesuarları	Kesici Diskler	Kesici Diskler	14.5%	%1	%0.67	22
n11-2786	Yapı Market & Bahçe	Makine Parçaları ve Aksesuarları	Taşlama Diskleri	Taşlama Diskleri	14.5%	%1	%0.67	22
n11-2787	Yapı Market & Bahçe	Makine Parçaları ve Aksesuarları	Zımpara Uçları	Zımpara Uçları	14.5%	%1	%0.67	22
n11-2788	Yapı Market & Bahçe	Makine Parçaları ve Aksesuarları	Polisaj Uçları	Polisaj Uçları	14.5%	%1	%0.67	22
n11-2789	Yapı Market & Bahçe	Makine Parçaları ve Aksesuarları	Kılavuz ve Pafta Uçları	Kılavuz ve Pafta Uçları	14.5%	%1	%0.67	22
n11-2790	Yapı Market & Bahçe	Makine Parçaları ve Aksesuarları	Freze Uçları	Freze Uçları	14.5%	%1	%0.67	22
n11-2791	Yapı Market & Bahçe	Makine Parçaları ve Aksesuarları	Planya Bıçakları	Planya Bıçakları	14.5%	%1	%0.67	22
n11-2792	Yapı Market & Bahçe	Makine Parçaları ve Aksesuarları	Karot Uçları	Karot Uçları	14.5%	%1	%0.67	22
n11-2793	Yapı Market & Bahçe	Makine Parçaları ve Aksesuarları	Karıştırıcı Uçları	Karıştırıcı Uçları	14.5%	%1	%0.67	22
n11-2794	Yapı Market & Bahçe	Makine Parçaları ve Aksesuarları	Hobi Aleti Aksesuarları	Hobi Aleti Aksesuarları	14.5%	%1	%0.67	22
n11-2795	Yapı Market & Bahçe	Makine Parçaları ve Aksesuarları	Endüstriyel Temizleme Aksesuarları	Endüstriyel Temizleme Aksesuarları	14.5%	%1	%0.67	22
n11-2796	Yapı Market & Bahçe	Makine Parçaları ve Aksesuarları	Kompresör Aksesuarları	Kompresör Aksesuarları	14.5%	%1	%0.67	22
n11-2797	Yapı Market & Bahçe	Makine Parçaları ve Aksesuarları	Zımba Tabancası Teli	Zımba Tabancası Teli	14.5%	%1	%0.67	22
n11-2798	Yapı Market & Bahçe	Makine Parçaları ve Aksesuarları	Çivi Tabancası Çivisi	Çivi Tabancası Çivisi	14.5%	%1	%0.67	22
n11-2799	Yapı Market & Bahçe	Makine Parçaları ve Aksesuarları	Cnc Parçaları	Cnc Parçaları	14.5%	%1	%0.67	22
n11-2800	Yapı Market & Bahçe	Makine Parçaları ve Aksesuarları	Elektrik Motoru	Elektrik Motoru	14.5%	%1	%0.67	22
n11-2801	Yapı Market & Bahçe	Mangal & Barbekü	Mangal	Kömürlü Mangal	13.5%	%1	%0.67	22
n11-2802	Yapı Market & Bahçe	Mangal & Barbekü	Mangal	Gazlı Mangal	13.5%	%1	%0.67	22
n11-2803	Yapı Market & Bahçe	Mangal & Barbekü	Mangal Aksesuarları	Mangal Aksesuarları	17%	%1	%0.67	22
n11-2804	Yapı Market & Bahçe	Matkaplar	Darbeli & Darbesiz Matkaplar	Darbeli & Darbesiz Matkaplar	13.5%	%1	%0.67	22
n11-2805	Yapı Market & Bahçe	Nalburiye & Hırdavat	Diğer Hırdavat Ürünleri	Diğer Hırdavat Ürünleri	17%	%1	%0.67	22
n11-2806	Yapı Market & Bahçe	Nalburiye & Hırdavat	Genel Bakım Ürünleri	Bakım Spreyleri	17%	%1	%0.67	22
n11-2807	Yapı Market & Bahçe	Nalburiye & Hırdavat	Genel Bakım Ürünleri	Temizlik Ürünleri	17%	%1	%0.67	22
n11-2808	Yapı Market & Bahçe	Nalburiye & Hırdavat	Güvenlik Ürünleri	Güvenlik Cihazları	17%	%1	%0.67	22
n11-2809	Yapı Market & Bahçe	Nalburiye & Hırdavat	Güvenlik Ürünleri	Para Kasası	17%	%1	%0.67	22
n11-2810	Yapı Market & Bahçe	Nalburiye & Hırdavat	Güvenlik Ürünleri	Asma Kilit	17%	%1	%0.67	22
n11-2811	Yapı Market & Bahçe	Nalburiye & Hırdavat	Kapı ve Malzemeleri	Kapı Dürbünü	17%	%1	%0.67	22
n11-2812	Yapı Market & Bahçe	Nalburiye & Hırdavat	Kapı ve Malzemeleri	Kapı	17%	%1	%0.67	22
n11-2813	Yapı Market & Bahçe	Nalburiye & Hırdavat	Kapı ve Malzemeleri	Kapı Kolları	17%	%1	%0.67	22
n11-2814	Yapı Market & Bahçe	Nalburiye & Hırdavat	Kapı ve Malzemeleri	Kapı Silindiri	17%	%1	%0.67	22
n11-2815	Yapı Market & Bahçe	Nalburiye & Hırdavat	Kapı ve Malzemeleri	Kapı Stoperi	17%	%1	%0.67	22
n11-2816	Yapı Market & Bahçe	Nalburiye & Hırdavat	Kapı ve Malzemeleri	Kapı ve Pencere Bantları	17%	%1	%0.67	22
n11-2817	Yapı Market & Bahçe	Nalburiye & Hırdavat	Kapı ve Malzemeleri	Menteşe	17%	%1	%0.67	22
n11-2818	Yapı Market & Bahçe	Nalburiye & Hırdavat	Kapı ve Malzemeleri	Topuz	17%	%1	%0.67	22
n11-2819	Yapı Market & Bahçe	Nalburiye & Hırdavat	Kapı ve Malzemeleri	Kapı Kilidi	17%	%1	%0.67	22
n11-2820	Yapı Market & Bahçe	Nalburiye & Hırdavat	Kapı ve Malzemeleri	Kapı Hidroliği	17%	%1	%0.67	22
n11-2821	Yapı Market & Bahçe	Nalburiye & Hırdavat	Mobilya Hırdavatı	Mobilya Hırdavatı	17%	%1	%0.67	22
n11-2822	Yapı Market & Bahçe	Nalburiye & Hırdavat	Sineklik	Sineklik	17%	%1	%0.67	22
n11-2823	Yapı Market & Bahçe	Nalburiye & Hırdavat	Takım Çantası & Hizmet Dolapları	Takım Çantası & Hizmet Dolapları	17%	%1	%0.67	22
n11-2824	Yapı Market & Bahçe	Nalburiye & Hırdavat	Tesisat	Tahliye & Temiz Su Hortumları	17%	%1	%0.67	22
n11-2825	Yapı Market & Bahçe	Nalburiye & Hırdavat	Tesisat	Endüstriyel Su Arıtma Cihazları	17%	%1	%0.67	22
n11-2826	Yapı Market & Bahçe	Nalburiye & Hırdavat	Tesisat	Fitings	17%	%1	%0.67	22
n11-2827	Yapı Market & Bahçe	Nalburiye & Hırdavat	Tesisat	Contalar	17%	%1	%0.67	22
n11-2828	Yapı Market & Bahçe	Nalburiye & Hırdavat	Tesisat	Tapalar & Süzgeçler	17%	%1	%0.67	22
n11-2829	Yapı Market & Bahçe	Nalburiye & Hırdavat	Tesisat	Vanalar	17%	%1	%0.67	22
n11-2830	Yapı Market & Bahçe	Nalburiye & Hırdavat	Yer Kaplaması	Cam Mozaik	17%	%1	%0.67	22
n11-2831	Yapı Market & Bahçe	Nalburiye & Hırdavat	Yer Kaplaması	Seramik	17%	%1	%0.67	22
n11-2832	Yapı Market & Bahçe	Nalburiye & Hırdavat	Yer Kaplaması	PVC	17%	%1	%0.67	22
n11-2833	Yapı Market & Bahçe	Nalburiye & Hırdavat	Yer Kaplaması	Laminat	17%	%1	%0.67	22
n11-2834	Yapı Market & Bahçe	Nalburiye & Hırdavat	Yer Kaplaması	Masif Ahşap	17%	%1	%0.67	22
n11-2835	Yapı Market & Bahçe	Nalburiye & Hırdavat	Duvar Kaplama	Duvar Kaplama	17%	%1	%0.67	22
n11-2836	Yapı Market & Bahçe	Nalburiye & Hırdavat	Dübel	Dübel	17%	%1	%0.67	22
n11-2837	Yapı Market & Bahçe	Nalburiye & Hırdavat	Pazar Arabaları	Pazar Arabaları	17%	%1	%0.67	22
n11-2838	Yapı Market & Bahçe	Nalburiye & Hırdavat	Posta Kutuları	Posta Kutuları	17%	%1	%0.67	22
n11-2839	Yapı Market & Bahçe	Nalburiye & Hırdavat	Seramik & Sıvacı Aletleri	Seramik & Sıvacı Aletleri	17%	%1	%0.67	22
n11-2840	Yapı Market & Bahçe	Nalburiye & Hırdavat	Vida, Çivi, Somun	Vida, Çivi, Somun	17%	%1	%0.67	22
n11-2841	Yapı Market & Bahçe	Nalburiye & Hırdavat	Yönlendirme Levhaları	Yönlendirme Levhaları	17%	%1	%0.67	22
n11-2842	Yapı Market & Bahçe	Nalburiye & Hırdavat	Yapıştırıcılar	Hızlı Yapıştırıcı	17%	%1	%0.67	22
n11-2843	Yapı Market & Bahçe	Nalburiye & Hırdavat	Yapıştırıcılar	Tutkal	17%	%1	%0.67	22
n11-2844	Yapı Market & Bahçe	Nalburiye & Hırdavat	Yapıştırıcılar	Epoksiler	17%	%1	%0.67	22
n11-2845	Yapı Market & Bahçe	Nalburiye & Hırdavat	Dolgu Malzemeleri	Mastikler	17%	%1	%0.67	22
n11-2846	Yapı Market & Bahçe	Nalburiye & Hırdavat	Dolgu Malzemeleri	Köpükler	17%	%1	%0.67	22
n11-2847	Yapı Market & Bahçe	Nalburiye & Hırdavat	Dolgu Malzemeleri	Derz Dolgu Ürünleri	17%	%1	%0.67	22
n11-2848	Yapı Market & Bahçe	Nalburiye & Hırdavat	Bantlar	Alüminyum Bant	17%	%1	%0.67	22
n11-2849	Yapı Market & Bahçe	Nalburiye & Hırdavat	Bantlar	Teflon Bant	17%	%1	%0.67	22
n11-2850	Yapı Market & Bahçe	Nalburiye & Hırdavat	Bantlar	Emniyet Şeridi	17%	%1	%0.67	22
n11-2851	Yapı Market & Bahçe	Nalburiye & Hırdavat	Bantlar	Kaydırmaz Bant	17%	%1	%0.67	22
n11-2852	Yapı Market & Bahçe	Nalburiye & Hırdavat	Bantlar	Çift Taraflı Bant	17%	%1	%0.67	22
n11-2853	Yapı Market & Bahçe	Nalburiye & Hırdavat	Bantlar	Cırt Bant	17%	%1	%0.67	22
n11-2854	Yapı Market & Bahçe	Nalburiye & Hırdavat	Bantlar	Derz Bandı	17%	%1	%0.67	22
n11-2855	Yapı Market & Bahçe	Nalburiye & Hırdavat	Bantlar	İzolasyon Bandı	17%	%1	%0.67	22
n11-2856	Yapı Market & Bahçe	Nalburiye & Hırdavat	Bantlar	Yer İşaretleme Bandı	17%	%1	%0.67	22
n11-2857	Yapı Market & Bahçe	Nalburiye & Hırdavat	Mum Silikonlar	Mum Silikonlar	17%	%1	%0.67	22
n11-2858	Yapı Market & Bahçe	Nalburiye & Hırdavat	Dökme Gıda Teşhir Ekipmanları	Dökme Gıda Teşhir Ekipmanları	17%	%1	%0.67	22
n11-2859	Yapı Market & Bahçe	Nalburiye & Hırdavat	Halatlar&İpler	Çelik Halat	17%	%1	%0.67	22
n11-2860	Yapı Market & Bahçe	Nalburiye & Hırdavat	Halatlar&İpler	Jüt İp	17%	%1	%0.67	22
n11-2861	Yapı Market & Bahçe	Nalburiye & Hırdavat	Halatlar&İpler	İskota Halat	17%	%1	%0.67	22
n11-2862	Yapı Market & Bahçe	Nalburiye & Hırdavat	Mıknatıslar	Mıknatıslar	17%	%1	%0.67	22
n11-2863	Yapı Market & Bahçe	Ölçüm Cihazları ve Test Araçları	Metreler ve Cetveller	Arazi Metreleri	14.5%	%1	%0.67	22
n11-2864	Yapı Market & Bahçe	Ölçüm Cihazları ve Test Araçları	Metreler ve Cetveller	Cetveller	14.5%	%1	%0.67	22
n11-2865	Yapı Market & Bahçe	Ölçüm Cihazları ve Test Araçları	Metreler ve Cetveller	Lazermetre	14.5%	%1	%0.67	22
n11-2866	Yapı Market & Bahçe	Ölçüm Cihazları ve Test Araçları	Metreler ve Cetveller	Şerit Metre	14.5%	%1	%0.67	22
n11-2867	Yapı Market & Bahçe	Ölçüm Cihazları ve Test Araçları	Metreler ve Cetveller	Gönye	14.5%	%1	%0.67	22
n11-2868	Yapı Market & Bahçe	Ölçüm Cihazları ve Test Araçları	Metreler ve Cetveller	Kumpaslar	14.5%	%1	%0.67	22
n11-2869	Yapı Market & Bahçe	Ölçüm Cihazları ve Test Araçları	Metreler ve Cetveller	Açı Ölçer	14.5%	%1	%0.67	22
n11-2870	Yapı Market & Bahçe	Ölçüm Cihazları ve Test Araçları	Çırpı İpi	Çırpı İpi	14.5%	%1	%0.67	22
n11-2871	Yapı Market & Bahçe	Ölçüm Cihazları ve Test Araçları	Lazer Hizalama	Lazer Hizalama	14.5%	%1	%0.67	22
n11-2872	Yapı Market & Bahçe	Ölçüm Cihazları ve Test Araçları	Nivo	Nivo	14.5%	%1	%0.67	22
n11-2873	Yapı Market & Bahçe	Ölçüm Cihazları ve Test Araçları	Ölçüm & Hizalama Makinesi Aksesuarları	Ölçüm & Hizalama Makinesi Aksesuarları	14.5%	%1	%0.67	22
n11-2874	Yapı Market & Bahçe	Ölçüm Cihazları ve Test Araçları	Ağırlık Ölçerler	El & Cep Terazisi	14.5%	%1	%0.67	22
n11-2875	Yapı Market & Bahçe	Ölçüm Cihazları ve Test Araçları	Ağırlık Ölçerler	Elektronik Terazi	14.5%	%1	%0.67	22
n11-2876	Yapı Market & Bahçe	Ölçüm Cihazları ve Test Araçları	Ağırlık Ölçerler	Endüstriyel Terazi	14.5%	%1	%0.67	22
n11-2877	Yapı Market & Bahçe	Ölçüm Cihazları ve Test Araçları	Ağırlık Ölçerler	Transpalet Baskül	14.5%	%1	%0.67	22
n11-2878	Yapı Market & Bahçe	Ölçüm Cihazları ve Test Araçları	Ağırlık Ölçerler	Vinç Baskül	14.5%	%1	%0.67	22
n11-2879	Yapı Market & Bahçe	Ölçüm Cihazları ve Test Araçları	Mikrometre	Mikrometre	14.5%	%1	%0.67	22
n11-2880	Yapı Market & Bahçe	Ölçüm Cihazları ve Test Araçları	Su Terazisi	Su Terazisi	14.5%	%1	%0.67	22
n11-2881	Yapı Market & Bahçe	Ölçüm Cihazları ve Test Araçları	Akü Test & Ölçüm Cihazı	Akü Test & Ölçüm Cihazı	14.5%	%1	%0.67	22
n11-2882	Yapı Market & Bahçe	Ölçüm Cihazları ve Test Araçları	Boya Ölçüm Cihazı	Boya Ölçüm Cihazı	14.5%	%1	%0.67	22
n11-2883	Yapı Market & Bahçe	Ölçüm Cihazları ve Test Araçları	Dinamometreler	Dinamometreler	14.5%	%1	%0.67	22
n11-2884	Yapı Market & Bahçe	Ölçüm Cihazları ve Test Araçları	Komparatör	Komparatör	14.5%	%1	%0.67	22
n11-2885	Yapı Market & Bahçe	Ölçüm Cihazları ve Test Araçları	Elektrik Ölçüm Cihazları	Ampermetre	14.5%	%1	%0.67	22
n11-2886	Yapı Market & Bahçe	Ölçüm Cihazları ve Test Araçları	Elektrik Ölçüm Cihazları	Voltmetre	14.5%	%1	%0.67	22
n11-2887	Yapı Market & Bahçe	Ölçüm Cihazları ve Test Araçları	Elektrik Ölçüm Cihazları	Wattmetre	14.5%	%1	%0.67	22
n11-2888	Yapı Market & Bahçe	Ölçüm Cihazları ve Test Araçları	Elektrik Ölçüm Cihazları	Osiloskop	14.5%	%1	%0.67	22
n11-2889	Yapı Market & Bahçe	Ölçüm Cihazları ve Test Araçları	Elektrik Ölçüm Cihazları	Multimetre	14.5%	%1	%0.67	22
n11-2890	Yapı Market & Bahçe	Ölçüm Cihazları ve Test Araçları	Elektrik Ölçüm Cihazları	Kablo Bulucu & Test Cihazı	14.5%	%1	%0.67	22
n11-2891	Yapı Market & Bahçe	Ölçüm Cihazları ve Test Araçları	Elektrik Ölçüm Cihazları	Toprak Direnci Ölçer	14.5%	%1	%0.67	22
n11-2892	Yapı Market & Bahçe	Ölçüm Cihazları ve Test Araçları	Elektrik Ölçüm Cihazları	İzolasyon Test Cihazı	14.5%	%1	%0.67	22
n11-2893	Yapı Market & Bahçe	Ölçüm Cihazları ve Test Araçları	Elektrik Ölçüm Cihazları	Voltaj Dedektörü	14.5%	%1	%0.67	22
n11-2894	Yapı Market & Bahçe	Ölçüm Cihazları ve Test Araçları	Elektrik Ölçüm Cihazları	Pensampermetre	14.5%	%1	%0.67	22
n11-2895	Yapı Market & Bahçe	Ölçüm Cihazları ve Test Araçları	Elektrik Ölçüm Cihazları	Faz Sırası Ölçer	14.5%	%1	%0.67	22
n11-2896	Yapı Market & Bahçe	Ölçüm Cihazları ve Test Araçları	Ses ve Gürültü Ölçüm Cihazı	Ses ve Gürültü Ölçüm Cihazı	14.5%	%1	%0.67	22
n11-2897	Yapı Market & Bahçe	Ölçüm Cihazları ve Test Araçları	Takometre	Takometre	14.5%	%1	%0.67	22
n11-2898	Yapı Market & Bahçe	Ölçüm Cihazları ve Test Araçları	Anemometre	Anemometre	14.5%	%1	%0.67	22
n11-2899	Yapı Market & Bahçe	Ölçüm Cihazları ve Test Araçları	Termometreler	Termometreler	14.5%	%1	%0.67	22
n11-2900	Yapı Market & Bahçe	Ölçüm Cihazları ve Test Araçları	Lüksmetre	Lüksmetre	14.5%	%1	%0.67	22
n11-2901	Yapı Market & Bahçe	Ölçüm Cihazları ve Test Araçları	Vibrasyon Ölçer	Vibrasyon Ölçer	14.5%	%1	%0.67	22
n11-2902	Yapı Market & Bahçe	Ölçüm Cihazları ve Test Araçları	LCR Metre	LCR Metre	14.5%	%1	%0.67	22
n11-2903	Yapı Market & Bahçe	Ölçüm Cihazları ve Test Araçları	Diğer Ölçüm Cihazları	Diğer Ölçüm Cihazları	14.5%	%1	%0.67	22
n11-2904	Yapı Market & Bahçe	Ölçüm Cihazları ve Test Araçları	Dedektörler	Metal Dedektörü	14.5%	%1	%0.67	22
n11-2905	Yapı Market & Bahçe	Ölçüm Cihazları ve Test Araçları	Dedektörler	Yer Altı Görüntüleme Cihazı	14.5%	%1	%0.67	22
n11-2906	Yapı Market & Bahçe	Ölçüm Cihazları ve Test Araçları	Dedektörler	Alan Tarama Cihazı	14.5%	%1	%0.67	22
n11-2907	Yapı Market & Bahçe	Ölçüm Cihazları ve Test Araçları	Dedektörler	Su Altı & Sahil Dedektörü	14.5%	%1	%0.67	22
n11-2908	Yapı Market & Bahçe	Ölçüm Cihazları ve Test Araçları	Dedektörler	Güvenlik Dedektörleri	14.5%	%1	%0.67	22
n11-2909	Yapı Market & Bahçe	Ölçüm Cihazları ve Test Araçları	Dedektörler	Dedektör Başlıkları	14.5%	%1	%0.67	22
n11-2910	Yapı Market & Bahçe	Ölçüm Cihazları ve Test Araçları	Dedektörler	Endüstriyel Dedektörler	14.5%	%1	%0.67	22
n11-2911	Yapı Market & Bahçe	Ölçüm Cihazları ve Test Araçları	Dedektörler	Dedektör Aksesuarları	14.5%	%1	%0.67	22
n11-2912	Yapı Market & Bahçe	Ölçüm Cihazları ve Test Araçları	Termal Kameralar	Termal Kameralar	14.5%	%1	%0.67	22
n11-2913	Yapı Market & Bahçe	Yapı Malzemeleri	Ahşaplar	Ahşaplar	17%	%1	%0.67	22
n11-2914	Yapı Market & Bahçe	Yapı Malzemeleri	Çatı Kaplama Malzemeleri	Çatı Kaplama Malzemeleri	17%	%1	%0.67	22
n11-2915	Yapı Market & Bahçe	Yapı Malzemeleri	İnşaat Malzemeleri	İnşaat Malzemeleri	17%	%1	%0.67	22
n11-2916	Yapı Market & Bahçe	Yapı Malzemeleri	İskele ve Aksesuarları	İskele ve Aksesuarları	17%	%1	%0.67	22
n11-2917	Yapı Market & Bahçe	Yapı Malzemeleri	Malzeme Taşıma	El Arabaları	17%	%1	%0.67	22
n11-2918	Yapı Market & Bahçe	Yapı Malzemeleri	Malzeme Taşıma	Paletler	17%	%1	%0.67	22
n11-2919	Yapı Market & Bahçe	Yapı Malzemeleri	Malzeme Taşıma	Transpaletler	17%	%1	%0.67	22
n11-2920	Yapı Market & Bahçe	Yapı Malzemeleri	Malzeme Taşıma	Vinçler	17%	%1	%0.67	22
n11-2921	Yapı Market & Bahçe	Yapı Malzemeleri	Malzeme Taşıma	Taşıma Arabaları	17%	%1	%0.67	22
n11-2922	Yapı Market & Bahçe	Yapı Malzemeleri	Malzeme Taşıma	Caraskallar	17%	%1	%0.67	22
n11-2923	Yapı Market & Bahçe	Yapı Malzemeleri	Malzeme Taşıma	İstif Makineleri	17%	%1	%0.67	22
n11-2924	Yapı Market & Bahçe	Yapı Malzemeleri	Malzeme Taşıma	Platformlar	17%	%1	%0.67	22
n11-2925	Yapı Market & Bahçe	Yapı Malzemeleri	Malzeme Taşıma	Hubzug	17%	%1	%0.67	22
n11-2926	Yapı Market & Bahçe	Yapı Malzemeleri	Malzeme Taşıma	Forklift	17%	%1	%0.67	22
n11-2927	Yapı Market & Bahçe	Yapı Malzemeleri	Malzeme Taşıma	Polyester Sapan	17%	%1	%0.67	22
n11-2928	Yapı Market & Bahçe	Yapı Malzemeleri	Merdivenler	Merdivenler	17%	%1	%0.67	22
n11-2929	Yapı Market & Bahçe	Yapı Malzemeleri	Prefabrik Evler	Prefabrik Evler	12%	%1	%0.67	22
n11-2930	Yapı Market & Bahçe	Yapı Malzemeleri	Yalıtım Malzemeleri	Ses Yalıtımı	17%	%1	%0.67	22
n11-2931	Yapı Market & Bahçe	Yapı Malzemeleri	Yalıtım Malzemeleri	Isı Yalıtımı	17%	%1	%0.67	22
n11-2932	Yapı Market & Bahçe	Yapı Malzemeleri	Yalıtım Malzemeleri	Su Yalıtımı	17%	%1	%0.67	22
n11-2933	Yapı Market & Bahçe	Yapı Malzemeleri	Metal ve Plastik Profiller	Metal ve Plastik Profiller	17%	%1	%0.67	22
n11-2934	Yapı Market & Bahçe	Yapı Malzemeleri	Levhalar	Levhalar	17%	%1	%0.67	22
n11-2935	2.El Antika & Koleksiyon	2.El Antika Aksesuar	2.El Anahtarlık	2.El Anahtarlık	20.34%	%1	%0.67	24
n11-2936	2.El Antika & Koleksiyon	2.El Antika Aksesuar	2.El Askeri Malzeme	2.El Askeri Malzeme	20.34%	%1	%0.67	24
n11-2937	2.El Antika & Koleksiyon	2.El Antika Aksesuar	2.El Ağızlık & Pipo	2.El Ağızlık & Pipo	20.34%	%1	%0.67	24
n11-2938	2.El Antika & Koleksiyon	2.El Antika Aksesuar	2.El Kalem	2.El Kalem	20.34%	%1	%0.67	24
n11-2939	2.El Antika & Koleksiyon	2.El Antika Aksesuar	2.El Kemer ve Tokası	2.El Kemer ve Tokası	20.34%	%1	%0.67	24
n11-2940	2.El Antika & Koleksiyon	2.El Antika Aksesuar	2.El Saç Tokası	2.El Saç Tokası	20.34%	%1	%0.67	24
n11-2941	2.El Antika & Koleksiyon	2.El Antika Aksesuar	2.El Tespih	2.El Tespih	20.34%	%1	%0.67	24
n11-2942	2.El Antika & Koleksiyon	2.El Antika Aksesuar	2.El Tespih Malzemeleri	2.El Tespih Malzemeleri	20.34%	%1	%0.67	24
n11-2943	2.El Antika & Koleksiyon	2.El Antika Aksesuar	2.El Çakmak	2.El Çakmak	20.34%	%1	%0.67	24
n11-2944	2.El Antika & Koleksiyon	2.El Antika Ev Dekorasyon	2.El Aydınlatma & Avize	2.El Aydınlatma & Avize	20.34%	%1	%0.67	24
n11-2945	2.El Antika & Koleksiyon	2.El Antika Ev Dekorasyon	2.El Ayna	2.El Ayna	20.34%	%1	%0.67	24
n11-2946	2.El Antika & Koleksiyon	2.El Antika Ev Dekorasyon	2.El Biblo & Heykel	2.El Biblo & Heykel	20.34%	%1	%0.67	24
n11-2947	2.El Antika & Koleksiyon	2.El Antika Ev Dekorasyon	2.El Dekoratif Saat	2.El Dekoratif Saat	20.34%	%1	%0.67	24
n11-2948	2.El Antika & Koleksiyon	2.El Antika Ev Dekorasyon	2.El Dolap & Gardrop	2.El Dolap & Gardrop	20.34%	%1	%0.67	24
n11-2949	2.El Antika & Koleksiyon	2.El Antika Ev Dekorasyon	2.El Etnik Sanat	2.El Etnik Sanat	20.34%	%1	%0.67	24
n11-2950	2.El Antika & Koleksiyon	2.El Antika Ev Dekorasyon	2.El Figür & Biblo	2.El Figür & Biblo	20.34%	%1	%0.67	24
n11-2951	2.El Antika & Koleksiyon	2.El Antika Ev Dekorasyon	2.El Halı & Kilim	2.El Halı & Kilim	20.34%	%1	%0.67	24
n11-2952	2.El Antika & Koleksiyon	2.El Antika Ev Dekorasyon	2.El Kitaplık	2.El Kitaplık	20.34%	%1	%0.67	24
n11-2953	2.El Antika & Koleksiyon	2.El Antika Ev Dekorasyon	2.El Koltuk & Kanepe	2.El Koltuk & Kanepe	20.34%	%1	%0.67	24
n11-2954	2.El Antika & Koleksiyon	2.El Antika Ev Dekorasyon	2.El Konsol	2.El Konsol	20.34%	%1	%0.67	24
n11-2955	2.El Antika & Koleksiyon	2.El Antika Ev Dekorasyon	2.El Lamba, Fener, Mumluk	2.El Lamba, Fener, Mumluk	20.34%	%1	%0.67	24
n11-2956	2.El Antika & Koleksiyon	2.El Antika Ev Dekorasyon	2.El Masa ve Sandalye	2.El Masa ve Sandalye	20.34%	%1	%0.67	24
n11-2957	2.El Antika & Koleksiyon	2.El Antika Ev Dekorasyon	2.El Paravan	2.El Paravan	20.34%	%1	%0.67	24
n11-2958	2.El Antika & Koleksiyon	2.El Antika Ev Dekorasyon	2.El Resim, Tablo, Çizim	2.El Resim, Tablo, Çizim	20.34%	%1	%0.67	24
n11-2959	2.El Antika & Koleksiyon	2.El Antika Ev Dekorasyon	2.El Rölyef & Kabartma	2.El Rölyef & Kabartma	20.34%	%1	%0.67	24
n11-2960	2.El Antika & Koleksiyon	2.El Antika Ev Dekorasyon	2.El Sandık	2.El Sandık	20.34%	%1	%0.67	24
n11-2961	2.El Antika & Koleksiyon	2.El Antika Ev Dekorasyon	2.El Seccade	2.El Seccade	20.34%	%1	%0.67	24
n11-2962	2.El Antika & Koleksiyon	2.El Antika Ev Dekorasyon	2.El Sehpa & Servis Masası	2.El Sehpa & Servis Masası	20.34%	%1	%0.67	24
n11-2963	2.El Antika & Koleksiyon	2.El Antika Ev Dekorasyon	2.El Vazo	2.El Vazo	20.34%	%1	%0.67	24
n11-2964	2.El Antika & Koleksiyon	2.El Antika Ev Dekorasyon	2.El Vitrin	2.El Vitrin	20.34%	%1	%0.67	24
n11-2965	2.El Antika & Koleksiyon	2.El Antika Ev Dekorasyon	2.El Çerçeve	2.El Çerçeve	20.34%	%1	%0.67	24
n11-2966	2.El Antika & Koleksiyon	2.El Antika Ev Dekorasyon	2.El Şamdan & Kandil	2.El Şamdan & Kandil	20.34%	%1	%0.67	24
n11-2967	2.El Antika & Koleksiyon	2.El Antika Ev Dekorasyon	2.El Şifonyer	2.El Şifonyer	20.34%	%1	%0.67	24
n11-2968	2.El Antika & Koleksiyon	2.El Antika Ev Dekorasyon	2.El Şömine	2.El Şömine	20.34%	%1	%0.67	24
n11-2969	2.El Antika & Koleksiyon	2.El Antika Giyim, Tekstil	2.El Antika Banyo Tekstili	2.El Antika Banyo Tekstili	20.34%	%1	%0.67	24
n11-2970	2.El Antika & Koleksiyon	2.El Antika Giyim, Tekstil	2.El Antika Giyim	2.El Antika Giyim	20.34%	%1	%0.67	24
n11-2971	2.El Antika & Koleksiyon	2.El Antika Giyim, Tekstil	2.El Antika Salon Tekstili	2.El Antika Salon Tekstili	20.34%	%1	%0.67	24
n11-2972	2.El Antika & Koleksiyon	2.El Antika Giyim, Tekstil	2.El Antika Yatak Odası Tekstili	2.El Antika Yatak Odası Tekstili	20.34%	%1	%0.67	24
n11-2973	2.El Antika & Koleksiyon	2.El Antika Giyim, Tekstil	2.El Dantel,Tığ İşi, Mendil	2.El Dantel,Tığ İşi, Mendil	20.34%	%1	%0.67	24
n11-2974	2.El Antika & Koleksiyon	2.El Antika Giyim, Tekstil	2.El Kumaş, Kanaviçe, İğne Oyası	2.El Kumaş, Kanaviçe, İğne Oyası	20.34%	%1	%0.67	24
n11-2975	2.El Antika & Koleksiyon	2.El Antika Giyim, Tekstil	2.El Para Kesesi	2.El Para Kesesi	20.34%	%1	%0.67	24
n11-2976	2.El Antika & Koleksiyon	2.El Antika Giyim, Tekstil	2.El Çanta & Heybe	2.El Çanta & Heybe	20.34%	%1	%0.67	24
n11-2977	2.El Antika & Koleksiyon	2.El Antika Mücevher Saat	2.El Bilezik & Bileklik	2.El Bilezik & Bileklik	20.34%	%1	%0.67	24
n11-2978	2.El Antika & Koleksiyon	2.El Antika Mücevher Saat	2.El Broş, İğne, Rozet	2.El Broş, İğne, Rozet	20.34%	%1	%0.67	24
n11-2979	2.El Antika & Koleksiyon	2.El Antika Mücevher Saat	2.El Kol Düğmesi	2.El Kol Düğmesi	20.34%	%1	%0.67	24
n11-2980	2.El Antika & Koleksiyon	2.El Antika Mücevher Saat	2.El Lüks ve Antika Kol Saati	2.El Lüks ve Antika Kol Saati	20.34%	%1	%0.67	24
n11-2981	2.El Antika & Koleksiyon	2.El Antika Mücevher Saat	2.El Kolye ve Kolye Ucu	2.El Kolye ve Kolye Ucu	20.34%	%1	%0.67	24
n11-2982	2.El Antika & Koleksiyon	2.El Antika Mücevher Saat	2.El Kravat İğnesi	2.El Kravat İğnesi	20.34%	%1	%0.67	24
n11-2983	2.El Antika & Koleksiyon	2.El Antika Mücevher Saat	2.El Küpe	2.El Küpe	20.34%	%1	%0.67	24
n11-2984	2.El Antika & Koleksiyon	2.El Antika Mücevher Saat	2.El Mücevher Kutusu	2.El Mücevher Kutusu	20.34%	%1	%0.67	24
n11-2985	2.El Antika & Koleksiyon	2.El Antika Mücevher Saat	2.El Takı Seti	2.El Takı Seti	20.34%	%1	%0.67	24
n11-2986	2.El Antika & Koleksiyon	2.El Antika Mücevher Saat	2.El Yüzük	2.El Yüzük	20.34%	%1	%0.67	24
n11-2987	2.El Antika & Koleksiyon	2.El Antika Objeler	2.El Altimetre, Barometre	2.El Altimetre, Barometre	20.34%	%1	%0.67	24
n11-2988	2.El Antika & Koleksiyon	2.El Antika Objeler	2.El Baskı & Mühür	2.El Baskı & Mühür	20.34%	%1	%0.67	24
n11-2989	2.El Antika & Koleksiyon	2.El Antika Objeler	2.El Baston & Asa	2.El Baston & Asa	20.34%	%1	%0.67	24
n11-2990	2.El Antika & Koleksiyon	2.El Antika Objeler	2.El Beyaz Eşya	2.El Beyaz Eşya	20.34%	%1	%0.67	24
n11-2991	2.El Antika & Koleksiyon	2.El Antika Objeler	2.El Brat, Ferman, Hüccet	2.El Brat, Ferman, Hüccet	20.34%	%1	%0.67	24
n11-2992	2.El Antika & Koleksiyon	2.El Antika Objeler	2.El Daktilo	2.El Daktilo	20.34%	%1	%0.67	24
n11-2993	2.El Antika & Koleksiyon	2.El Antika Objeler	2.El Dürbün	2.El Dürbün	20.34%	%1	%0.67	24
n11-2994	2.El Antika & Koleksiyon	2.El Antika Objeler	2.El Elektrikli Aletler	2.El Elektrikli Aletler	20.34%	%1	%0.67	24
n11-2995	2.El Antika & Koleksiyon	2.El Antika Objeler	2.El Fotoğraf Makinesi ve Aksesuar	2.El Fotoğraf Makinesi ve Aksesuar	20.34%	%1	%0.67	24
n11-2996	2.El Antika & Koleksiyon	2.El Antika Objeler	2.El Gravür	2.El Gravür	20.34%	%1	%0.67	24
n11-2997	2.El Antika & Koleksiyon	2.El Antika Objeler	2.El Jardinyer	2.El Jardinyer	20.34%	%1	%0.67	24
n11-2998	2.El Antika & Koleksiyon	2.El Antika Objeler	2.El Kamera ve Aksesuar	2.El Kamera ve Aksesuar	20.34%	%1	%0.67	24
n11-2999	2.El Antika & Koleksiyon	2.El Antika Objeler	2.El Kutu & Kumbara	2.El Kutu & Kumbara	20.34%	%1	%0.67	24
n11-3000	2.El Antika & Koleksiyon	2.El Antika Objeler	2.El Minyatür	2.El Minyatür	20.34%	%1	%0.67	24
n11-3001	2.El Antika & Koleksiyon	2.El Antika Objeler	2.El Mutfak & Ev Gereçleri	2.El Mutfak & Ev Gereçleri	20.34%	%1	%0.67	24
n11-3002	2.El Antika & Koleksiyon	2.El Antika Objeler	2.El Müzayede & Sergi Kataloğu	2.El Müzayede & Sergi Kataloğu	20.34%	%1	%0.67	24
n11-3003	2.El Antika & Koleksiyon	2.El Antika Objeler	2.El Müzik Enstrümanları	2.El Müzik Enstrümanları	20.34%	%1	%0.67	24
n11-3004	2.El Antika & Koleksiyon	2.El Antika Objeler	2.El Pano & Hat Levha	2.El Pano & Hat Levha	20.34%	%1	%0.67	24
n11-3005	2.El Antika & Koleksiyon	2.El Antika Objeler	2.El Radyo & Gramofon	2.El Radyo & Gramofon	20.34%	%1	%0.67	24
n11-3006	2.El Antika & Koleksiyon	2.El Antika Objeler	2.El Resim Malzemeleri	2.El Resim Malzemeleri	20.34%	%1	%0.67	24
n11-3007	2.El Antika & Koleksiyon	2.El Antika Objeler	2.El Sinema Dürbünü	2.El Sinema Dürbünü	20.34%	%1	%0.67	24
n11-3008	2.El Antika & Koleksiyon	2.El Antika Objeler	2.El Telefon	2.El Telefon	20.34%	%1	%0.67	24
n11-3009	2.El Antika & Koleksiyon	2.El Antika Objeler	2.El Termometre	2.El Termometre	20.34%	%1	%0.67	24
n11-3010	2.El Antika & Koleksiyon	2.El Antika Objeler	2.El Şişe & Likörlük	2.El Şişe & Likörlük	20.34%	%1	%0.67	24
n11-3011	2.El Antika & Koleksiyon	2.El Antika Oyuncaklar	2.El Araba & Motosiket	2.El Araba & Motosiket	20.34%	%1	%0.67	24
n11-3012	2.El Antika & Koleksiyon	2.El Antika Oyuncaklar	2.El Asker	2.El Asker	20.34%	%1	%0.67	24
n11-3013	2.El Antika & Koleksiyon	2.El Antika Oyuncaklar	2.El Bebek	2.El Bebek	20.34%	%1	%0.67	24
n11-3014	2.El Antika & Koleksiyon	2.El Antika Oyuncaklar	2.El Figür	2.El Figür	20.34%	%1	%0.67	24
n11-3015	2.El Antika & Koleksiyon	2.El Antika Oyuncaklar	2.El Tabanca	2.El Tabanca	20.34%	%1	%0.67	24
n11-3016	2.El Antika & Koleksiyon	2.El Antika Oyuncaklar	2.El Tren	2.El Tren	20.34%	%1	%0.67	24
n11-3017	2.El Antika & Koleksiyon	2.El Antika Oyuncaklar	2.El Uçak	2.El Uçak	20.34%	%1	%0.67	24
n11-3018	2.El Antika & Koleksiyon	2.El Eski Belgeler	2.El Bilet	2.El Bilet	8%	%1	%0.67	24
n11-3019	2.El Antika & Koleksiyon	2.El Eski Belgeler	2.El Efemera	2.El Efemera	20.34%	%1	%0.67	24
n11-3020	2.El Antika & Koleksiyon	2.El Eski Belgeler	2.El Gazete	2.El Gazete	20.34%	%1	%0.67	24
n11-3021	2.El Antika & Koleksiyon	2.El Eski Belgeler	2.El Harita	2.El Harita	20.34%	%1	%0.67	24
n11-3022	2.El Antika & Koleksiyon	2.El Eski Belgeler	2.El Hisse Senedi & Tahvil	2.El Hisse Senedi & Tahvil	20.34%	%1	%0.67	24
n11-3023	2.El Antika & Koleksiyon	2.El Eski Belgeler	2.El Kartvizit	2.El Kartvizit	20.34%	%1	%0.67	24
n11-3024	2.El Antika & Koleksiyon	2.El İmzalı Ürünler	2.El İmzalı Ürünler	2.El İmzalı Ürünler	20.34%	%1	%0.67	24
n11-3025	2.El Antika & Koleksiyon	2.El Para & Madalya	2.El Altın Para	2.El Altın Para	20.34%	%1	%0.67	24
n11-3026	2.El Antika & Koleksiyon	2.El Para & Madalya	2.El Hatıra Parası	2.El Hatıra Parası	20.34%	%1	%0.67	24
n11-3027	2.El Antika & Koleksiyon	2.El Para & Madalya	2.El Jeton & Fiş	2.El Jeton & Fiş	20.34%	%1	%0.67	24
n11-3028	2.El Antika & Koleksiyon	2.El Para & Madalya	2.El Kağıt Para	2.El Kağıt Para	20.34%	%1	%0.67	24
n11-3029	2.El Antika & Koleksiyon	2.El Para & Madalya	2.El Madalya	2.El Madalya	20.34%	%1	%0.67	24
n11-3030	2.El Antika & Koleksiyon	2.El Para & Madalya	2.El Madeni Para	2.El Madeni Para	20.34%	%1	%0.67	24
n11-3031	2.El Antika & Koleksiyon	2.El Para & Madalya	2.El Numismatik Malzemeler	2.El Numismatik Malzemeler	20.34%	%1	%0.67	24
n11-3032	2.El Antika & Koleksiyon	2.El Para & Madalya	2.El Nümismatik Yayınlar	2.El Nümismatik Yayınlar	20.34%	%1	%0.67	24
n11-3033	2.El Antika & Koleksiyon	2.El Para & Madalya	2.El Para Setleri	2.El Para Setleri	20.34%	%1	%0.67	24
n11-3034	2.El Antika & Koleksiyon	2.El Para & Madalya	2.El Çil Kağıt Para	2.El Çil Kağıt Para	20.34%	%1	%0.67	24
n11-3035	2.El Antika & Koleksiyon	2.El Posta & Pul Koleksiyonu	2.El Antiye & Posta Kartları	2.El Antiye & Posta Kartları	20.34%	%1	%0.67	24
n11-3036	2.El Antika & Koleksiyon	2.El Posta & Pul Koleksiyonu	2.El Avrupa Cept	2.El Avrupa Cept	20.34%	%1	%0.67	24
n11-3037	2.El Antika & Koleksiyon	2.El Posta & Pul Koleksiyonu	2.El FDC	2.El FDC	20.34%	%1	%0.67	24
n11-3038	2.El Antika & Koleksiyon	2.El Posta & Pul Koleksiyonu	2.El Filatelik Malzemeler	2.El Filatelik Malzemeler	20.34%	%1	%0.67	24
n11-3039	2.El Antika & Koleksiyon	2.El Posta & Pul Koleksiyonu	2.El Filatelik Yayın ve Katalog	2.El Filatelik Yayın ve Katalog	20.34%	%1	%0.67	24
n11-3040	2.El Antika & Koleksiyon	2.El Posta & Pul Koleksiyonu	2.El Posta Tarihi	2.El Posta Tarihi	20.34%	%1	%0.67	24
n11-3041	2.El Antika & Koleksiyon	2.El Posta & Pul Koleksiyonu	2.El Yabancı Pul	2.El Yabancı Pul	20.34%	%1	%0.67	24
n11-3042	2.El Antika & Koleksiyon	2.El Posta & Pul Koleksiyonu	2.El Yerli Pul	2.El Yerli Pul	20.34%	%1	%0.67	24
n11-3043	2.El Antika & Koleksiyon	2.El Posta & Pul Koleksiyonu	2.El Özel Damgalar	2.El Özel Damgalar	20.34%	%1	%0.67	24
n11-3044	2.El Antika & Koleksiyon	2.El Reklam & Hatıra Ürünleri	2.El Afiş	2.El Afiş	20.34%	%1	%0.67	24
n11-3045	2.El Antika & Koleksiyon	2.El Reklam & Hatıra Ürünleri	2.El Dergi	2.El Dergi	20.34%	%1	%0.67	24
n11-3046	2.El Antika & Koleksiyon	2.El Reklam & Hatıra Ürünleri	2.El Fotoğraf ve Kataloğu	2.El Fotoğraf ve Kataloğu	20.34%	%1	%0.67	24
n11-3047	2.El Antika & Koleksiyon	2.El Reklam & Hatıra Ürünleri	2.El Kartpostal	2.El Kartpostal	20.34%	%1	%0.67	24
n11-3048	2.El Antika & Koleksiyon	2.El Reklam & Hatıra Ürünleri	2.El Kozmetik & Bakım Reklamları	2.El Kozmetik & Bakım Reklamları	20.34%	%1	%0.67	24
n11-3049	2.El Antika & Koleksiyon	2.El Reklam & Hatıra Ürünleri	2.El Telefon Kartları	2.El Telefon Kartları	20.34%	%1	%0.67	24
n11-3050	2.El Antika & Koleksiyon	2.El Reklam & Hatıra Ürünleri	2.El Yabancı Kartlar	2.El Yabancı Kartlar	20.34%	%1	%0.67	24
n11-3051	2.El Antika & Koleksiyon	2.El Reklam & Hatıra Ürünleri	2.El Yerli Kartlar	2.El Yerli Kartlar	20.34%	%1	%0.67	24
n11-3052	Aksesuar	Aksesuar Kutuları	Aksesuar Kutuları	Aksesuar Kutuları	20.34%	%1	%0.67	24
n11-3053	Aksesuar	Anahtarlık	Anahtarlık	Anahtarlık	20.34%	%1	%0.67	24
n11-3054	Aksesuar	Çakmak ve Aksesuarı	Çakmak ve Aksesuarı	Çakmak ve Aksesuarı	20.34%	%1	%0.67	24
n11-3055	Aksesuar	Kol Düğmesi	Kol Düğmesi	Kol Düğmesi	20.34%	%1	%0.67	24
n11-3056	Aksesuar	Nargile ve Aksesuarları	Nargile ve Aksesuarları	Nargile ve Aksesuarları	20.34%	%1	%0.67	24
n11-3057	Aksesuar	Pipo ve Aksesuarı	Pipo ve Aksesuarı	Pipo ve Aksesuarı	20.34%	%1	%0.67	24
n11-3058	Aksesuar	Puro Seti ve Aksesuarı	Puro Kutusu	Puro Kutusu	20.34%	%1	%0.67	24
n11-3059	Aksesuar	Puro Seti ve Aksesuarı	Elektronik Puro Dolabı	Elektronik Puro Dolabı	20.34%	%1	%0.67	24
n11-3060	Aksesuar	Puro Seti ve Aksesuarı	Puro Kesici ve Delici	Puro Kesici ve Delici	20.34%	%1	%0.67	24
n11-3061	Aksesuar	Puro Seti ve Aksesuarı	Puro Bakımı	Puro Bakımı	20.34%	%1	%0.67	24
n11-3062	Aksesuar	Puro Seti ve Aksesuarı	Puro Kılıfı	Puro Kılıfı	20.34%	%1	%0.67	20
n11-3063	Aksesuar	Puro Seti ve Aksesuarı	Puro Küllüğü	Puro Küllüğü	20.34%	%1	%0.67	24
n11-3064	Aksesuar	Puro Seti ve Aksesuarı	Puro Çakmağı	Puro Çakmağı	20.34%	%1	%0.67	24
n11-3065	Aksesuar	Puro Seti ve Aksesuarı	Puro Setleri	Puro Setleri	20.34%	%1	%0.67	20
n11-3066	Aksesuar	Saat Aksesuarları	Saat Aksesuarları	Saat Aksesuarları	20.34%	%1	%0.67	24
n11-3067	Aksesuar	Sigara Seti & Aksesuarı	Tütün Sarma Makinesi	Tütün Sarma Makinesi	20.34%	%1	%0.67	24
n11-3068	Aksesuar	Sigara Seti & Aksesuarı	Tütün Keseleri & Tabakaları	Tütün Keseleri & Tabakaları	20.34%	%1	%0.67	24
n11-3069	Aksesuar	Sigara Seti & Aksesuarı	Tütün Parçalayıcılar	Tütün Parçalayıcılar	20.34%	%1	%0.67	24
n11-3070	Aksesuar	Tesbih	Tesbih	Tesbih	20.34%	%1	%0.67	24
n11-3071	Altın Takılar	Altın Aksesuar	Altın Aksesuar	Altın Aksesuar	21%	%1	%0.67	24
n11-3072	Altın Takılar	Altın Bileklik	Altın Bileklik	Altın Bileklik	21%	%1	%0.67	24
n11-3073	Altın Takılar	Altın Bilezik	Altın Bilezik	Altın Bilezik	21%	%1	%0.67	24
n11-3074	Altın Takılar	Altın Kolye	Altın Kolye	Altın Kolye	21%	%1	%0.67	24
n11-3075	Altın Takılar	Altın Küpe	Altın Küpe	Altın Küpe	21%	%1	%0.67	24
n11-3076	Altın Takılar	Altın Set & Takım	Altın Set & Takım	Altın Set & Takım	21%	%1	%0.67	24
n11-3077	Altın Takılar	Altın Yüzük	Altın Yüzük	Altın Yüzük	21%	%1	%0.67	24
n11-3078	Bijuteri Takılar	Bijuteri Bileklik	Bijuteri Bileklik	Bijuteri Bileklik	21%	%1	%0.67	24
n11-3079	Bijuteri Takılar	Bijuteri Bilezik	Bijuteri Bilezik	Bijuteri Bilezik	21%	%1	%0.67	24
n11-3080	Bijuteri Takılar	Bijuteri Kolye	Bijuteri Kolye	Bijuteri Kolye	21%	%1	%0.67	24
n11-3081	Bijuteri Takılar	Bijuteri Küpe	Bijuteri Küpe	Bijuteri Küpe	21%	%1	%0.67	24
n11-3082	Bijuteri Takılar	Bijuteri Set & Takım	Bijuteri Set & Takım	Bijuteri Set & Takım	21%	%1	%0.67	24
n11-3083	Bijuteri Takılar	Bijuteri Yüzük	Bijuteri Yüzük	Bijuteri Yüzük	21%	%1	%0.67	24
n11-3084	Çelik Takılar	Çelik Bileklik	Çelik Bileklik	Çelik Bileklik	21%	%1	%0.67	24
n11-3085	Çelik Takılar	Çelik Bilezik	Çelik Bilezik	Çelik Bilezik	21%	%1	%0.67	24
n11-3086	Çelik Takılar	Çelik Kolye	Çelik Kolye	Çelik Kolye	21%	%1	%0.67	24
n11-3087	Çelik Takılar	Çelik Küpe	Çelik Küpe	Çelik Küpe	21%	%1	%0.67	24
n11-3088	Çelik Takılar	Çelik Set & Takım	Çelik Set & Takım	Çelik Set & Takım	21%	%1	%0.67	24
n11-3089	Çelik Takılar	Çelik Yüzük	Çelik Yüzük	Çelik Yüzük	21%	%1	%0.67	24
n11-3090	Gümüş Takılar	Gümüş Aksesuar	Gümüş Aksesuar	Gümüş Aksesuar	21%	%1	%0.67	24
n11-3091	Gümüş Takılar	Gümüş Bileklik	Gümüş Bileklik	Gümüş Bileklik	21%	%1	%0.67	24
n11-3092	Gümüş Takılar	Gümüş Bilezik	Gümüş Bilezik	Gümüş Bilezik	21%	%1	%0.67	24
n11-3093	Gümüş Takılar	Gümüş Kolye	Gümüş Kolye	Gümüş Kolye	21%	%1	%0.67	24
n11-3094	Gümüş Takılar	Gümüş Küpe	Gümüş Küpe	Gümüş Küpe	21%	%1	%0.67	24
n11-3095	Gümüş Takılar	Gümüş Set & Takım	Gümüş Set & Takım	Gümüş Set & Takım	21%	%1	%0.67	24
n11-3096	Gümüş Takılar	Gümüş Yüzük	Gümüş Yüzük	Gümüş Yüzük	21%	%1	%0.67	24
n11-3097	Güneş Gözlüğü	Çocuk Güneş Gözlüğü	Çocuk Güneş Gözlüğü	Çocuk Güneş Gözlüğü	20.34%	%1	%0.67	24
n11-3098	Güneş Gözlüğü	Erkek Güneş Gözlüğü	Erkek Güneş Gözlüğü	Erkek Güneş Gözlüğü	20.34%	%1	%0.67	24
n11-3099	Güneş Gözlüğü	Gözlük Aksesuarı	Gözlük Parçaları	Gözlük Parçaları	20.34%	%1	%0.67	24
n11-3100	Güneş Gözlüğü	Gözlük Aksesuarı	Gözlük İpi ve Askıları	Gözlük İpi ve Askıları	20.34%	%1	%0.67	24
n11-3101	Güneş Gözlüğü	Gözlük Aksesuarı	Gözlük Temizleme ve Bakım Ürünleri	Gözlük Temizleme ve Bakım Ürünleri	20.34%	%1	%0.67	24
n11-3102	Güneş Gözlüğü	Gözlük Aksesuarı	Gözlük Kabı ve Kutuları	Gözlük Kabı ve Kutuları	20.34%	%1	%0.67	24
n11-3103	Güneş Gözlüğü	Kadın Güneş Gözlüğü	Kadın Güneş Gözlüğü	Kadın Güneş Gözlüğü	20.34%	%1	%0.67	24
n11-3104	Pırlanta Takılar	Pırlanta Bileklik	Anturaj Bileklik	Anturaj Bileklik	21%	%1	%0.67	24
n11-3105	Pırlanta Takılar	Pırlanta Bileklik	Elmas Bileklik	Elmas Bileklik	21%	%1	%0.67	24
n11-3106	Pırlanta Takılar	Pırlanta Bileklik	Spor & Fantezi Bileklik	Spor & Fantezi Bileklik	21%	%1	%0.67	24
n11-3107	Pırlanta Takılar	Pırlanta Bileklik	Tektaş Bileklik	Tektaş Bileklik	21%	%1	%0.67	24
n11-3108	Pırlanta Takılar	Pırlanta Bileklik	Baget Bileklik	Baget Bileklik	21%	%1	%0.67	24
n11-3109	Pırlanta Takılar	Pırlanta Bilezik	Anturaj Bilezik	Anturaj Bilezik	21%	%1	%0.67	24
n11-3110	Pırlanta Takılar	Pırlanta Bilezik	Elmas Bilezik	Elmas Bilezik	21%	%1	%0.67	24
n11-3111	Pırlanta Takılar	Pırlanta Bilezik	Spor & Fantezi Bilezik	Spor & Fantezi Bilezik	21%	%1	%0.67	24
n11-3112	Pırlanta Takılar	Pırlanta Bilezik	Tektaş Bilezik	Tektaş Bilezik	21%	%1	%0.67	24
n11-3113	Pırlanta Takılar	Pırlanta Bilezik	Baget Bilezik	Baget Bilezik	8%	%1	%0.67	24
n11-3114	Pırlanta Takılar	Pırlanta Kolye	Anturaj Kolye	Anturaj Kolye	21%	%1	%0.67	24
n11-3115	Pırlanta Takılar	Pırlanta Kolye	Elmas Kolye	Elmas Kolye	21%	%1	%0.67	24
n11-3116	Pırlanta Takılar	Pırlanta Kolye	Spor & Fantezi Kolye	Spor & Fantezi Kolye	21%	%1	%0.67	24
n11-3117	Pırlanta Takılar	Pırlanta Kolye	Tektaş Kolye	Tektaş Kolye	21%	%1	%0.67	24
n11-3118	Pırlanta Takılar	Pırlanta Kolye	Baget Kolye	Baget Kolye	21%	%1	%0.67	24
n11-3119	Pırlanta Takılar	Pırlanta Küpe	Anturaj Küpe	Anturaj Küpe	21%	%1	%0.67	24
n11-3120	Pırlanta Takılar	Pırlanta Küpe	Elmas Küpe	Elmas Küpe	21%	%1	%0.67	24
n11-3121	Pırlanta Takılar	Pırlanta Küpe	Spor & Fantezi Küpe	Spor & Fantezi Küpe	21%	%1	%0.67	24
n11-3122	Pırlanta Takılar	Pırlanta Küpe	Tektaş Küpe	Tektaş Küpe	21%	%1	%0.67	24
n11-3123	Pırlanta Takılar	Pırlanta Küpe	Baget Küpe	Baget Küpe	21%	%1	%0.67	24
n11-3124	Pırlanta Takılar	Pırlanta Set & Takım	Anturaj Set	Anturaj Set	21%	%1	%0.67	24
n11-3125	Pırlanta Takılar	Pırlanta Set & Takım	Elmas Set	Elmas Set	21%	%1	%0.67	24
n11-3126	Pırlanta Takılar	Pırlanta Set & Takım	Spor & Fantezi Set	Spor & Fantezi Set	21%	%1	%0.67	24
n11-3127	Pırlanta Takılar	Pırlanta Set & Takım	Tektaş Set	Tektaş Set	21%	%1	%0.67	24
n11-3128	Pırlanta Takılar	Pırlanta Set & Takım	Baget Set	Baget Set	21%	%1	%0.67	24
n11-3129	Pırlanta Takılar	Pırlanta Yüzük	Alyans Pırlanta Yüzük	Alyans Pırlanta Yüzük	21%	%1	%0.67	24
n11-3130	Pırlanta Takılar	Pırlanta Yüzük	Anturaj Yüzük	Anturaj Yüzük	21%	%1	%0.67	24
n11-3131	Pırlanta Takılar	Pırlanta Yüzük	Elmas Yüzük	Elmas Yüzük	21%	%1	%0.67	24
n11-3132	Pırlanta Takılar	Pırlanta Yüzük	Spor & Fantezi Yüzük	Spor & Fantezi Yüzük	21%	%1	%0.67	24
n11-3133	Pırlanta Takılar	Pırlanta Yüzük	Sırataşlı Yüzük	Sırataşlı Yüzük	21%	%1	%0.67	24
n11-3134	Pırlanta Takılar	Pırlanta Yüzük	Tamtur Yüzük	Tamtur Yüzük	21%	%1	%0.67	24
n11-3135	Pırlanta Takılar	Pırlanta Yüzük	Tektaş Yüzük	Tektaş Yüzük	21%	%1	%0.67	24
n11-3136	Pırlanta Takılar	Pırlanta Yüzük	Tria Yüzük	Tria Yüzük	21%	%1	%0.67	24
n11-3137	Pırlanta Takılar	Pırlanta Yüzük	Baget Yüzük	Baget Yüzük	21%	%1	%0.67	24
n11-3138	Saat	Kol Saati	Erkek Kol Saati	Erkek Kol Saati	17%	%1	%0.67	24
n11-3139	Saat	Kol Saati	Kadın Kol Saati	Kadın Kol Saati	17%	%1	%0.67	24
n11-3140	Saat	Kol Saati	Unisex Kol Saati	Unisex Kol Saati	17%	%1	%0.67	24
n11-3141	Saat	Kol Saati	Çocuk Kol Saati	Çocuk Kol Saati	17%	%1	%0.67	24
n11-3142	Saat	Kol Saati	Akıllı ve Hibrit Saatler	Akıllı ve Hibrit Saatler	17%	%1	%0.67	24
n11-3143	Saat	Köstekli Saat	Köstekli Saat	Köstekli Saat	17%	%1	%0.67	24
n11-3144	Takı Aksesuarları	Broş	Broş	Broş	21%	%1	%0.67	24
n11-3145	Takı Aksesuarları	Halhal	Halhal	Halhal	21%	%1	%0.67	24
n11-3146	Takı Aksesuarları	Kuyumcu Malzemeleri	Kuyumcu Malzemeleri	Kuyumcu Malzemeleri	21%	%1	%0.67	24
n11-3147	Takı Aksesuarları	Mücevher Kutusu	Mücevher Kutusu	Mücevher Kutusu	21%	%1	%0.67	24
n11-3148	Takı Aksesuarları	Piercing &Hızma	Piercing &Hızma	Piercing &Hızma	21%	%1	%0.67	24
n11-3149	Takı Aksesuarları	Rozet	Rozet	Rozet	21%	%1	%0.67	24
n11-3150	Takı Aksesuarları	Saç Aksesuarları	Saç Aksesuarları	Saç Aksesuarları	21%	%1	%0.67	24
n11-3151	Takı Aksesuarları	Şahmeran	Şahmeran	Şahmeran	21%	%1	%0.67	24
n11-3152	Takı Aksesuarları	Vücut Takısı	Vücut Takısı	Vücut Takısı	21%	%1	%0.67	24
n11-3153	Takı Aksesuarları	Yaka İğnesi	Yaka İğnesi	Yaka İğnesi	21%	%1	%0.67	24
n11-3154	Yatırımlık Altın & Gümüş	22 Ayar Bilezik	22 Ayar Bilezik	22 Ayar Bilezik	6%	%0.17	%0.67	5
n11-3155	Yatırımlık Altın & Gümüş	Cumhuriyet Altını	Cumhuriyet Altını	Cumhuriyet Altını	5.09%	%0.17	%0.67	5
n11-3156	Yatırımlık Altın & Gümüş	Külçe Altın	Külçe Altın	Külçe Altın	5.09%	%0.17	%0.67	5
n11-3157	Yatırımlık Altın & Gümüş	Külçe Gümüş	Külçe Gümüş	Külçe Gümüş	5.09%	%0.17	%0.67	5
n11-3158	Yatırımlık Altın & Gümüş	Sarrafiyeli Takılar	Sarrafiyeli Altın Kolye	Sarrafiyeli Altın Kolye	5.09%	%0.17	%0.67	5
n11-3159	Yatırımlık Altın & Gümüş	Sarrafiyeli Takılar	Sarrafiyeli Altın Bileklik	Sarrafiyeli Altın Bileklik	5.09%	%0.17	%0.67	5
n11-3160	Yatırımlık Altın & Gümüş	Sarrafiyeli Takılar	Sarrafiyeli Altın Yüzük	Sarrafiyeli Altın Yüzük	5.09%	%0.17	%0.67	5
n11-3161	Yatırımlık Altın & Gümüş	Sarrafiyeli Takılar	Sarrafiyeli Altın Küpe	Sarrafiyeli Altın Küpe	5.09%	%0.17	%0.67	5
n11-3162	Yatırımlık Altın & Gümüş	Sarrafiyeli Takılar	Sarrafiyeli Altın Bilezik	Sarrafiyeli Altın Bilezik	5.09%	%0.17	%0.67	5
n11-3163	Yatırımlık Altın & Gümüş	Sarrafiyeli Takılar	Sarrafiyeli Altın Set&Takım	Sarrafiyeli Altın Set&Takım	5.09%	%0.17	%0.67	5
n11-3164	Yatırımlık Altın & Gümüş	Sarrafiyeli Takılar	Sarrafiyeli Altın Aksesuar	Sarrafiyeli Altın Aksesuar	5.09%	%0.17	%0.67	5
n11-3165	Yatırımlık Altın & Gümüş	Ziynet Altın	Tam Altın	Tam Altın	5.09%	%0.17	%0.67	5
n11-3166	Yatırımlık Altın & Gümüş	Ziynet Altın	Yarım Altın	Yarım Altın	5.09%	%0.17	%0.67	5
n11-3167	Yatırımlık Altın & Gümüş	Ziynet Altın	Çeyrek Altın	Çeyrek Altın	5.09%	%0.17	%0.67	5
n11-3168	Banyo & Tuvalet	Banyo Gereçleri ve Setler	Banyo Gereçleri ve Setler	Banyo Gereçleri ve Setler	16%	%1	%0.67	20
n11-3169	Banyo & Tuvalet	Banyo Süngeri & Kese	Banyo Süngeri & Kese	Banyo Süngeri & Kese	16%	%1	%0.67	20
n11-3170	Banyo & Tuvalet	Havlu & Bornoz	Havlu & Bornoz	Havlu & Bornoz	20%	%1	%0.67	24
n11-3171	Banyo & Tuvalet	Küvet Ürünleri	Küvet	Küvet	16%	%1	%0.67	20
n11-3172	Banyo & Tuvalet	Küvet Ürünleri	Küvet Filesi	Küvet Filesi	16%	%1	%0.67	20
n11-3173	Banyo & Tuvalet	Küvet Ürünleri	Küvet Minderi	Küvet Minderi	16%	%1	%0.67	20
n11-3174	Banyo & Tuvalet	Küvet Ürünleri	Küvet Oturağı	Küvet Oturağı	16%	%1	%0.67	20
n11-3175	Banyo & Tuvalet	Maşrapa & Kova	Maşrapa & Kova	Maşrapa & Kova	16%	%1	%0.67	20
n11-3176	Banyo & Tuvalet	Sabun	Sabun	Sabun	18%	%1	%0.67	20
n11-3177	Banyo & Tuvalet	Şampuan & Krem	Şampuan & Krem	Şampuan & Krem	18%	%1	%0.67	20
n11-3178	Banyo & Tuvalet	Tuvalet Eğitimi	Alıştırma Külodu	Alıştırma Külodu	16%	%1	%0.67	20
n11-3179	Banyo & Tuvalet	Tuvalet Eğitimi	Eğitici Oturacaklar	Eğitici Oturacaklar	16%	%1	%0.67	20
n11-3180	Banyo & Tuvalet	Tuvalet Eğitimi	Klozet Adaptörü	Klozet Adaptörü	16%	%1	%0.67	20
n11-3181	Banyo & Tuvalet	Tuvalet Eğitimi	Lazımlık	Lazımlık	16%	%1	%0.67	20
n11-3182	Banyo & Tuvalet	Tuvalet Eğitimi	Sünnet Külodu	Sünnet Külodu	16%	%1	%0.67	20
n11-3183	Bebek Arabaları	3 Tekerlekli Bebek Arabası	3 Tekerlekli Bebek Arabası	3 Tekerlekli Bebek Arabası	18%	%1	%0.67	20
n11-3184	Bebek Arabaları	Baston Pusetler	Baston Pusetler	Baston Pusetler	18%	%1	%0.67	20
n11-3185	Bebek Arabaları	Bebek Arabası Aksesuar	Bebek Arabası Aksesuar	Bebek Arabası Aksesuar	18%	%1	%0.67	20
n11-3186	Bebek Arabaları	Çift Yönlü Bebek Arabası	Çift Yönlü Bebek Arabası	Çift Yönlü Bebek Arabası	18%	%1	%0.67	20
n11-3187	Bebek Arabaları	İkiz Bebek Arabası	İkiz Bebek Arabası	İkiz Bebek Arabası	18%	%1	%0.67	20
n11-3188	Bebek Arabaları	Portbebe	Portbebe	Portbebe	18%	%1	%0.67	20
n11-3189	Bebek Arabaları	Tek Yönlü Bebek Arabası	Tek Yönlü Bebek Arabası	Tek Yönlü Bebek Arabası	18%	%1	%0.67	20
n11-3190	Bebek Arabaları	Travel Sistem Bebek Arabası	Travel Sistem Bebek Arabası	Travel Sistem Bebek Arabası	18%	%1	%0.67	20
n11-3191	Bebek Bakım & Sağlık	Bebek Bakım Ürünleri	Bebek Yağı	Bebek Yağı	18%	%1	%0.67	20
n11-3192	Bebek Bakım & Sağlık	Bebek Bakım Ürünleri	Bebek Bakım Ürünleri Diğer	Bebek Bakım Ürünleri Diğer	18%	%1	%0.67	20
n11-3193	Bebek Bakım & Sağlık	Bebek Bakım Ürünleri	Fırça & Tarak	Fırça & Tarak	18%	%1	%0.67	20
n11-3194	Bebek Bakım & Sağlık	Bebek Bakım Ürünleri	Bebek Güneş Kremi	Bebek Güneş Kremi	18%	%1	%0.67	20
n11-3195	Bebek Bakım & Sağlık	Bebek Bakım Ürünleri	Bebek Kolonyası	Bebek Kolonyası	18%	%1	%0.67	20
n11-3196	Bebek Bakım & Sağlık	Bebek Bakım Ürünleri	Bebek Losyonu	Bebek Losyonu	18%	%1	%0.67	20
n11-3197	Bebek Bakım & Sağlık	Bebek Bakım Ürünleri	Pişik Kremi	Pişik Kremi	18%	%1	%0.67	20
n11-3198	Bebek Bakım & Sağlık	Bebek Bakım Ürünleri	Pudra	Pudra	18%	%1	%0.67	20
n11-3199	Bebek Bakım & Sağlık	Bebek Bakım Ürünleri	Bebek Bakım Çantaları	Bebek Bakım Çantaları	18%	%1	%0.67	20
n11-3200	Bebek Bakım & Sağlık	Bebek Bakım Ürünleri	Bebek Deterjanları	Bebek Deterjanları	16%	%1	%0.67	20
n11-3201	Bebek Bakım & Sağlık	Sağlık Ürünleri	Baskül	Baskül	17%	%1	%0.67	20
n11-3202	Bebek Bakım & Sağlık	Sağlık Ürünleri	Buhar Makinesi	Buhar Makinesi	18%	%1	%0.67	20
n11-3203	Bebek Bakım & Sağlık	Sağlık Ürünleri	Burun Aspiratörü	Burun Aspiratörü	18%	%1	%0.67	20
n11-3204	Bebek Bakım & Sağlık	Sağlık Ürünleri	Sağlık Ürünleri Diğer	Sağlık Ürünleri Diğer	18%	%1	%0.67	20
n11-3205	Bebek Bakım & Sağlık	Sağlık Ürünleri	Sinek Koruyucu	Sinek Koruyucu	18%	%1	%0.67	20
n11-3206	Bebek Bakım & Sağlık	Sağlık Ürünleri	Sterilizatör	Sterilizatör	18%	%1	%0.67	20
n11-3207	Bebek Bakım & Sağlık	Sağlık Ürünleri	Tırnak Makası	Tırnak Makası	18%	%1	%0.67	20
n11-3208	Bebek Bezi & Islak Mendil	Alt Açma Pedi & Minderi	Alt Açma Pedi & Minderi	Alt Açma Pedi & Minderi	12%	%1	%0.67	24
n11-3209	Bebek Bezi & Islak Mendil	Bebek Bezi	Bebek Bezi	Bebek Bezi	12%	%1	%0.67	24
n11-3210	Bebek Bezi & Islak Mendil	Islak Mendil & Havlu	Islak Mendil & Havlu	Islak Mendil & Havlu	12%	%1	%0.67	24
n11-3211	Bebek Giyim	Erkek Bebek	Alt & Üst Takım	Alt & Üst Takım	20.34%	%1	%0.67	24
n11-3212	Bebek Giyim	Erkek Bebek	Body & Zıbın	Body & Zıbın	20.34%	%1	%0.67	24
n11-3213	Bebek Giyim	Erkek Bebek	Eldiven & Atkı	Eldiven & Atkı	20.34%	%1	%0.67	24
n11-3214	Bebek Giyim	Erkek Bebek	Gömlek	Gömlek	20.34%	%1	%0.67	24
n11-3215	Bebek Giyim	Erkek Bebek	Hastane Çıkışı & Mevlit Takımı	Hastane Çıkışı & Mevlit Takımı	20.34%	%1	%0.67	24
n11-3216	Bebek Giyim	Erkek Bebek	Hırka, Yelek, Kazak	Hırka, Yelek, Kazak	20.34%	%1	%0.67	24
n11-3217	Bebek Giyim	Erkek Bebek	Kostüm	Kostüm	20.34%	%1	%0.67	24
n11-3218	Bebek Giyim	Erkek Bebek	Kravat & Papyon	Kravat & Papyon	20.34%	%1	%0.67	24
n11-3219	Bebek Giyim	Erkek Bebek	Mont, Kaban, Yelek	Mont, Kaban, Yelek	20.34%	%1	%0.67	24
n11-3220	Bebek Giyim	Erkek Bebek	Pantolon & Şort	Pantolon & Şort	20.34%	%1	%0.67	24
n11-3221	Bebek Giyim	Erkek Bebek	Pijama Takımı	Pijama Takımı	20.34%	%1	%0.67	24
n11-3222	Bebek Giyim	Erkek Bebek	Tişört, Sweatshirt, Eşofman	Tişört, Sweatshirt, Eşofman	20.34%	%1	%0.67	24
n11-3223	Bebek Giyim	Erkek Bebek	Trençkot & Ceket	Trençkot & Ceket	20.34%	%1	%0.67	24
n11-3224	Bebek Giyim	Erkek Bebek	Tulum	Tulum	20.34%	%1	%0.67	24
n11-3225	Bebek Giyim	Erkek Bebek	Uyku Tulumu	Uyku Tulumu	20.34%	%1	%0.67	24
n11-3226	Bebek Giyim	Erkek Bebek	İç Çamaşırı & Çorap	İç Çamaşırı & Çorap	20.34%	%1	%0.67	24
n11-3227	Bebek Giyim	Erkek Bebek	Şapka, Bere, Kulaklık	Şapka, Bere, Kulaklık	20.34%	%1	%0.67	24
n11-3228	Bebek Giyim	Erkek Bebek	Mayo	Mayo	20.34%	%1	%0.67	24
n11-3229	Bebek Giyim	Erkek Bebek	Erkek Bebek Ayakkabı	Erkek Bebek İlk Adım Ayakkabısı	18%	%1	%0.67	24
n11-3230	Bebek Giyim	Erkek Bebek	Erkek Bebek Ayakkabı	Erkek Bebek Sneaker	18%	%1	%0.67	24
n11-3231	Bebek Giyim	Erkek Bebek	Erkek Bebek Ayakkabı	Erkek Bebek Patik	18%	%1	%0.67	24
n11-3232	Bebek Giyim	Erkek Bebek	Erkek Bebek Ayakkabı	Erkek Bebek Panduf	18%	%1	%0.67	24
n11-3233	Bebek Giyim	Erkek Bebek	Erkek Bebek Ayakkabı	Erkek Bebek Sandalet	18%	%1	%0.67	24
n11-3234	Bebek Giyim	Erkek Bebek	Erkek Bebek Ayakkabı	Erkek Bebek Plaj Terliği	18%	%1	%0.67	24
n11-3235	Bebek Giyim	Kız Bebek	Alt & Üst Takım	Alt & Üst Takım	20.34%	%1	%0.67	24
n11-3236	Bebek Giyim	Kız Bebek	Body & Zıbın	Body & Zıbın	20.34%	%1	%0.67	24
n11-3237	Bebek Giyim	Kız Bebek	Bolero	Bolero	20.34%	%1	%0.67	24
n11-3238	Bebek Giyim	Kız Bebek	Eldiven & Atkı	Eldiven & Atkı	20.34%	%1	%0.67	24
n11-3239	Bebek Giyim	Kız Bebek	Etek & Elbise	Etek & Elbise	20.34%	%1	%0.67	24
n11-3240	Bebek Giyim	Kız Bebek	Gömlek & Bluz	Gömlek & Bluz	20.34%	%1	%0.67	24
n11-3241	Bebek Giyim	Kız Bebek	Hastane Çıkışı & Mevlit Takımı	Hastane Çıkışı & Mevlit Takımı	20.34%	%1	%0.67	24
n11-3242	Bebek Giyim	Kız Bebek	Hırka, Kazak, Yelek	Hırka, Kazak, Yelek	20.34%	%1	%0.67	24
n11-3243	Bebek Giyim	Kız Bebek	Kostüm	Kostüm	20.34%	%1	%0.67	24
n11-3244	Bebek Giyim	Kız Bebek	Mont, Kaban, Yelek	Mont, Kaban, Yelek	20.34%	%1	%0.67	24
n11-3245	Bebek Giyim	Kız Bebek	Pantolon & Şort	Pantolon & Şort	20.34%	%1	%0.67	24
n11-3246	Bebek Giyim	Kız Bebek	Pijama Takımı	Pijama Takımı	20.34%	%1	%0.67	24
n11-3247	Bebek Giyim	Kız Bebek	Saç Aksesuarları	Saç Aksesuarları	20%	%1	%0.67	24
n11-3248	Bebek Giyim	Kız Bebek	Tişört, Sweatshirt, Eşofman	Tişört, Sweatshirt, Eşofman	20.34%	%1	%0.67	24
n11-3249	Bebek Giyim	Kız Bebek	Trençkot & Ceket	Trençkot & Ceket	20.34%	%1	%0.67	24
n11-3250	Bebek Giyim	Kız Bebek	Tulum	Tulum	20.34%	%1	%0.67	24
n11-3251	Bebek Giyim	Kız Bebek	Uyku Tulumu	Uyku Tulumu	20.34%	%1	%0.67	24
n11-3252	Bebek Giyim	Kız Bebek	İç Çamaşırı & Çorap	İç Çamaşırı & Çorap	20.34%	%1	%0.67	24
n11-3253	Bebek Giyim	Kız Bebek	Şapka, Bere, Kulaklık	Şapka, Bere, Kulaklık	20.34%	%1	%0.67	24
n11-3254	Bebek Giyim	Kız Bebek	Mayo	Mayo	20.34%	%1	%0.67	24
n11-3255	Bebek Giyim	Kız Bebek	Kız Bebek Ayakkabı	Kız Bebek İlk Adım Ayakkabısı	18%	%1	%0.67	24
n11-3256	Bebek Giyim	Kız Bebek	Kız Bebek Ayakkabı	Kız Bebek Babet	18%	%1	%0.67	24
n11-3257	Bebek Giyim	Kız Bebek	Kız Bebek Ayakkabı	Kız Bebek Sneaker	18%	%1	%0.67	24
n11-3258	Bebek Giyim	Kız Bebek	Kız Bebek Ayakkabı	Kız Bebek Patik	18%	%1	%0.67	24
n11-3259	Bebek Giyim	Kız Bebek	Kız Bebek Ayakkabı	Kız Bebek Panduf	18%	%1	%0.67	24
n11-3260	Bebek Giyim	Kız Bebek	Kız Bebek Ayakkabı	Kız Bebek Sandalet	18%	%1	%0.67	24
n11-3261	Bebek Giyim	Kız Bebek	Kız Bebek Ayakkabı	Kız Bebek Plaj Terliği	18%	%1	%0.67	24
n11-3262	Bebek Güvenlik	Bebek Telsizi & Kamera	Bebek Telsizi & Kamera	Bebek Telsizi & Kamera	16%	%1	%0.67	20
n11-3263	Bebek Güvenlik	Ev Güvenlik Ürünleri	Ev Güvenlik Ürünleri	Ev Güvenlik Ürünleri	16%	%1	%0.67	20
n11-3264	Bebek Güvenlik	Kilit & Köşe Koruyucusu	Kilit & Köşe Koruyucusu	Kilit & Köşe Koruyucusu	16%	%1	%0.67	20
n11-3265	Bebek Güvenlik	Oto Güvenlik Ürünleri	Oto Güvenlik Ürünleri	Oto Güvenlik Ürünleri	16%	%1	%0.67	20
n11-3266	Bebek Güvenlik	Priz Emniyeti	Priz Emniyeti	Priz Emniyeti	16%	%1	%0.67	20
n11-3267	Bebek Güvenlik	Yatak Bariyeri	Yatak Bariyeri	Yatak Bariyeri	16%	%1	%0.67	20
n11-3268	Bebek Odası & Park Yatak	Bebek Odası Dekorasyon	Albüm & Çerçeve	Albüm & Çerçeve	23%	%1	%0.67	24
n11-3269	Bebek Odası & Park Yatak	Bebek Odası Dekorasyon	Dekoratif Harfler	Dekoratif Harfler	23%	%1	%0.67	24
n11-3270	Bebek Odası & Park Yatak	Bebek Odası Dekorasyon	Dönence	Dönence	18%	%1	%0.67	20
n11-3271	Bebek Odası & Park Yatak	Bebek Odası Dekorasyon	Kapı Süsleri	Kapı Süsleri	23%	%1	%0.67	24
n11-3272	Bebek Odası & Park Yatak	Bebek Odası Dekorasyon	Lamba & Abajur	Lamba & Abajur	23%	%1	%0.67	24
n11-3273	Bebek Odası & Park Yatak	Bebek Odası Dekorasyon	Mobilya Kulpları	Mobilya Kulpları	19%	%1	%0.67	24
n11-3274	Bebek Odası & Park Yatak	Bebek Odası Dekorasyon	Parti Setleri & Şekerleri	Parti Setleri & Şekerleri	18%	%1	%0.67	20
n11-3275	Bebek Odası & Park Yatak	Bebek Odası Dekorasyon	Sepet & Kutu	Sepet & Kutu	23%	%1	%0.67	24
n11-3276	Bebek Odası & Park Yatak	Bebek Odası Dekorasyon	Sticker & Bordür	Sticker & Bordür	23%	%1	%0.67	24
n11-3277	Bebek Odası & Park Yatak	Bebek Odası Dekorasyon	Bebek Hediyelik	Bebek Hediyelik	18%	%1	%0.67	20
n11-3278	Bebek Odası & Park Yatak	Bebek Odası Mobilya	Bebek Odası Takımı	Bebek Odası Takımı	19%	%1	%0.67	24
n11-3279	Bebek Odası & Park Yatak	Bebek Odası Mobilya	Dolap & Gardırop	Dolap & Gardırop	19%	%1	%0.67	24
n11-3280	Bebek Odası & Park Yatak	Bebek Odası Mobilya	Komodin	Komodin	19%	%1	%0.67	24
n11-3281	Bebek Odası & Park Yatak	Bebek Odası Mobilya	Masa & Sandalye	Masa & Sandalye	19%	%1	%0.67	24
n11-3282	Bebek Odası & Park Yatak	Bebek Odası Mobilya	Raf & Kitaplık	Raf & Kitaplık	19%	%1	%0.67	24
n11-3283	Bebek Odası & Park Yatak	Bebek Odası Mobilya	Şifonyer	Şifonyer	19%	%1	%0.67	24
n11-3284	Bebek Odası & Park Yatak	Bebek Odası Tekstil	Battaniye	Battaniye	20%	%1	%0.67	24
n11-3285	Bebek Odası & Park Yatak	Bebek Odası Tekstil	Cibinlik	Cibinlik	20%	%1	%0.67	24
n11-3286	Bebek Odası & Park Yatak	Bebek Odası Tekstil	Nevresim Takımları	Nevresim Takımları	20%	%1	%0.67	24
n11-3287	Bebek Odası & Park Yatak	Bebek Odası Tekstil	Oyun Halısı	Oyun Halısı	18%	%1	%0.67	20
n11-3288	Bebek Odası & Park Yatak	Bebek Odası Tekstil	Uyku Seti	Uyku Seti	20%	%1	%0.67	24
n11-3289	Bebek Odası & Park Yatak	Bebek Odası Tekstil	Yastık	Yastık	20%	%1	%0.67	24
n11-3290	Bebek Odası & Park Yatak	Bebek Odası Tekstil	Yatak	Yatak	19%	%1	%0.67	24
n11-3291	Bebek Odası & Park Yatak	Bebek Odası Tekstil	Yorgan	Yorgan	20%	%1	%0.67	24
n11-3292	Bebek Odası & Park Yatak	Bebek Odası Tekstil	Pike & Pike Takımı	Pike & Pike Takımı	20%	%1	%0.67	24
n11-3293	Bebek Odası & Park Yatak	Bebek Odası Tekstil	Çarşaf	Çarşaf	20%	%1	%0.67	24
n11-3294	Bebek Odası & Park Yatak	Bebek Odası Tekstil	Alez	Alez	20%	%1	%0.67	24
n11-3295	Bebek Odası & Park Yatak	Bebek Odası Tekstil	Kirli Torbası	Kirli Torbası	20%	%1	%0.67	24
n11-3296	Bebek Odası & Park Yatak	Beşik, Park Yatak, Salıncak	Beşik	Beşik	19%	%1	%0.67	24
n11-3297	Bebek Odası & Park Yatak	Beşik, Park Yatak, Salıncak	Salıncak & Hamak	Salıncak & Hamak	18%	%1	%0.67	20
n11-3298	Bebek Odası & Park Yatak	Beşik, Park Yatak, Salıncak	Oyun Parkı & Park Yatak	Oyun Parkı & Park Yatak	18%	%1	%0.67	20
n11-3299	Bebek Oyuncakları	0-6 Ay Oyuncak	0-6 Ay Oyuncak	0-6 Ay Oyuncak	18%	%1	%0.67	24
n11-3300	Bebek Oyuncakları	1-3 Yaş Oyuncak	1-3 Yaş Oyuncak	1-3 Yaş Oyuncak	18%	%1	%0.67	24
n11-3301	Bebek Oyuncakları	6-12 Ay Oyuncak	6-12 Ay Oyuncak	6-12 Ay Oyuncak	18%	%1	%0.67	24
n11-3302	Bebek Oyuncakları	Banyo Oyuncakları	Banyo Oyuncakları	Banyo Oyuncakları	18%	%1	%0.67	24
n11-3303	Bebek Oyuncakları	Çıngırak	Çıngırak	Çıngırak	18%	%1	%0.67	24
n11-3304	Beslenme & Mama Sandalyesi	Bebek Beslenme Gereçleri	Bebek Beslenme Gereçleri	Bebek Beslenme Gereçleri	18%	%1	%0.67	20
n11-3305	Beslenme & Mama Sandalyesi	Bebek Maması	Mamalar	Mamalar	16%	%1	%0.67	20
n11-3306	Beslenme & Mama Sandalyesi	Bebek Maması	Ek besinler	Ek besinler	16%	%1	%0.67	20
n11-3307	Beslenme & Mama Sandalyesi	Emzik ve Aksesuarları	Emzik ve Aksesuarları	Emzik ve Aksesuarları	18%	%1	%0.67	20
n11-3308	Beslenme & Mama Sandalyesi	Mama Sandalyesi	Mama Sandalyesi	Mama Sandalyesi	18%	%1	%0.67	20
n11-3309	Biberon ve Aksesuarları	Aksesuar	Aksesuar	Aksesuar	18%	%1	%0.67	20
n11-3310	Biberon ve Aksesuarları	Biberon	Biberon	Biberon	18%	%1	%0.67	20
n11-3311	Biberon ve Aksesuarları	Biberon Isıtıcıları	Biberon Isıtıcıları	Biberon Isıtıcıları	18%	%1	%0.67	20
n11-3312	Biberon ve Aksesuarları	Diş Kaşıyıcı & Çıngırak	Diş Kaşıyıcı & Çıngırak	Diş Kaşıyıcı & Çıngırak	18%	%1	%0.67	20
n11-3313	Biberon ve Aksesuarları	Mama Önlükleri & Ağız Bezleri	Mama Önlükleri & Ağız Bezleri	Mama Önlükleri & Ağız Bezleri	18%	%1	%0.67	20
n11-3314	Biberon ve Aksesuarları	Termos ve Alıştırma Bardakları	Termos ve Alıştırma Bardakları	Termos ve Alıştırma Bardakları	18%	%1	%0.67	20
n11-3315	Emzirme Ürünleri	Anne İçecekleri	Anne İçecekleri	Anne İçecekleri	16%	%1	%0.67	20
n11-3316	Emzirme Ürünleri	Emzirme Sütyeni	Emzirme Sütyeni	Emzirme Sütyeni	16%	%1	%0.67	20
n11-3317	Emzirme Ürünleri	Emzirme Yastığı ve Örtüleri	Emzirme Yastığı ve Örtüleri	Emzirme Yastığı ve Örtüleri	16%	%1	%0.67	20
n11-3318	Emzirme Ürünleri	Göğüs Kremi	Göğüs Kremi	Göğüs Kremi	16%	%1	%0.67	20
n11-3319	Emzirme Ürünleri	Göğüs Pedleri & Koruyucular	Göğüs Pedleri & Koruyucular	Göğüs Pedleri & Koruyucular	16%	%1	%0.67	20
n11-3320	Emzirme Ürünleri	Göğüs Pompaları	Göğüs Pompaları	Göğüs Pompaları	16%	%1	%0.67	20
n11-3321	Emzirme Ürünleri	Süt Saklama Poşet & Kapları	Süt Saklama Poşet & Kapları	Süt Saklama Poşet & Kapları	16%	%1	%0.67	20
n11-3322	Hamile Giyim	Dış Giyim	Elbise, Tulum, Etek	Elbise, Tulum, Etek	20.34%	%1	%0.67	24
n11-3323	Hamile Giyim	Dış Giyim	Gömlek, Bluz, Tunik	Gömlek, Bluz, Tunik	20.34%	%1	%0.67	24
n11-3324	Hamile Giyim	Dış Giyim	Kazak & Hırka	Kazak & Hırka	20.34%	%1	%0.67	24
n11-3325	Hamile Giyim	Dış Giyim	Pantolon, Şort, Tayt	Pantolon, Şort, Tayt	20.34%	%1	%0.67	24
n11-3326	Hamile Giyim	Dış Giyim	Tişört, Sweatshirt, Eşofman	Tişört, Sweatshirt, Eşofman	20.34%	%1	%0.67	24
n11-3327	Hamile Giyim	İç Giyim	Atlet & Body	Atlet & Body	20.34%	%1	%0.67	24
n11-3328	Hamile Giyim	İç Giyim	Emzirme Sütyenleri	Emzirme Sütyenleri	20.34%	%1	%0.67	24
n11-3329	Hamile Giyim	İç Giyim	Gecelik & Pijama	Gecelik & Pijama	20.34%	%1	%0.67	24
n11-3330	Hamile Giyim	İç Giyim	Korse & Bel Bandı	Korse & Bel Bandı	20.34%	%1	%0.67	24
n11-3331	Hamile Giyim	İç Giyim	Külot	Külot	20.34%	%1	%0.67	24
n11-3332	Hamile Giyim	İç Giyim	Lohusa	Lohusa	20.34%	%1	%0.67	24
n11-3333	Hamile Giyim	İç Giyim	Hamile Çorabı	Hamile Çorabı	20.34%	%1	%0.67	24
n11-3334	Oto Koltuğu & Ana Kucağı	Ana Kucağı	Ana Kucağı	Ana Kucağı	18%	%1	%0.67	20
n11-3335	Oto Koltuğu & Ana Kucağı	Kanguru	Kanguru	Kanguru	18%	%1	%0.67	20
n11-3336	Oto Koltuğu & Ana Kucağı	Oto Koltuğu	Oto Koltuğu	Oto Koltuğu	18%	%1	%0.67	20
n11-3337	Oto Koltuğu & Ana Kucağı	Yükseltici & Aksesuar	Yükseltici & Aksesuar	Yükseltici & Aksesuar	18%	%1	%0.67	20
n11-3338	Yürüteç & Yürüme Yardımcıları	Yürüme Yardımcıları	Yürüme Yardımcıları	Yürüme Yardımcıları	18%	%1	%0.67	20
n11-3339	Yürüteç & Yürüme Yardımcıları	Yürüteç	Yürüteç	Yürüteç	18%	%1	%0.67	20
n11-3340	Avcılık & Balıkçılık	Balık Bulucu	Balık Bulucu	Balık Bulucu	16%	%1	%0.67	24
n11-3341	Avcılık & Balıkçılık	Balıkçı Kıyafetleri	Balıkçı Kıyafetleri	Balıkçı Kıyafetleri	16%	%1	%0.67	24
n11-3342	Avcılık & Balıkçılık	Çanta & Kutu	Çanta & Kutu	Çanta & Kutu	16%	%1	%0.67	24
n11-3343	Avcılık & Balıkçılık	İğne, Fırdöndü, Kurşun	İğne, Fırdöndü, Kurşun	İğne, Fırdöndü, Kurşun	16%	%1	%0.67	24
n11-3344	Avcılık & Balıkçılık	Kara Avı	Kara Avı	Kara Avı	16%	%1	%0.67	24
n11-3345	Avcılık & Balıkçılık	Kepçe & Livar	Kepçe & Livar	Kepçe & Livar	16%	%1	%0.67	24
n11-3346	Avcılık & Balıkçılık	Misinalar	Misinalar	Misinalar	16%	%1	%0.67	24
n11-3347	Avcılık & Balıkçılık	Olta & Kamışlar	Olta & Kamışlar	Olta & Kamışlar	16%	%1	%0.67	24
n11-3348	Avcılık & Balıkçılık	Olta Makinesi	Olta Makinesi	Olta Makinesi	16%	%1	%0.67	24
n11-3349	Avcılık & Balıkçılık	Şamandıra	Şamandıra	Şamandıra	16%	%1	%0.67	24
n11-3350	Avcılık & Balıkçılık	Yapay Yemler	Yapay Yemler	Yapay Yemler	16%	%1	%0.67	24
n11-3351	Avcılık & Balıkçılık	Zıpkın	Zıpkın	Zıpkın	16%	%1	%0.67	24
n11-3352	Bireysel & Takım Sporları	Bireysel Sporlar	Diğer	Diğer	15%	%1	%0.67	24
n11-3353	Bireysel & Takım Sporları	Bireysel Sporlar	Langırt	Langırt	15%	%1	%0.67	24
n11-3354	Bireysel & Takım Sporları	Bireysel Sporlar	Tenis	Tenis Raketi	15%	%1	%0.67	24
n11-3355	Bireysel & Takım Sporları	Bireysel Sporlar	Tenis	Tenis Topu	15%	%1	%0.67	24
n11-3356	Bireysel & Takım Sporları	Bireysel Sporlar	Tenis	Tenis Ekipman & Malzemeleri	15%	%1	%0.67	24
n11-3357	Bireysel & Takım Sporları	Bireysel Sporlar	Tenis	Tenis Çantası	15%	%1	%0.67	24
n11-3358	Bireysel & Takım Sporları	Bireysel Sporlar	Tenis	Tenis Raketi Gribi	15%	%1	%0.67	24
n11-3359	Bireysel & Takım Sporları	Bireysel Sporlar	Tenis	Tenis Raketi Kordajı	15%	%1	%0.67	24
n11-3360	Bireysel & Takım Sporları	Bireysel Sporlar	Yüzme	Yüzücü Paleti	15%	%1	%0.67	24
n11-3361	Bireysel & Takım Sporları	Bireysel Sporlar	Yüzme	Yüzücü Gözlüğü	15%	%1	%0.67	24
n11-3362	Bireysel & Takım Sporları	Bireysel Sporlar	Yüzme	Yüzücü Mayosu	15%	%1	%0.67	24
n11-3363	Bireysel & Takım Sporları	Bireysel Sporlar	Yüzme	Yüzücü Bonesi	15%	%1	%0.67	24
n11-3364	Bireysel & Takım Sporları	Bireysel Sporlar	Yüzme	Yüzücü Antrenman Malzemeleri	15%	%1	%0.67	24
n11-3365	Bireysel & Takım Sporları	Bireysel Sporlar	Yüzme	Yüzücü Şnorkeli	15%	%1	%0.67	24
n11-3366	Bireysel & Takım Sporları	Bireysel Sporlar	Yüzme	Yüzme Tahtası	15%	%1	%0.67	24
n11-3367	Bireysel & Takım Sporları	Bireysel Sporlar	Masa Tenisi	Masa Tenis Raketi	15%	%1	%0.67	24
n11-3368	Bireysel & Takım Sporları	Bireysel Sporlar	Masa Tenisi	Masa Tenis Topu	15%	%1	%0.67	24
n11-3369	Bireysel & Takım Sporları	Bireysel Sporlar	Masa Tenisi	Masa Tenis Masası	15%	%1	%0.67	24
n11-3370	Bireysel & Takım Sporları	Bireysel Sporlar	Masa Tenisi	Aksesuarlar	15%	%1	%0.67	24
n11-3371	Bireysel & Takım Sporları	Bireysel Sporlar	Masa Tenisi	Masa Tenis Raket Tahtası & Lastiği	15%	%1	%0.67	24
n11-3372	Bireysel & Takım Sporları	Bireysel Sporlar	Masa Tenisi	Masa Tenis Raketi Kılıfı	15%	%1	%0.67	24
n11-3373	Bireysel & Takım Sporları	Bireysel Sporlar	Masa Tenisi	Masa Tenis Filesi	15%	%1	%0.67	24
n11-3374	Bireysel & Takım Sporları	Bireysel Sporlar	Binicilik	Binici Malzemeleri	15%	%1	%0.67	24
n11-3375	Bireysel & Takım Sporları	Bireysel Sporlar	Binicilik	At Malzemeleri	15%	%1	%0.67	24
n11-3376	Bireysel & Takım Sporları	Bireysel Sporlar	Binicilik	Ahır & Bakım Malzemeleri	15%	%1	%0.67	24
n11-3377	Bireysel & Takım Sporları	Bireysel Sporlar	Golf	Golf Giyim & Ayakkabı	15%	%1	%0.67	24
n11-3378	Bireysel & Takım Sporları	Bireysel Sporlar	Golf	Golf Aksesuarları	15%	%1	%0.67	24
n11-3379	Bireysel & Takım Sporları	Bireysel Sporlar	Golf	Golf Sopası	15%	%1	%0.67	24
n11-3380	Bireysel & Takım Sporları	Bireysel Sporlar	Golf	Golf Çantası	15%	%1	%0.67	24
n11-3381	Bireysel & Takım Sporları	Bireysel Sporlar	Golf	Golf Topu	15%	%1	%0.67	24
n11-3382	Bireysel & Takım Sporları	Bireysel Sporlar	Okçuluk	Ok Setleri	15%	%1	%0.67	24
n11-3383	Bireysel & Takım Sporları	Bireysel Sporlar	Okçuluk	Yaylar	15%	%1	%0.67	24
n11-3384	Bireysel & Takım Sporları	Bireysel Sporlar	Okçuluk	Ok Aksesuarları	15%	%1	%0.67	24
n11-3385	Bireysel & Takım Sporları	Bireysel Sporlar	Okçuluk	Yay Aksesuarları	15%	%1	%0.67	24
n11-3386	Bireysel & Takım Sporları	Bireysel Sporlar	Okçuluk	Okçu Ekipmanları	15%	%1	%0.67	24
n11-3387	Bireysel & Takım Sporları	Bireysel Sporlar	Bilardo	Bilardo Masası	15%	%1	%0.67	24
n11-3388	Bireysel & Takım Sporları	Bireysel Sporlar	Bilardo	Bilardo Istakası	15%	%1	%0.67	24
n11-3389	Bireysel & Takım Sporları	Bireysel Sporlar	Bilardo	Bilardo Topu	15%	%1	%0.67	24
n11-3390	Bireysel & Takım Sporları	Bireysel Sporlar	Bilardo	Bilardo Tebeşiri	15%	%1	%0.67	24
n11-3391	Bireysel & Takım Sporları	Bireysel Sporlar	Bilardo	Bilardo Setleri	15%	%1	%0.67	24
n11-3392	Bireysel & Takım Sporları	Bireysel Sporlar	Bilardo	Bilardo Eldiveni	15%	%1	%0.67	24
n11-3393	Bireysel & Takım Sporları	Bireysel Sporlar	Bilardo	Bilardo Aksesuarları	15%	%1	%0.67	24
n11-3394	Bireysel & Takım Sporları	Bireysel Sporlar	Tekerlekli Paten & Aksesuarları	Tekerlekli Paten Setleri	15%	%1	%0.67	24
n11-3395	Bireysel & Takım Sporları	Bireysel Sporlar	Tekerlekli Paten & Aksesuarları	Tekerlekli Paten	15%	%1	%0.67	24
n11-3396	Bireysel & Takım Sporları	Bireysel Sporlar	Tekerlekli Paten & Aksesuarları	Tekerlekli Paten Koruma Setleri	15%	%1	%0.67	24
n11-3397	Bireysel & Takım Sporları	Bireysel Sporlar	Tekerlekli Paten & Aksesuarları	Tekerlekli Paten Kask	15%	%1	%0.67	24
n11-3398	Bireysel & Takım Sporları	Bireysel Sporlar	Tekerlekli Paten & Aksesuarları	Tekerlekli Paten Aksesuarları	15%	%1	%0.67	24
n11-3399	Bireysel & Takım Sporları	Bireysel Sporlar	Kaykay & Aksesuarları	Kaykay	15%	%1	%0.67	24
n11-3400	Bireysel & Takım Sporları	Bireysel Sporlar	Kaykay & Aksesuarları	Kaykay Aksesuar	15%	%1	%0.67	24
n11-3401	Bireysel & Takım Sporları	Bireysel Sporlar	Dart	Dart Tahtası	15%	%1	%0.67	24
n11-3402	Bireysel & Takım Sporları	Bireysel Sporlar	Dart	Dart Oku	15%	%1	%0.67	24
n11-3403	Bireysel & Takım Sporları	Bireysel Sporlar	Dart	Dart Seti	15%	%1	%0.67	24
n11-3404	Bireysel & Takım Sporları	Bireysel Sporlar	Dart	Dart Kanat Seti	15%	%1	%0.67	24
n11-3405	Bireysel & Takım Sporları	Bireysel Sporlar	Dart	Dart Shaftı	15%	%1	%0.67	24
n11-3406	Bireysel & Takım Sporları	Bireysel Sporlar	Dart	Dart Aksesuarı	15%	%1	%0.67	24
n11-3407	Bireysel & Takım Sporları	Bireysel Sporlar	Buz Pateni & Aksesuarları	Buz Pateni	15%	%1	%0.67	24
n11-3408	Bireysel & Takım Sporları	Bireysel Sporlar	Buz Pateni & Aksesuarları	Buz Pateni Bıçağı & Koruyucusu	15%	%1	%0.67	24
n11-3409	Bireysel & Takım Sporları	Bireysel Sporlar	Buz Pateni & Aksesuarları	Buz Pateni Çorabı	15%	%1	%0.67	24
n11-3410	Bireysel & Takım Sporları	Bireysel Sporlar	Badminton	Badminton Raketi	15%	%1	%0.67	24
n11-3411	Bireysel & Takım Sporları	Bireysel Sporlar	Badminton	Badminton Topu	15%	%1	%0.67	24
n11-3412	Bireysel & Takım Sporları	Bireysel Sporlar	Badminton	Badminton Seti	15%	%1	%0.67	24
n11-3413	Bireysel & Takım Sporları	Bireysel Sporlar	Squash	Squash Raketi	15%	%1	%0.67	24
n11-3414	Bireysel & Takım Sporları	Bireysel Sporlar	Squash	Squash Topu	15%	%1	%0.67	24
n11-3415	Bireysel & Takım Sporları	Dövüş Sporları	Aikido	Aikido	15%	%1	%0.67	24
n11-3416	Bireysel & Takım Sporları	Dövüş Sporları	Boks	Kum Torbası	15%	%1	%0.67	24
n11-3417	Bireysel & Takım Sporları	Dövüş Sporları	Boks	Diğer	15%	%1	%0.67	24
n11-3418	Bireysel & Takım Sporları	Dövüş Sporları	Boks	Boks Eldiveni	15%	%1	%0.67	24
n11-3419	Bireysel & Takım Sporları	Dövüş Sporları	Boks	Başlık & Kask	15%	%1	%0.67	24
n11-3420	Bireysel & Takım Sporları	Dövüş Sporları	Boks	Bandaj & Koruyucu	15%	%1	%0.67	24
n11-3421	Bireysel & Takım Sporları	Dövüş Sporları	Judo	Judo	15%	%1	%0.67	24
n11-3422	Bireysel & Takım Sporları	Dövüş Sporları	Karate	Karate	15%	%1	%0.67	24
n11-3423	Bireysel & Takım Sporları	Dövüş Sporları	Kick Boks	Kick Boks	15%	%1	%0.67	24
n11-3424	Bireysel & Takım Sporları	Dövüş Sporları	Muay Thai	Muay Thai	15%	%1	%0.67	24
n11-3425	Bireysel & Takım Sporları	Dövüş Sporları	Taekwondo	Taekwondo	15%	%1	%0.67	24
n11-3426	Bireysel & Takım Sporları	Dövüş Sporları	Whu Shu	Whu Shu	15%	%1	%0.67	24
n11-3427	Bireysel & Takım Sporları	Dövüş Sporları	Eskrim	Eskrim	15%	%1	%0.67	24
n11-3428	Bireysel & Takım Sporları	Dövüş Sporları	Mma	Mma Eldiveni	15%	%1	%0.67	24
n11-3429	Bireysel & Takım Sporları	Takım Sporları	Atletizm	Atletizm	15%	%1	%0.67	24
n11-3430	Bireysel & Takım Sporları	Takım Sporları	Basketbol	Diğer	15%	%1	%0.67	24
n11-3431	Bireysel & Takım Sporları	Takım Sporları	Basketbol	Basketbol Topu	15%	%1	%0.67	24
n11-3432	Bireysel & Takım Sporları	Takım Sporları	Basketbol	Basketbol Potası	15%	%1	%0.67	24
n11-3433	Bireysel & Takım Sporları	Takım Sporları	Basketbol	Basketbol Çemberi	15%	%1	%0.67	24
n11-3434	Bireysel & Takım Sporları	Takım Sporları	Basketbol	Basketbol Antrenman Malzemeleri	15%	%1	%0.67	24
n11-3435	Bireysel & Takım Sporları	Takım Sporları	Diğer	Diğer	15%	%1	%0.67	24
n11-3436	Bireysel & Takım Sporları	Takım Sporları	Futbol	Futbol Antrenman Malzemeleri	15%	%1	%0.67	24
n11-3437	Bireysel & Takım Sporları	Takım Sporları	Futbol	Futbol Topu	15%	%1	%0.67	24
n11-3438	Bireysel & Takım Sporları	Takım Sporları	Futbol	Futbol Tozluk & Tekmelik	15%	%1	%0.67	24
n11-3439	Bireysel & Takım Sporları	Takım Sporları	Futbol	Kaleci Eldiveni	15%	%1	%0.67	24
n11-3440	Bireysel & Takım Sporları	Takım Sporları	Paintball	Paintball	15%	%1	%0.67	24
n11-3441	Bireysel & Takım Sporları	Takım Sporları	Voleybol	Voleybol Dizlik	15%	%1	%0.67	24
n11-3442	Bireysel & Takım Sporları	Takım Sporları	Voleybol	Voleybol Topu	15%	%1	%0.67	24
n11-3443	Bireysel & Takım Sporları	Takım Sporları	Voleybol	Diğer	15%	%1	%0.67	24
n11-3444	Bireysel & Takım Sporları	Takım Sporları	Voleybol	Voleybol Filesi	15%	%1	%0.67	24
n11-3445	Bireysel & Takım Sporları	Takım Sporları	Amerikan Futbolu	Amerikan Futbolu	15%	%1	%0.67	24
n11-3446	Bireysel & Takım Sporları	Takım Sporları	Bocce	Bocce	15%	%1	%0.67	24
n11-3447	Bireysel & Takım Sporları	Takım Sporları	Beyzbol	Beyzbol Topu	15%	%1	%0.67	24
n11-3448	Bireysel & Takım Sporları	Takım Sporları	Beyzbol	Beyzbol Sopası	15%	%1	%0.67	24
n11-3449	Bireysel & Takım Sporları	Takım Sporları	Buz Hokeyi	Buz Hokeyi Pateni	15%	%1	%0.67	24
n11-3450	Bireysel & Takım Sporları	Takım Sporları	Buz Hokeyi	Buz Hokeyi Sopası	15%	%1	%0.67	24
n11-3451	Bireysel & Takım Sporları	Takım Sporları	Buz Hokeyi	Buz Hokeyi Ekipmanları	15%	%1	%0.67	24
n11-3452	Bireysel & Takım Sporları	Takım Sporları	Hentbol	Hentbol Topu	15%	%1	%0.67	24
n11-3453	Bireysel & Takım Sporları	Takım Sporları	Hentbol	Hentbol Kale Direği & Filesi	15%	%1	%0.67	24
n11-3454	Bireysel & Takım Sporları	Taraftar Ürünleri	Taraftar Atkı	Taraftar Atkı	15%	%1	%0.67	20
n11-3455	Bireysel & Takım Sporları	Taraftar Ürünleri	Taraftar Aksesuarları	Taraftar Aksesuarları	15%	%1	%0.67	20
n11-3456	Bireysel & Takım Sporları	Taraftar Ürünleri	Taraftar Giyim	Taraftar Giyim	15%	%1	%0.67	20
n11-3457	Bisiklet & Scooter	Akrobasi Bisikleti	Akrobasi Bisikleti	Akrobasi Bisikleti	15%	%1	%0.67	24
n11-3458	Bisiklet & Scooter	Bisiklet Aksesuar	Bisiklet Zili	Bisiklet Zili	15%	%1	%0.67	24
n11-3459	Bisiklet & Scooter	Bisiklet Aksesuar	Bisiklet Kilidi	Bisiklet Kilidi	15%	%1	%0.67	24
n11-3460	Bisiklet & Scooter	Bisiklet Aksesuar	Bisiklet Lastik Pompası	Bisiklet Lastik Pompası	15%	%1	%0.67	24
n11-3461	Bisiklet & Scooter	Bisiklet Aksesuar	Bisiklet Aynası	Bisiklet Aynası	15%	%1	%0.67	24
n11-3462	Bisiklet & Scooter	Bisiklet Aksesuar	Bisiklet Aydınlatma Sistemleri	Bisiklet Aydınlatma Sistemleri	15%	%1	%0.67	24
n11-3463	Bisiklet & Scooter	Bisiklet Aksesuar	Bisiklet Telefon Tutucu	Bisiklet Telefon Tutucu	15%	%1	%0.67	24
n11-3464	Bisiklet & Scooter	Bisiklet Aksesuar	Bisiklet Park Ayaklığı	Bisiklet Park Ayaklığı	15%	%1	%0.67	24
n11-3465	Bisiklet & Scooter	Bisiklet Aksesuar	Bisiklet Kilometre Saati	Bisiklet Kilometre Saati	15%	%1	%0.67	24
n11-3466	Bisiklet & Scooter	Bisiklet Aksesuar	Bisiklet Bagaj & Sepet	Bisiklet Bagaj & Sepet	15%	%1	%0.67	24
n11-3467	Bisiklet & Scooter	Bisiklet Aksesuar	Bisiklet Taşıyıcı	Bisiklet Taşıyıcı	15%	%1	%0.67	24
n11-3468	Bisiklet & Scooter	Bisiklet Aksesuar	Bisiklet Çamurluğu	Bisiklet Çamurluğu	15%	%1	%0.67	24
n11-3469	Bisiklet & Scooter	Bisiklet Aksesuar	Bisiklet Matara & Matara Kafesleri	Bisiklet Matara & Matara Kafesleri	15%	%1	%0.67	24
n11-3470	Bisiklet & Scooter	Bisiklet Aksesuar	Bisiklet Çantası	Bisiklet Çantası	15%	%1	%0.67	24
n11-3471	Bisiklet & Scooter	Bisiklet Aksesuar	Diğer Bisiklet Aksesuarları	Diğer Bisiklet Aksesuarları	15%	%1	%0.67	24
n11-3472	Bisiklet & Scooter	Bisiklet Antrenman Ürünleri	Bisiklet Trainer	Bisiklet Trainer	15%	%1	%0.67	24
n11-3473	Bisiklet & Scooter	Bisiklet Antrenman Ürünleri	Bisiklet Roller	Bisiklet Roller	15%	%1	%0.67	24
n11-3474	Bisiklet & Scooter	Bisiklet Antrenman Ürünleri	Bisiklet Antrenman Aksesuarları	Bisiklet Antrenman Aksesuarları	15%	%1	%0.67	24
n11-3475	Bisiklet & Scooter	Bisiklet Yedek Parça & Tamir	Bisiklet Pedalı	Bisiklet Pedalı	15%	%1	%0.67	24
n11-3476	Bisiklet & Scooter	Bisiklet Yedek Parça & Tamir	Bisiklet Selesi & Kılıfı	Bisiklet Selesi & Kılıfı	15%	%1	%0.67	24
n11-3477	Bisiklet & Scooter	Bisiklet Yedek Parça & Tamir	Bisiklet Gidonu	Bisiklet Gidonu	15%	%1	%0.67	24
n11-3478	Bisiklet & Scooter	Bisiklet Yedek Parça & Tamir	Bisiklet Fren Grubu	Bisiklet Fren Grubu	15%	%1	%0.67	24
n11-3479	Bisiklet & Scooter	Bisiklet Yedek Parça & Tamir	Bisiklet Vites Grubu	Bisiklet Vites Grubu	15%	%1	%0.67	24
n11-3480	Bisiklet & Scooter	Bisiklet Yedek Parça & Tamir	Bisiklet Jantı	Bisiklet Jantı	15%	%1	%0.67	24
n11-3481	Bisiklet & Scooter	Bisiklet Yedek Parça & Tamir	Bisiklet Kadrosu & Amortisörü	Bisiklet Kadrosu & Amortisörü	15%	%1	%0.67	24
n11-3482	Bisiklet & Scooter	Bisiklet Yedek Parça & Tamir	Bisiklet Lastiği	Bisiklet Lastiği	15%	%1	%0.67	24
n11-3483	Bisiklet & Scooter	Bisiklet Yedek Parça & Tamir	Bisiklet Göbek Sistemleri	Bisiklet Göbek Sistemleri	15%	%1	%0.67	24
n11-3484	Bisiklet & Scooter	Bisiklet Yedek Parça & Tamir	Diğer Bisiklet Yedek Parça & Tamir Ürünleri	Diğer Bisiklet Yedek Parça & Tamir Ürünleri	15%	%1	%0.67	24
n11-3485	Bisiklet & Scooter	Bisikletçi Ekipmanları	Bisiklet Giyim	Bisiklet Giyim	15%	%1	%0.67	24
n11-3486	Bisiklet & Scooter	Bisikletçi Ekipmanları	Bisiklet Ayakkabı	Bisiklet Ayakkabı	15%	%1	%0.67	24
n11-3487	Bisiklet & Scooter	Bisikletçi Ekipmanları	Bisiklet Ayakkabı Kılıfı	Bisiklet Ayakkabı Kılıfı	15%	%1	%0.67	24
n11-3488	Bisiklet & Scooter	Bisikletçi Ekipmanları	Bisiklet Kaskı	Bisiklet Kaskı	15%	%1	%0.67	24
n11-3489	Bisiklet & Scooter	Bisikletçi Ekipmanları	Bisiklet Gözlüğü	Bisiklet Gözlüğü	15%	%1	%0.67	24
n11-3490	Bisiklet & Scooter	Bisikletçi Ekipmanları	Bisiklet Eldiveni	Bisiklet Eldiveni	15%	%1	%0.67	24
n11-3491	Bisiklet & Scooter	Bisikletçi Ekipmanları	Bisiklet Koruyucusu	Bisiklet Koruyucusu	15%	%1	%0.67	24
n11-3492	Bisiklet & Scooter	Bisikletçi Ekipmanları	Bisiklet Çorabı	Bisiklet Çorabı	15%	%1	%0.67	24
n11-3493	Bisiklet & Scooter	Bisikletçi Ekipmanları	Diğer Bisikletçi Ekipmanları	Diğer Bisikletçi Ekipmanları	15%	%1	%0.67	24
n11-3494	Bisiklet & Scooter	Çift Kişilik Bisiklet	Çift Kişilik Bisiklet	Çift Kişilik Bisiklet	15%	%1	%0.67	24
n11-3495	Bisiklet & Scooter	Çocuk Bisikleti	Çocuk Bisikleti	Çocuk Bisikleti	15%	%1	%0.67	24
n11-3496	Bisiklet & Scooter	Dağ Bisikleti	Dağ Bisikleti	Dağ Bisikleti	15%	%1	%0.67	24
n11-3497	Bisiklet & Scooter	Elektrikli Bisiklet	Elektrikli Bisiklet	Elektrikli Bisiklet	15%	%1	%0.67	24
n11-3498	Bisiklet & Scooter	Elektrikli Scooter	Elektrikli Scooter	Elektrikli Scooter	15%	%1	%0.67	24
n11-3499	Bisiklet & Scooter	Kargo Üç Teker Bisiklet	Kargo Üç Teker Bisiklet	Kargo Üç Teker Bisiklet	15%	%1	%0.67	24
n11-3500	Bisiklet & Scooter	Katlanır Bisiklet	Katlanır Bisiklet	Katlanır Bisiklet	15%	%1	%0.67	24
n11-3501	Bisiklet & Scooter	Scooter Aksesuar & Yedek Parça	Scooter Aksesuar	Scooter Aksesuar	15%	%1	%0.67	24
n11-3502	Bisiklet & Scooter	Scooter Aksesuar & Yedek Parça	Scooter Yedek Parça	Scooter Yedek Parça	15%	%1	%0.67	24
n11-3503	Bisiklet & Scooter	Şehir Bisikleti	Şehir Bisikleti	Şehir Bisikleti	15%	%1	%0.67	24
n11-3504	Bisiklet & Scooter	Yol Bisikleti	Yol Bisikleti	Yol Bisikleti	15%	%1	%0.67	24
n11-3505	Fitness & Kondisyon	Fitness & Kardiyo	Ağırlık Sehpası	Ağırlık Sehpası	15%	%1	%0.67	24
n11-3506	Fitness & Kondisyon	Fitness & Kardiyo	Dambıl & Ağırlık	El & Ayak Ağırlıkları	15%	%1	%0.67	24
n11-3507	Fitness & Kondisyon	Fitness & Kardiyo	Dambıl & Ağırlık	Ağırlık Barları	15%	%1	%0.67	24
n11-3508	Fitness & Kondisyon	Fitness & Kardiyo	Dambıl & Ağırlık	Ağırlık Plakaları	15%	%1	%0.67	24
n11-3509	Fitness & Kondisyon	Fitness & Kardiyo	Dambıl & Ağırlık	Dambıl	15%	%1	%0.67	24
n11-3510	Fitness & Kondisyon	Fitness & Kardiyo	Kapı & Şınav Barı	Kapı & Şınav Barı	15%	%1	%0.67	24
n11-3511	Fitness & Kondisyon	Fitness & Kardiyo	Kondisyon Bisikleti	Dikey Bisiklet	15%	%1	%0.67	24
n11-3512	Fitness & Kondisyon	Fitness & Kardiyo	Kondisyon Bisikleti	Eliptik Bisiklet	15%	%1	%0.67	24
n11-3513	Fitness & Kondisyon	Fitness & Kardiyo	Kondisyon Bisikleti	Yatay Bisiklet	15%	%1	%0.67	24
n11-3514	Fitness & Kondisyon	Fitness & Kardiyo	Kondisyon Küreği	Kondisyon Küreği	15%	%1	%0.67	24
n11-3515	Fitness & Kondisyon	Fitness & Kardiyo	Koşu Bandı	Koşu Bandı	15%	%1	%0.67	24
n11-3516	Fitness & Kondisyon	Fitness & Kardiyo	Mekik Aletleri	Mekik Aletleri	15%	%1	%0.67	24
n11-3517	Fitness & Kondisyon	Fitness & Kardiyo	Pilates & Yoga	Direnç & Egzersiz Lastiği	15%	%1	%0.67	24
n11-3518	Fitness & Kondisyon	Fitness & Kardiyo	Pilates & Yoga	Pilates Egzersiz Çemberi	15%	%1	%0.67	24
n11-3519	Fitness & Kondisyon	Fitness & Kardiyo	Pilates & Yoga	Pilates Minderi	15%	%1	%0.67	24
n11-3520	Fitness & Kondisyon	Fitness & Kardiyo	Pilates & Yoga	Pilates Seti	15%	%1	%0.67	24
n11-3521	Fitness & Kondisyon	Fitness & Kardiyo	Pilates & Yoga	Pilates Topu	15%	%1	%0.67	24
n11-3522	Fitness & Kondisyon	Fitness & Kardiyo	Pilates & Yoga	Pilates Reformer	15%	%1	%0.67	24
n11-3523	Fitness & Kondisyon	Fitness & Kardiyo	Step & Aerobik	Step & Aerobik	15%	%1	%0.67	24
n11-3524	Fitness & Kondisyon	Fitness & Kardiyo	Spor TV Ürünleri	Spor TV Ürünleri	15%	%1	%0.67	24
n11-3525	Fitness & Kondisyon	Fitness & Kardiyo	Trambolin	Trambolin	15%	%1	%0.67	24
n11-3526	Fitness & Kondisyon	Fitness & Kardiyo	Çalışma İstasyonu	Çalışma İstasyonu	15%	%1	%0.67	24
n11-3527	Fitness & Kondisyon	Fitness & Kardiyo	Koşu Bandı Aksesuarları	Koşu Bandı Aksesuarları	15%	%1	%0.67	24
n11-3528	Fitness & Kondisyon	Fitness & Kardiyo	Atlama İpi	Atlama İpi	15%	%1	%0.67	24
n11-3529	Fitness & Kondisyon	Fitness & Kardiyo	Crossfit Ekipmanları	Crossfit Ekipmanları	15%	%1	%0.67	24
n11-3530	Fitness & Kondisyon	Fitness & Kardiyo	Spor Ağırlık Topu	Spor Ağırlık Topu	15%	%1	%0.67	24
n11-3531	Fitness & Kondisyon	Masaj Ürünleri	Masaj Cihazları	Masaj Cihazları	15%	%1	%0.67	24
n11-3532	Fitness & Kondisyon	Masaj Ürünleri	Masaj Kemeri	Masaj Kemeri	15%	%1	%0.67	24
n11-3533	Fitness & Kondisyon	Masaj Ürünleri	Masaj Koltuğu	Masaj Koltuğu	15%	%1	%0.67	24
n11-3534	Fitness & Kondisyon	Sporcu Besinleri	Amino Asitler	Amino Asitler	15%	%1	%0.67	24
n11-3535	Fitness & Kondisyon	Sporcu Besinleri	Karbonhidratlar	Karbonhidratlar	15%	%1	%0.67	24
n11-3536	Fitness & Kondisyon	Sporcu Besinleri	Karıştırıcılar	Karıştırıcılar	15%	%1	%0.67	24
n11-3537	Fitness & Kondisyon	Sporcu Besinleri	Kompleks Sporcu Besinleri	Kompleks Sporcu Besinleri	15%	%1	%0.67	24
n11-3538	Fitness & Kondisyon	Sporcu Besinleri	Kreatinler	Kreatinler	15%	%1	%0.67	24
n11-3539	Fitness & Kondisyon	Sporcu Besinleri	Sportif Performans Arttırıcıları	Sportif Performans Arttırıcıları	15%	%1	%0.67	24
n11-3540	Fitness & Kondisyon	Sporcu Besinleri	Protein Tozu	Protein Tozu	15%	%1	%0.67	24
n11-3541	Fitness & Kondisyon	Sporcu Besinleri	L-Karnitin ve CLA	L-Karnitin ve CLA	15%	%1	%0.67	24
n11-3542	Fitness & Kondisyon	Sporcu Besinleri	Protein Bar ve Sportif Atıştırmalıklar	Protein Bar ve Sportif Atıştırmalıklar	15%	%1	%0.67	24
n11-3543	Kış Sporları	Kayak	Baton	Baton	16%	%1	%0.67	24
n11-3544	Kış Sporları	Kayak	Bağlamalar	Bağlamalar	16%	%1	%0.67	24
n11-3545	Kış Sporları	Kayak	Kayak Takımı	Kayak Takımı	16%	%1	%0.67	24
n11-3546	Kış Sporları	Kayak	Kayak Ayakkabısı	Kayak Ayakkabısı	16%	%1	%0.67	24
n11-3547	Kış Sporları	Kayak	Kayak Setleri	Kayak Setleri	16%	%1	%0.67	24
n11-3548	Kış Sporları	Kayak Aksesuarları	Eldiven & Bere	Eldiven & Bere	16%	%1	%0.67	24
n11-3549	Kış Sporları	Kayak Aksesuarları	Gözlük	Gözlük	16%	%1	%0.67	24
n11-3550	Kış Sporları	Kayak Aksesuarları	Kask	Kask	16%	%1	%0.67	24
n11-3551	Kış Sporları	Kayak Aksesuarları	Çanta	Çanta	16%	%1	%0.67	24
n11-3552	Kış Sporları	Kayak Aksesuarları	Çorap	Çorap	16%	%1	%0.67	24
n11-3553	Kış Sporları	Kayak Kıyafetleri	Mont & Pantolon	Mont & Pantolon	16%	%1	%0.67	24
n11-3554	Kış Sporları	Kayak Kıyafetleri	Takımlar	Takımlar	16%	%1	%0.67	24
n11-3555	Kış Sporları	Kayak Kıyafetleri	Yelek & Polar & İçlik	Yelek & Polar & İçlik	16%	%1	%0.67	24
n11-3556	Kış Sporları	Snowboard	Bağlamalar	Bağlamalar	16%	%1	%0.67	24
n11-3557	Kış Sporları	Snowboard	Board Ayakkabıları	Board Ayakkabıları	16%	%1	%0.67	24
n11-3558	Kış Sporları	Snowboard	Boardlar	Boardlar	16%	%1	%0.67	24
n11-3559	Kış Sporları	Snowboard Aksesuarları	Eldivenler & Bereler	Eldivenler & Bereler	16%	%1	%0.67	24
n11-3560	Kış Sporları	Snowboard Aksesuarları	Yüz Maskeleri & Saç Bantları	Yüz Maskeleri & Saç Bantları	16%	%1	%0.67	24
n11-3561	Kış Sporları	Snowboard Kıyafetleri	Snowboard Kıyafetleri	Snowboard Kıyafetleri	16%	%1	%0.67	24
n11-3562	Outdoor & Kamp	Kamp Malzemeleri	Endüstriyel Çadırlar	Endüstriyel Çadırlar	16%	%1	%0.67	24
n11-3563	Outdoor & Kamp	Kamp Malzemeleri	Kamp Çadırı	Kamp Çadırı	16%	%1	%0.67	24
n11-3564	Outdoor & Kamp	Kamp Malzemeleri	Matlar	Matlar	16%	%1	%0.67	24
n11-3565	Outdoor & Kamp	Kamp Malzemeleri	Uyku Tulumları	Uyku Tulumları	16%	%1	%0.67	24
n11-3566	Outdoor & Kamp	Kamp Malzemeleri	Şişme Yataklar	Şişme Yataklar	16%	%1	%0.67	24
n11-3567	Outdoor & Kamp	Kamp Malzemeleri	Kamp Mobilyaları	Kamp Sandalyesi	16%	%1	%0.67	24
n11-3568	Outdoor & Kamp	Kamp Malzemeleri	Kamp Mobilyaları	Kamp Masası	16%	%1	%0.67	24
n11-3569	Outdoor & Kamp	Kamp Malzemeleri	Kamp Mobilyaları	Kamp Taburesi	16%	%1	%0.67	24
n11-3570	Outdoor & Kamp	Kamp Malzemeleri	Kamp Mobilyaları	Hamak	16%	%1	%0.67	24
n11-3571	Outdoor & Kamp	Kamp Malzemeleri	Kamp Mobilyaları	Kampet	16%	%1	%0.67	24
n11-3572	Outdoor & Kamp	Kamp Malzemeleri	Kamp Mobilyaları	Diğer Kamp Mobilyaları	16%	%1	%0.67	24
n11-3573	Outdoor & Kamp	Kamp Malzemeleri	Kamp Mutfak Malzemeleri	Outdoor Termoslar	16%	%1	%0.67	24
n11-3574	Outdoor & Kamp	Kamp Malzemeleri	Kamp Mutfak Malzemeleri	Kamp Buzlukları ve Soğutucular	16%	%1	%0.67	24
n11-3575	Outdoor & Kamp	Kamp Malzemeleri	Kamp Mutfak Malzemeleri	Kamp Ocağı ve Ekipmanları	16%	%1	%0.67	24
n11-3576	Outdoor & Kamp	Kamp Malzemeleri	Kamp Mutfak Malzemeleri	Kamp Pişirme Setleri ve Yemek Kapları	16%	%1	%0.67	24
n11-3577	Outdoor & Kamp	Kamp Malzemeleri	Kamp Mutfak Malzemeleri	Kamp Çakmağı ve Ateş Başlatıcılar	16%	%1	%0.67	24
n11-3578	Outdoor & Kamp	Kamp Malzemeleri	Kamp Mutfak Malzemeleri	Diğer Kamp Mutfak Malzemeleri	16%	%1	%0.67	24
n11-3579	Outdoor & Kamp	Kamp Malzemeleri	Kamp & Plaj Arabası	Kamp & Plaj Arabası	16%	%1	%0.67	20
n11-3580	Outdoor & Kamp	Karavan ve Ekipmanları	Karavan Altyapı Ürünleri	Karavan Manevra Sistemleri	16%	%1	%0.67	24
n11-3581	Outdoor & Kamp	Karavan ve Ekipmanları	Karavan Altyapı Ürünleri	Karavan Çeki ve Destek Ayakları	16%	%1	%0.67	24
n11-3582	Outdoor & Kamp	Karavan ve Ekipmanları	Karavan Altyapı Ürünleri	Karavan Fren, Takoz ve Krikoları	16%	%1	%0.67	24
n11-3583	Outdoor & Kamp	Karavan ve Ekipmanları	Karavan Altyapı Ürünleri	Karavan Amortisörler	16%	%1	%0.67	24
n11-3584	Outdoor & Kamp	Karavan ve Ekipmanları	Karavan Altyapı Ürünleri	Karavan Jant Lastikler	16%	%1	%0.67	24
n11-3585	Outdoor & Kamp	Karavan ve Ekipmanları	Karavan İç Donanım Ürünleri	Karavan Banyo ve Mutfak Ekipmanları	16%	%1	%0.67	24
n11-3586	Outdoor & Kamp	Karavan ve Ekipmanları	Karavan İç Donanım Ürünleri	Karavan Isıtma ve Soğutma Sistemleri	16%	%1	%0.67	24
n11-3587	Outdoor & Kamp	Karavan ve Ekipmanları	Karavan İç Donanım Ürünleri	Karavan LPG Sistemleri	16%	%1	%0.67	24
n11-3588	Outdoor & Kamp	Karavan ve Ekipmanları	Karavan İç Donanım Ürünleri	Karavan Servis Kapıları	16%	%1	%0.67	24
n11-3589	Outdoor & Kamp	Karavan ve Ekipmanları	Karavan İç Donanım Ürünleri	Karavan Perde ve Güneşlikler	16%	%1	%0.67	24
n11-3590	Outdoor & Kamp	Karavan ve Ekipmanları	Karavan İç Donanım Ürünleri	Karavan Düzenleyiciler	16%	%1	%0.67	24
n11-3591	Outdoor & Kamp	Karavan ve Ekipmanları	Karavan Dış Donanım Ürünleri	Karavan Pencere, Heki ve Fan	16%	%1	%0.67	24
n11-3592	Outdoor & Kamp	Karavan ve Ekipmanları	Karavan Dış Donanım Ürünleri	Karavan Tente ve Güneşlik	16%	%1	%0.67	24
n11-3593	Outdoor & Kamp	Karavan ve Ekipmanları	Karavan Dış Donanım Ürünleri	Karavan Bisiklet Taşıyıcı	16%	%1	%0.67	24
n11-3594	Outdoor & Kamp	Karavan ve Ekipmanları	Karavan Dış Donanım Ürünleri	Karavan Merdiven-Basamaklar	16%	%1	%0.67	24
n11-3595	Outdoor & Kamp	Karavan ve Ekipmanları	Karavan Dış Donanım Ürünleri	Karavan Kapılar	16%	%1	%0.67	24
n11-3596	Outdoor & Kamp	Karavan ve Ekipmanları	Karavan Dış Donanım Ürünleri	Karavan Kılıfları	16%	%1	%0.67	24
n11-3597	Outdoor & Kamp	Karavan ve Ekipmanları	Karavan Dış Donanım Ürünleri	Karavan Su Tesisatı	16%	%1	%0.67	24
n11-3598	Outdoor & Kamp	Karavan ve Ekipmanları	Karavan Dış Donanım Ürünleri	Karavan Uydu Sistemleri	16%	%1	%0.67	24
n11-3599	Outdoor & Kamp	Karavan ve Ekipmanları	Karavan Güvenlik Malzemeleri	Karavan Güvenlik Malzemeleri	16%	%1	%0.67	24
n11-3600	Outdoor & Kamp	Karavan ve Ekipmanları	Karavan Elektronik	Karavan İç ve Dış Aydınlatma	16%	%1	%0.67	24
n11-3601	Outdoor & Kamp	Karavan ve Ekipmanları	Karavan Elektronik	Karavan Priz, Fiş ve Çakmaklık	16%	%1	%0.67	24
n11-3602	Outdoor & Kamp	Karavan ve Ekipmanları	Karavan Elektronik	Karavan Kablo ve Anahtarlar	16%	%1	%0.67	24
n11-3603	Outdoor & Kamp	Karavan ve Ekipmanları	Karavan Elektronik	Karavan Akü Şarj Cihazları	16%	%1	%0.67	24
n11-3604	Outdoor & Kamp	Karavan ve Ekipmanları	Karavan Elektronik	Karavan Router-Modem	16%	%1	%0.67	24
n11-3605	Outdoor & Kamp	Karavan ve Ekipmanları	Çekme Karavanlar	Çekme Karavanlar	16%	%1	%0.67	24
n11-3606	Outdoor & Kamp	Karavan ve Ekipmanları	Diğer Karavan Ekipmanları	Diğer Karavan Ekipmanları	16%	%1	%0.67	24
n11-3607	Outdoor & Kamp	Outdoor Ayakkabı & Bot	Askeri Bot	Askeri Bot	18%	%1	%0.67	24
n11-3608	Outdoor & Kamp	Outdoor Ayakkabı & Bot	Kar Botu	Kar Botu	18%	%1	%0.67	24
n11-3609	Outdoor & Kamp	Outdoor Ayakkabı & Bot	Kaya Tırmanışı	Kaya Tırmanışı	18%	%1	%0.67	24
n11-3610	Outdoor & Kamp	Outdoor Ayakkabı & Bot	Trekking & Hiking	Trekking & Hiking	18%	%1	%0.67	24
n11-3611	Outdoor & Kamp	Outdoor Ayakkabı & Bot	Çizme	Çizme	18%	%1	%0.67	24
n11-3612	Outdoor & Kamp	Outdoor Ekipmanlar	Anahtarlık & Aksesuar	Anahtarlık & Aksesuar	16%	%1	%0.67	24
n11-3613	Outdoor & Kamp	Outdoor Ekipmanlar	Fener & Kafa Lambası	Fener & Kafa Lambası	16%	%1	%0.67	24
n11-3614	Outdoor & Kamp	Outdoor Ekipmanlar	GPS & Navigasyon	GPS & Navigasyon	16%	%1	%0.67	24
n11-3615	Outdoor & Kamp	Outdoor Ekipmanlar	Güvenlik Malzemeleri	Güvenlik Malzemeleri	16%	%1	%0.67	24
n11-3616	Outdoor & Kamp	Outdoor Ekipmanlar	Airsoft	Airsoft Ürünler	16%	%1	%0.67	24
n11-3617	Outdoor & Kamp	Outdoor Ekipmanlar	Airsoft	Airsoft Aksesuarlar	16%	%1	%0.67	24
n11-3618	Outdoor & Kamp	Outdoor Ekipmanlar	Outdoor Saat	Outdoor Saat	16%	%1	%0.67	24
n11-3619	Outdoor & Kamp	Outdoor Ekipmanlar	Outdoor Çanta	Outdoor Çanta	18%	%1	%0.67	24
n11-3620	Outdoor & Kamp	Outdoor Ekipmanlar	Tırmanış Malzemeleri	Tırmanış Malzemeleri	16%	%1	%0.67	24
n11-3621	Outdoor & Kamp	Outdoor Ekipmanlar	Çakı & Bıçak	Çakı & Bıçak	16%	%1	%0.67	24
n11-3622	Outdoor & Kamp	Outdoor Ekipmanlar	İlk Yardım & Medikal	İlk Yardım & Medikal	16%	%1	%0.67	24
n11-3623	Outdoor & Kamp	Outdoor Ekipmanlar	Dürbün & Teleskop	Dürbün	16%	%1	%0.67	24
n11-3624	Outdoor & Kamp	Outdoor Ekipmanlar	Dürbün & Teleskop	Teleskop	16%	%1	%0.67	24
n11-3625	Outdoor & Kamp	Outdoor Giyim	Askeri Giyim ve Aksesuar	Askeri Giyim ve Aksesuar	18%	%1	%0.67	24
n11-3626	Outdoor & Kamp	Outdoor Giyim	Bandana & Boyunluk	Bandana & Boyunluk	20.34%	%1	%0.67	24
n11-3627	Outdoor & Kamp	Outdoor Giyim	Gömlek & Tişört	Gömlek & Tişört	20.34%	%1	%0.67	24
n11-3628	Outdoor & Kamp	Outdoor Giyim	Mont, Yelek, Ceket	Mont, Yelek, Ceket	20.34%	%1	%0.67	24
n11-3629	Outdoor & Kamp	Outdoor Giyim	Outdoor Gözlük	Outdoor Gözlük	18%	%1	%0.67	24
n11-3630	Outdoor & Kamp	Outdoor Giyim	Pantolon & Şort	Pantolon & Şort	20.34%	%1	%0.67	24
n11-3631	Outdoor & Kamp	Outdoor Giyim	Polar Giysiler	Polar Giysiler	20.34%	%1	%0.67	24
n11-3632	Outdoor & Kamp	Outdoor Giyim	Termal İç Giyim	Termal İç Giyim	20.34%	%1	%0.67	24
n11-3633	Outdoor & Kamp	Outdoor Giyim	Çorap & Tozluk	Çorap & Tozluk	20.34%	%1	%0.67	24
n11-3634	Outdoor & Kamp	Outdoor Kameralar	Outdoor Kamera	Outdoor Kamera	10%	%1	%0.67	24
n11-3635	Outdoor & Kamp	Outdoor Kameralar	Outdoor Kamera Aksesuarları	Outdoor Kamera Aksesuarları	10%	%1	%0.67	24
n11-3636	Spor Giyim & Ayakkabı	Spor Aksesuarları	Ağırlık Eldiveni	Ağırlık Eldiveni	18%	%1	%0.67	24
n11-3637	Spor Giyim & Ayakkabı	Spor Aksesuarları	Güç & Denge Bileklikleri	Güç & Denge Bileklikleri	18%	%1	%0.67	24
n11-3638	Spor Giyim & Ayakkabı	Spor Aksesuarları	Koruyucu Aksesuarlar	Koruyucu Aksesuarlar	18%	%1	%0.67	24
n11-3639	Spor Giyim & Ayakkabı	Spor Aksesuarları	Kronometre & Adımsayar	Kronometre & Adımsayar	18%	%1	%0.67	24
n11-3640	Spor Giyim & Ayakkabı	Spor Aksesuarları	Kupa & Madalya	Kupa & Madalya	18%	%1	%0.67	24
n11-3641	Spor Giyim & Ayakkabı	Spor Aksesuarları	Nabız Ölçer & Polar Saat	Nabız Ölçer & Polar Saat	18%	%1	%0.67	24
n11-3642	Spor Giyim & Ayakkabı	Spor Aksesuarları	Spor Çorap	Spor Çorap	20.34%	%1	%0.67	24
n11-3643	Spor Giyim & Ayakkabı	Spor Aksesuarları	Spor Çanta & Cüzdan	Spor Çanta & Cüzdan	18%	%1	%0.67	24
n11-3644	Spor Giyim & Ayakkabı	Spor Aksesuarları	Şapka & Bere & Atkı	Şapka & Bere & Atkı	20.34%	%1	%0.67	24
n11-3645	Spor Giyim & Ayakkabı	Spor Aksesuarları	Spor Suluk & Matara	Spor Suluk & Matara	18%	%1	%0.67	24
n11-3646	Spor Giyim & Ayakkabı	Spor Ayakkabı	Basketbol Ayakkabısı	Basketbol Ayakkabısı	18%	%1	%0.67	24
n11-3647	Spor Giyim & Ayakkabı	Spor Ayakkabı	Fitness Ayakkabısı	Fitness Ayakkabısı	18%	%1	%0.67	24
n11-3648	Spor Giyim & Ayakkabı	Spor Ayakkabı	Halı Saha & Krampon Ayakkabısı	Halı Saha & Krampon Ayakkabısı	18%	%1	%0.67	24
n11-3649	Spor Giyim & Ayakkabı	Spor Ayakkabı	Hentbol Ayakkabısı	Hentbol Ayakkabısı	18%	%1	%0.67	24
n11-3650	Spor Giyim & Ayakkabı	Spor Ayakkabı	Kaykay Ayakkabısı	Kaykay Ayakkabısı	18%	%1	%0.67	24
n11-3651	Spor Giyim & Ayakkabı	Spor Ayakkabı	Tenis Ayakkabısı	Tenis Ayakkabısı	18%	%1	%0.67	24
n11-3652	Spor Giyim & Ayakkabı	Spor Ayakkabı	Voleybol Ayakkabısı	Voleybol Ayakkabısı	18%	%1	%0.67	24
n11-3653	Spor Giyim & Ayakkabı	Spor Ayakkabı	Yürüyüş & Koşu Ayakkabısı	Yürüyüş & Koşu Ayakkabısı	18%	%1	%0.67	24
n11-3654	Spor Giyim & Ayakkabı	Spor Giyim	Eşofman	Eşofman	20.34%	%1	%0.67	24
n11-3655	Spor Giyim & Ayakkabı	Spor Giyim	Mont & Yağmurluk	Mont & Yağmurluk	20.34%	%1	%0.67	24
n11-3656	Spor Giyim & Ayakkabı	Spor Giyim	Sweatshirt	Sweatshirt	20.34%	%1	%0.67	24
n11-3657	Spor Giyim & Ayakkabı	Spor Giyim	Spor Tayt	Spor Tayt	20.34%	%1	%0.67	24
n11-3658	Spor Giyim & Ayakkabı	Spor Giyim	Spor Tişört	Spor Tişört	20.34%	%1	%0.67	24
n11-3659	Spor Giyim & Ayakkabı	Spor Giyim	Spor Şort	Spor Şort	20.34%	%1	%0.67	24
n11-3660	Spor Giyim & Ayakkabı	Spor Giyim	Forma & Şort	Basketbol	18%	%1	%0.67	24
n11-3661	Spor Giyim & Ayakkabı	Spor Giyim	Forma & Şort	Futbol	18%	%1	%0.67	24
n11-3662	Spor Giyim & Ayakkabı	Spor Giyim	Forma & Şort	Voleybol	18%	%1	%0.67	24
n11-3663	Su Sporları	Banana & Ringo	Banana & Ringo	Banana & Ringo	16%	%1	%0.67	24
n11-3664	Su Sporları	Dalış	Dalış Kıyafetleri	Dalış Kıyafetleri	16%	%1	%0.67	24
n11-3665	Su Sporları	Dalış	Zıpkın	Zıpkın	16%	%1	%0.67	24
n11-3666	Su Sporları	Dalış	Maske ve Şnorkel	Maske ve Şnorkel	16%	%1	%0.67	24
n11-3667	Su Sporları	Dalış	Palet	Palet	16%	%1	%0.67	24
n11-3668	Su Sporları	Dalış	Dalış Çantası	Dalış Çantası	16%	%1	%0.67	24
n11-3669	Su Sporları	Dalış	Regülatör	Regülatör	16%	%1	%0.67	24
n11-3670	Su Sporları	Dalış	Dalış Bilgisayarı	Dalış Bilgisayarı	16%	%1	%0.67	24
n11-3671	Su Sporları	Dalış	Su Altı Feneri	Su Altı Feneri	16%	%1	%0.67	24
n11-3672	Su Sporları	Dalış	Dalış Ekipmanları	Dalış Ekipmanları	16%	%1	%0.67	24
n11-3673	Su Sporları	Dalış	Dalış Tüpü	Dalış Tüpü	16%	%1	%0.67	24
n11-3674	Su Sporları	Dalış	BCD Denge Yeleği	BCD Denge Yeleği	16%	%1	%0.67	24
n11-3675	Su Sporları	Diğer	Diğer	Diğer	16%	%1	%0.67	24
n11-3676	Su Sporları	Kano & Rafting	Kano & Rafting	Kano & Rafting	16%	%1	%0.67	24
n11-3677	Su Sporları	Kitesurf	Kite	Kite	16%	%1	%0.67	24
n11-3678	Su Sporları	Kitesurf	Kiteboard	Kiteboard	16%	%1	%0.67	24
n11-3679	Su Sporları	Kitesurf	Trapez	Trapez	16%	%1	%0.67	24
n11-3680	Su Sporları	Kitesurf	Neopren-Wetsuit	Neopren-Wetsuit	16%	%1	%0.67	24
n11-3681	Su Sporları	Kitesurf	Aksesuar	Aksesuar	16%	%1	%0.67	24
n11-3682	Su Sporları	Kitesurf	Guvenlik Ekipmanları	Guvenlik Ekipmanları	16%	%1	%0.67	24
n11-3683	Su Sporları	Sea Scooter	Sea Scooter	Sea Scooter	16%	%1	%0.67	24
n11-3684	Su Sporları	Şişme Deniz ve Havuz Ürünleri	Şişme Havuz	Şişme Havuz	16%	%1	%0.67	24
n11-3685	Su Sporları	Şişme Deniz ve Havuz Ürünleri	Deniz Aksesuarları	Deniz Aksesuarları	16%	%1	%0.67	24
n11-3686	Su Sporları	Şişme Deniz ve Havuz Ürünleri	Prefabrik Havuz	Prefabrik Havuz	16%	%1	%0.67	24
n11-3687	Su Sporları	Şişme Deniz ve Havuz Ürünleri	Can Yeleği	Can Yeleği	16%	%1	%0.67	24
n11-3688	Su Sporları	Şişme Deniz ve Havuz Ürünleri	Kolluk & Simit	Kolluk & Simit	15%	%1	%0.67	20
n11-3689	Su Sporları	Su Kayağı & Aksesuarları	Su Kayağı Aksesuarları	Su Kayağı Aksesuarları	16%	%1	%0.67	24
n11-3690	Su Sporları	Su Kayağı & Aksesuarları	Su Kayağı	Su Kayağı	16%	%1	%0.67	24
n11-3691	Su Sporları	SUP - Paddle Board	SUP	SUP	16%	%1	%0.67	24
n11-3692	Su Sporları	SUP - Paddle Board	SUP Aksesuarları	SUP Aksesuarları	16%	%1	%0.67	24
n11-3693	Su Sporları	WakeBoard & Aksesuarları	Wakeboard aksesuarları	Wakeboard aksesuarları	16%	%1	%0.67	24
n11-3694	Su Sporları	WakeBoard & Aksesuarları	Wakeboard	Wakeboard	16%	%1	%0.67	24
n11-3695	Su Sporları	Wakesurf & Aksesuarları	Wakesurf Aksesuarları	Wakesurf Aksesuarları	16%	%1	%0.67	24
n11-3696	Su Sporları	Wakesurf & Aksesuarları	Wakesurf	Wakesurf	16%	%1	%0.67	20
n11-3697	Su Sporları	Windsurf	Board	Board	16%	%1	%0.67	24
n11-3698	Su Sporları	Windsurf	Yelken	Yelken	16%	%1	%0.67	24
n11-3699	Su Sporları	Windsurf	Yelken Takımı	Yelken Takımı	16%	%1	%0.67	24
n11-3700	Su Sporları	Windsurf	Neopren-Wetsuit	Neopren-Wetsuit	16%	%1	%0.67	24
n11-3701	Su Sporları	Windsurf	Trapez	Trapez	16%	%1	%0.67	24
n11-3702	Su Sporları	Windsurf	Aksesuar	Aksesuar	16%	%1	%0.67	24
n11-3703	Tekne & Yat Malzemeleri	Bot & Tekne	Bot & Tekne	Bot & Tekne	16%	%1	%0.67	24
n11-3704	Tekne & Yat Malzemeleri	Deniz Motorları	Deniz Motorları	Deniz Motorları	16%	%1	%0.67	24
n11-3705	Tekne & Yat Malzemeleri	Şişme Deniz & Havuz Ürünleri	Şişme Deniz & Havuz Ürünleri	Şişme Deniz & Havuz Ürünleri	16%	%1	%0.67	24
n11-3706	Tekne & Yat Malzemeleri	Tekne Bakım Ürünleri	Tekne Bakım Ürünleri	Tekne Bakım Ürünleri	16%	%1	%0.67	24
n11-3707	Tekne & Yat Malzemeleri	Tekne Malzemeleri	Boya & Bakım Ürünleri	Boya & Bakım Ürünleri	16%	%1	%0.67	24
n11-3708	Tekne & Yat Malzemeleri	Tekne Malzemeleri	Demirleme & Rıhtım	Demirleme & Rıhtım	16%	%1	%0.67	24
n11-3709	Tekne & Yat Malzemeleri	Tekne Malzemeleri	Diğer	Diğer	16%	%1	%0.67	24
n11-3710	Tekne & Yat Malzemeleri	Tekne Malzemeleri	Elektrik & Elektronik	Elektrik & Elektronik	16%	%1	%0.67	24
n11-3711	Tekne & Yat Malzemeleri	Tekne Malzemeleri	Havalandırma	Havalandırma	16%	%1	%0.67	24
n11-3712	Tekne & Yat Malzemeleri	Tekne Malzemeleri	Hediyelik Eşyalar	Hediyelik Eşyalar	16%	%1	%0.67	24
n11-3713	Tekne & Yat Malzemeleri	Tekne Malzemeleri	Jeneratör	Jeneratör	16%	%1	%0.67	24
n11-3714	Tekne & Yat Malzemeleri	Tekne Malzemeleri	Kabin & Güverte	Kabin & Güverte	16%	%1	%0.67	24
n11-3715	Tekne & Yat Malzemeleri	Tekne Malzemeleri	Motor Aksamı & Yakıt Sistemi	Motor Aksamı & Yakıt Sistemi	16%	%1	%0.67	24
n11-3716	Tekne & Yat Malzemeleri	Tekne Malzemeleri	Navigasyon & GPS	Navigasyon & GPS	16%	%1	%0.67	24
n11-3717	Tekne & Yat Malzemeleri	Tekne Malzemeleri	Sintine, Pis Su, Tatlı Su	Sintine, Pis Su, Tatlı Su	16%	%1	%0.67	24
n11-3718	Tekne & Yat Malzemeleri	Tekne Malzemeleri	Yelken	Yelken	16%	%1	%0.67	24
n11-3719	Yaşam & Etkinlik1	Hobi & Eğitim	Etkinlikler	Etkinlikler	17.3%	%1	%0.67	24
