id	parentId	parentName	name	commissionRate
1			Elektronik	25
2			Giyim & Aksesuar	20
3			Takı & Gözlük & Saat	20
4			Kozmetik & Kişisel Bakım	17
5			Anne & Bebek & Oyuncak	20
6			Hobi & Oyuncak	16
7			Fotoğraf & Kamera	10
8			Ev Dekorasyon	20
9			Spor & Outdoor	16
10			Süpermarket	18
11			Yapı Market & Bahçe	16
12			Otomobil & Motosiklet	15
13			Pet Shop	17
14			Ofis & Kırtasiye	18
15			Kitap	15
16			Film & Müzik & Oyun	15
6645			Satış Sonrası Hizmetler Kategorisi	15
6724			AFAD Yardım	0
25	1	Elektronik	Bilgisayar & Tablet	20
18	1	Elektronik	Beyaz Eşya	13
19	1	Elektronik	Elektrikli Ev & Mutfak Aletleri	14
20	1	Elektronik	Telefonlar & Aksesuarları	25
21	1	Elektronik	Televizyon & Ses Sistemleri	15
22	1	Elektronik	Isıtma & Soğutma Sistemleri	13
23	1	Elektronik	Akıllı Güvenlik Sistemleri	15
349	2	Giyim & Aksesuar	Kadın	20
350	2	Giyim & Aksesuar	Erkek	20
352	2	Giyim & Aksesuar	Ayakkabı Bakım Koruma Malzemeleri	20
353	2	Giyim & Aksesuar	Bavul & Valiz	20
753	3	Takı & Gözlük & Saat	Takı	20
754	3	Takı & Gözlük & Saat	Mücevher ve Değerli Taş	15
755	3	Takı & Gözlük & Saat	Saat	20
756	3	Takı & Gözlük & Saat	Gözlük	20
757	3	Takı & Gözlük & Saat	Ziynet ve Külçe Altın	5
758	3	Takı & Gözlük & Saat	Gümüş	20
868	4	Kozmetik & Kişisel Bakım	Kozmetik	17
1000	4	Kozmetik & Kişisel Bakım	Kişisel Bakım	17
351	5	Anne & Bebek & Oyuncak	Çocuk Giyim Ürünleri ve Kıyafetleri	20
1129	5	Anne & Bebek & Oyuncak	Hamilelik ve Annelik	16
1157	5	Anne & Bebek & Oyuncak	Bebek Oyuncak	15
1163	5	Anne & Bebek & Oyuncak	Oto Koltuğu & ana kucağı	17
1168	5	Anne & Bebek & Oyuncak	Bebek Alt Değiştirme	18
1178	5	Anne & Bebek & Oyuncak	Bebek Giyim	20
1241	5	Anne & Bebek & Oyuncak	Bebek Güvenliği	17
1252	5	Anne & Bebek & Oyuncak	Bebek Maması	13
1257	5	Anne & Bebek & Oyuncak	Biberon, Emzik ve Aksesuarları	16
1265	5	Anne & Bebek & Oyuncak	Bebek Odası & Mobilya	16
1295	5	Anne & Bebek & Oyuncak	Hatıra Ürünleri	17
1300	5	Anne & Bebek & Oyuncak	Beslenme Gereçleri	16
1311	5	Anne & Bebek & Oyuncak	Kanguru ve Taşıma Ürünleri	16
1318	5	Anne & Bebek & Oyuncak	Bebek Bakım Çantası	16
4127	5	Anne & Bebek & Oyuncak	Bebek Banyo ve Tuvalet Eğitimi	13
4144	5	Anne & Bebek & Oyuncak	Bebek Arabaları ve Aksesuarları	16
4153	5	Anne & Bebek & Oyuncak	Bebek Bakım ve Sağlık	13
1320	6	Hobi & Oyuncak	Bebek Oyuncakları	15
1328	6	Hobi & Oyuncak	Kız Çocuk Oyuncakları	15
1336	6	Hobi & Oyuncak	Erkek Çocuk Oyuncakları	15
1341	6	Hobi & Oyuncak	Aktivite ve Eğitici Oyuncaklar	15
1348	6	Hobi & Oyuncak	Oyuncak Arabalar	15
1355	6	Hobi & Oyuncak	Kostüm ve Parti Malzemeleri	20
1367	6	Hobi & Oyuncak	Puzzlelar	15
1374	6	Hobi & Oyuncak	Kutu Oyunları	15
1377	6	Hobi & Oyuncak	Peluş Oyuncaklar	15
1378	6	Hobi & Oyuncak	Yetişkin Hobi&Oyun	15
1390	6	Hobi & Oyuncak	Akülü ve Pedallı Araçlar	15
1398	6	Hobi & Oyuncak	Oyuncak Figürler	15
1402	6	Hobi & Oyuncak	Açık Hava Oyuncakları	15
1418	6	Hobi & Oyuncak	Oyuncak Müzik Aletleri	15
1424	7	Fotoğraf & Kamera	Aksiyon Kameralar	10
1429	7	Fotoğraf & Kamera	Fotoğraf Makineleri	10
1437	7	Fotoğraf & Kamera	Video Kameralar	10
1444	7	Fotoğraf & Kamera	Fotoğraf & Kamera Aksesuarları	10
1473	7	Fotoğraf & Kamera	Karanlık Oda	10
1486	7	Fotoğraf & Kamera	Dijital Fotoğraf Çerçeveleri	10
1487	8	Ev Dekorasyon	Mobilya	20
1553	8	Ev Dekorasyon	Ev Tekstili	20
1632	8	Ev Dekorasyon	Mutfak Araçları ve Gereçleri	20
1716	8	Ev Dekorasyon	Dekorasyon	20
1776	8	Ev Dekorasyon	Banyo	20
6615	8	Ev Dekorasyon	Ev Gereçleri	20
6884	8	Ev Dekorasyon	Aydınlatma	20
1480	9	Spor & Outdoor	Optik Malzemeler ve Mikroskoplar	12
1787	9	Spor & Outdoor	Spor & Fitness	15
2089	9	Spor & Outdoor	Outdoor	16
7064	9	Spor & Outdoor	Aksiyon Kameralar	12
1169	10	Süpermarket	Bebek Bezi & Islak Mendil & Havlu	18
2274	10	Süpermarket	Deterjan Temizlik Ürünleri	18
2311	10	Süpermarket	Kağıt Ürünleri	18
2330	10	Süpermarket	Mutfak Sarf Malzemeleri	18
2339	10	Süpermarket	İçecek	18
2365	10	Süpermarket	Gıda	18
2594	10	Süpermarket	Kuru Gıdalar	18
2788	11	Yapı Market & Bahçe	Elektrikli El Aletleri	13
2857	11	Yapı Market & Bahçe	El Aletleri	16
2910	11	Yapı Market & Bahçe	Aydınlatma	13
2939	11	Yapı Market & Bahçe	Elektrik ve Tesisat Malzemeleri	13
2962	11	Yapı Market & Bahçe	Banyo Ve Mutfak Vitrifiye	13
2990	11	Yapı Market & Bahçe	Banyo Ürünleri	16
2995	11	Yapı Market & Bahçe	Hırdavat Ürünleri	16
3045	11	Yapı Market & Bahçe	Güvenlik Ürünleri	16
3071	11	Yapı Market & Bahçe	Reklam ve Tanıtım Ürünleri	16
3077	11	Yapı Market & Bahçe	İnşaat Malzemeleri	16
3090	11	Yapı Market & Bahçe	Endüstriyel Ekipmanlar	13
3094	11	Yapı Market & Bahçe	Jeneratörler	13
3097	11	Yapı Market & Bahçe	Boya ve Boya Malzemeleri	13
3111	11	Yapı Market & Bahçe	Ölçüm Aletleri	13
3127	11	Yapı Market & Bahçe	Bahçe Makineleri	13
3176	11	Yapı Market & Bahçe	Bahçe Aletleri	16
3192	11	Yapı Market & Bahçe	Bahçe Sulama Ekipmanları	13
3198	11	Yapı Market & Bahçe	Bahçe Mobilyası	16
3212	11	Yapı Market & Bahçe	Çiçek Bakımı ve Bitki Yetiştirme	16
3239	11	Yapı Market & Bahçe	Hayvancılık Ürünleri	16
3245	11	Yapı Market & Bahçe	Bahçe ve Ev Kovucular	16
3249	11	Yapı Market & Bahçe	Mangal ve Barbekü	13
3255	11	Yapı Market & Bahçe	Bahçe Dekorasyonu	16
3260	11	Yapı Market & Bahçe	Havuz Ürünleri	16
3267	11	Yapı Market & Bahçe	Ahşap Ürünleri	16
3270	11	Yapı Market & Bahçe	Soba ve Şömineler	16
3273	12	Otomobil & Motosiklet	Oto Aksesuar	13
3349	12	Otomobil & Motosiklet	Oto Ses Ve Görüntü Sistemleri	10
3361	12	Otomobil & Motosiklet	Oto Lastik Ve Jant	10
3368	12	Otomobil & Motosiklet	Yedek Parçalar	13
3431	12	Otomobil & Motosiklet	Modifiye Ve Tuning	13
3458	12	Otomobil & Motosiklet	Motosiklet, Utv Ve Atv	13
3525	12	Otomobil & Motosiklet	4x4 Off Road	13
6926	12	Otomobil & Motosiklet	Lastik Montaj Hizmetleri	15
3534	13	Pet Shop	Köpek	17
3616	13	Pet Shop	Kedi	17
3682	13	Pet Shop	Kuş	17
3702	13	Pet Shop	Balık	17
3763	13	Pet Shop	Hamster & Tavşan	17
3774	13	Pet Shop	Kaplumbağa	17
211	14	Ofis & Kırtasiye	Projeksiyon Cihazları	10
212	14	Ofis & Kırtasiye	Projeksiyon Perdesi	10
213	14	Ofis & Kırtasiye	Sunum Kumandaları	10
214	14	Ofis & Kırtasiye	Projeksiyon Aksesuarları	10
3781	14	Ofis & Kırtasiye	Bantlar ve Yapıştırıcılar	18
3791	14	Ofis & Kırtasiye	Dosyalama ve Organizasyon	18
3816	14	Ofis & Kırtasiye	Ofis ve Kırtasiye Ürünleri	18
3887	14	Ofis & Kırtasiye	Ofis Makineleri	18
3909	14	Ofis & Kırtasiye	Ofis Mobilyası	18
3919	14	Ofis & Kırtasiye	Masa Araçları	18
3935	14	Ofis & Kırtasiye	Kağıt Ürünleri	18
3944	14	Ofis & Kırtasiye	Sanatsal Malzemeler	18
7035	14	Ofis & Kırtasiye	Projeksiyon Sistemleri	15
3964	15	Kitap	Edebiyat ve Kurgu	15
3978	15	Kitap	Ders ve Eğitim	15
3998	15	Kitap	Sınavlara Hazırlık	15
4029	15	Kitap	Çocuk ve Gençlik Kitapları	15
4037	15	Kitap	Siyaset, Felsefe Sosyal Bilimler	15
4041	15	Kitap	Din ve Mitoloji	15
4042	15	Kitap	Sağlık, Spor ve Beslenme	15
4051	15	Kitap	Ekonomi ve Finans	15
4059	15	Kitap	Güzel Sanatlar ve Fotoğraf	15
4065	15	Kitap	Bilgisayarlar ve İnternet	15
4074	15	Kitap	Akademik Bilimler	15
4086	15	Kitap	Seyahat ve Turizm	15
4089	15	Kitap	Yabancı Kaynaklar	15
4094	16	Film & Müzik & Oyun	Film	15
4099	16	Film & Müzik & Oyun	Müzik	15
4113	16	Film & Müzik & Oyun	Video Oyunu	15
24	17	Bilgisayar & Tablet	Dizüstü Bilgisayarlar	6
26	17	Bilgisayar & Tablet	Tabletler	6
27	17	Bilgisayar & Tablet	Veri Depolama	10
28	17	Bilgisayar & Tablet	Bilgisayar Bileşenleri	8
29	17	Bilgisayar & Tablet	Çevre Birimleri	12
30	17	Bilgisayar & Tablet	Monitörler	8
31	17	Bilgisayar & Tablet	Yazılım Ürünleri	40
32	17	Bilgisayar & Tablet	Ağ & Modem	10
33	17	Bilgisayar & Tablet	Yazıcı & Aksesuarları	8
34	17	Bilgisayar & Tablet	Barkod Ürünleri	10
35	17	Bilgisayar & Tablet	Yenilenmiş & İkinci El Ürünler	15
36	17	Bilgisayar & Tablet	Bilgisayar Aksesuarları	20
4125	17	Bilgisayar & Tablet	Sunucu	8
37	18	Beyaz Eşya	Buzdolapları	12
38	18	Beyaz Eşya	Çamaşır Makineleri	12
39	18	Beyaz Eşya	Bulaşık Makineleri	12
40	18	Beyaz Eşya	Ankastre Setler	14.4
41	18	Beyaz Eşya	Davlumbazlar	14.4
42	18	Beyaz Eşya	Aspiratörler	14.4
43	18	Beyaz Eşya	Ocaklar	14.4
44	18	Beyaz Eşya	Fırınlar	14.4
45	18	Beyaz Eşya	Mikrodalga Fırınlar	14.4
46	18	Beyaz Eşya	Su Sebilleri	13
47	18	Beyaz Eşya	Derin Dondurucular	12
48	18	Beyaz Eşya	Beyaz Eşya Yedek Parça	15
4120	18	Beyaz Eşya	Endüstriyel Beyaz Eşyalar	15
4123	18	Beyaz Eşya	Kurutma Makineleri	12
49	19	Elektrikli Ev & Mutfak Aletleri	Elektrikli Mutfak Aletleri	14
50	19	Elektrikli Ev & Mutfak Aletleri	Elektrikli Süpürgeler	14
51	19	Elektrikli Ev & Mutfak Aletleri	Ütüler	14
52	19	Elektrikli Ev & Mutfak Aletleri	Dikiş Makineleri	14
53	20	Telefonlar & Aksesuarları	Cep Telefonları	5
54	20	Telefonlar & Aksesuarları	Cep Telefonu Aksesuarları	25
55	20	Telefonlar & Aksesuarları	Giyilebilir Teknoloji Ürünleri	10
56	20	Telefonlar & Aksesuarları	Cep Telefonu Yedek Parçaları	22
57	20	Telefonlar & Aksesuarları	Telsiz & Masaüstü Telefonlar	15
58	20	Telefonlar & Aksesuarları	Yenilenmiş & İkinci El Telefonlar	10
59	21	Televizyon & Ses Sistemleri	Televizyonlar	7
60	21	Televizyon & Ses Sistemleri	Televizyon Aksesuarları	15
61	21	Televizyon & Ses Sistemleri	Uydu Sistemleri	15
62	21	Televizyon & Ses Sistemleri	Projeksiyon Sistemleri	10
63	21	Televizyon & Ses Sistemleri	Bluetooth Hoparlörler	15
64	21	Televizyon & Ses Sistemleri	Ses Sistemleri	15
65	21	Televizyon & Ses Sistemleri	Müzik Sistemleri	15
4175	21	Televizyon & Ses Sistemleri	Oyun Konsolları & Aksesuarlar	10
66	22	Isıtma & Soğutma Sistemleri	Kombiler	13
67	22	Isıtma & Soğutma Sistemleri	Klima & Aksesuarları	13
68	22	Isıtma & Soğutma Sistemleri	Termostatlar	15
69	22	Isıtma & Soğutma Sistemleri	Termosifonlar	14.4
70	22	Isıtma & Soğutma Sistemleri	Şofbenler	14.4
71	22	Isıtma & Soğutma Sistemleri	Sobalar & Isıtıcılar	15
72	22	Isıtma & Soğutma Sistemleri	Vantilatörler	13
73	22	Isıtma & Soğutma Sistemleri	Hava Temizleyiciler	14
74	22	Isıtma & Soğutma Sistemleri	Hava Perdeleri	13
75	23	Akıllı Güvenlik Sistemleri	Güvenlik Kameraları	15
76	23	Akıllı Güvenlik Sistemleri	Kayıt ve Görüntüleme Sistemleri	15
77	23	Akıllı Güvenlik Sistemleri	Aktif Network Ürünleri	15
78	23	Akıllı Güvenlik Sistemleri	Pasif Network Ürünleri	15
79	23	Akıllı Güvenlik Sistemleri	Güvenlik Sistemi Bileşenleri	15
80	23	Akıllı Güvenlik Sistemleri	Alarm Sistemleri	15
81	23	Akıllı Güvenlik Sistemleri	Elektronik Kasalar	15
82	23	Akıllı Güvenlik Sistemleri	Geçiş Kontrol Sistemleri	15
83	23	Akıllı Güvenlik Sistemleri	Akıllı Ev Sistemleri	15
84	27	Veri Depolama	SSD (Solid State Drive)	10
85	27	Veri Depolama	Sabit Disk (HDD)	10
86	27	Veri Depolama	USB Bellekler	10
87	27	Veri Depolama	Harici Veri Depolama	10
88	27	Veri Depolama	NAS Depolama Sistemleri	10
89	27	Veri Depolama	Hafıza Kartları	10
90	28	Bilgisayar Bileşenleri	İşlemciler (CPU)	8
91	28	Bilgisayar Bileşenleri	Anakartlar	8
92	28	Bilgisayar Bileşenleri	Ekran Kartları (GPU)	8
93	28	Bilgisayar Bileşenleri	Bellek (RAM)	8
94	28	Bilgisayar Bileşenleri	Bilgisayar Kasaları	8
95	28	Bilgisayar Bileşenleri	Power Supply (PSU)	8
96	28	Bilgisayar Bileşenleri	Soğutucu ve Fan	8
97	28	Bilgisayar Bileşenleri	Optik Sürücüler	8
98	28	Bilgisayar Bileşenleri	Tv ve Ses Kartları	8
99	29	Çevre Birimleri	Mouse	12
100	29	Çevre Birimleri	Klavye	12
101	29	Çevre Birimleri	Bilgisayar Kulaklıkları	12
102	29	Çevre Birimleri	Webcam ve Mikrofonlar	12
103	29	Çevre Birimleri	Joystick ve Gamepad	12
104	29	Çevre Birimleri	Güç Kaynakları (UPS)	12
105	29	Çevre Birimleri	Grafik Tabletler	6
4214	29	Çevre Birimleri	Bilgisayar Hoparlörleri	12
6887	29	Çevre Birimleri	Oyuncu Ekipmanları	12
106	30	Monitörler	Led Monitörler	8
107	30	Monitörler	IPS Monitörler	8
108	31	Yazılım Ürünleri	İşletim Sistemleri	40
109	31	Yazılım Ürünleri	Antivirüs Programları	40
110	31	Yazılım Ürünleri	Ofis Programları	40
111	31	Yazılım Ürünleri	Grafik ve Tasarım	40
112	31	Yazılım Ürünleri	Eğitim Yazılımları	40
113	31	Yazılım Ürünleri	Ticari Yazılımlar	40
114	31	Yazılım Ürünleri	Dijital İndirilebilir Lisanslar	40
115	32	Ağ & Modem	Modemler	10
116	32	Ağ & Modem	Access Point	10
117	32	Ağ & Modem	Router	10
118	32	Ağ & Modem	Menzil Arttırıcılar	10
119	32	Ağ & Modem	Switch ve Hub	10
120	32	Ağ & Modem	Ağ Adaptörleri	10
121	32	Ağ & Modem	Antenler ve Kablolar	10
4177	32	Ağ & Modem	Firewall	10
122	33	Yazıcı & Aksesuarları	Lazer Yazıcılar	8
123	33	Yazıcı & Aksesuarları	Mürekkepli Yazıcılar	8
124	33	Yazıcı & Aksesuarları	Çok Fonksiyonlu Yazıcılar	8
125	33	Yazıcı & Aksesuarları	Nokta Vuruşlu Yazıcılar	8
126	33	Yazıcı & Aksesuarları	Fotoğraf Yazıcıları	8
127	33	Yazıcı & Aksesuarları	3D Yazıcılar	8
128	33	Yazıcı & Aksesuarları	Tarayıcılar	8
129	33	Yazıcı & Aksesuarları	Sarf Malzemeleri	12
130	34	Barkod Ürünleri	Barkod Okuyucular	10
131	34	Barkod Ürünleri	El Terminalleri	10
132	34	Barkod Ürünleri	Barkod ve Etiket Yazıcıları	10
133	35	Yenilenmiş & İkinci El Ürünler	Bilgisayarlar	15
134	35	Yenilenmiş & İkinci El Ürünler	Tabletler	15
135	36	Bilgisayar Aksesuarları	Dizüstü Bilgisayar Aksesuarları	15
136	36	Bilgisayar Aksesuarları	Tablet Aksesuarları	20
137	36	Bilgisayar Aksesuarları	Kablolar	15
138	36	Bilgisayar Aksesuarları	Adaptör ve Çeviriciler	15
139	36	Bilgisayar Aksesuarları	USB Aksesuarları	15
140	36	Bilgisayar Aksesuarları	Taşınabilir Disk Aksesuarları	15
141	36	Bilgisayar Aksesuarları	CD ve DVD Ürünleri	15
142	36	Bilgisayar Aksesuarları	Yedek Parçalar	15
143	49	Elektrikli Mutfak Aletleri	Çay Makineleri	14
144	49	Elektrikli Mutfak Aletleri	Kahve Makineleri	14
145	49	Elektrikli Mutfak Aletleri	Su Isıtıcılar (Kettle)	14
146	49	Elektrikli Mutfak Aletleri	Blender, Mikser ve Mutfak Robotları	14
147	49	Elektrikli Mutfak Aletleri	Tost Makineleri	14
148	49	Elektrikli Mutfak Aletleri	Elektrikli Izgaralar	14
149	49	Elektrikli Mutfak Aletleri	Ekmek Kızartma Makineleri	14
150	49	Elektrikli Mutfak Aletleri	Ekmek Yapma Makineleri	14
151	49	Elektrikli Mutfak Aletleri	Fritözler	14
152	49	Elektrikli Mutfak Aletleri	Buharlı Pişiriciler	14
153	49	Elektrikli Mutfak Aletleri	Elektrikli Tencere ve Tavalar	14
154	49	Elektrikli Mutfak Aletleri	Kıyma Makineleri	14
155	49	Elektrikli Mutfak Aletleri	Katı Meyve Sıkacağı	14
156	49	Elektrikli Mutfak Aletleri	Mısır Patlatma Makineleri	14
157	49	Elektrikli Mutfak Aletleri	Yoğurt Makineleri	14
158	49	Elektrikli Mutfak Aletleri	Dondurma Makineleri	14
159	49	Elektrikli Mutfak Aletleri	Waffle Makineleri	14
160	49	Elektrikli Mutfak Aletleri	Yumurta Pişirme Makineleri	14
161	49	Elektrikli Mutfak Aletleri	Mutfak Tartıları	14
162	49	Elektrikli Mutfak Aletleri	Su Arıtma Cihazları	14
163	49	Elektrikli Mutfak Aletleri	Diğer Mutfak Aletleri	14
4121	49	Elektrikli Mutfak Aletleri	Endüstriyel Mutfak Aletleri	14
6551	49	Elektrikli Mutfak Aletleri	Mini/Midi Fırınlar	14
164	50	Elektrikli Süpürgeler	Dikey Süpürgeler	14
165	50	Elektrikli Süpürgeler	Toz Torbalı Süpürgeler	14
166	50	Elektrikli Süpürgeler	Toz Torbasız Süpürgeler	14
167	50	Elektrikli Süpürgeler	Su Filtreli Süpürgeler	14
168	50	Elektrikli Süpürgeler	Şarjlı Süpürgeler	14
169	50	Elektrikli Süpürgeler	Robot Süpürgeler	14
170	50	Elektrikli Süpürgeler	Buharlı Temizleyiciler	14
171	50	Elektrikli Süpürgeler	Halı Yıkama Makineleri	14
172	50	Elektrikli Süpürgeler	Aksesuar ve Yedek Parçalar	14
4122	50	Elektrikli Süpürgeler	Endüstriyel Süpürgeler	14
173	51	Ütüler	Buharlı Ütüler	14
174	51	Ütüler	Buhar Kazanlı Ütüler	14
175	54	Cep Telefonu Aksesuarları	Kılıflar	20
176	54	Cep Telefonu Aksesuarları	Ekran Koruyucular	20
177	54	Cep Telefonu Aksesuarları	Kulaklıklar	15
178	54	Cep Telefonu Aksesuarları	Şarj Cihazları	20
179	54	Cep Telefonu Aksesuarları	Şarj Kabloları	20
180	54	Cep Telefonu Aksesuarları	Powerbank	18
181	54	Cep Telefonu Aksesuarları	Hafıza Kartları	25
182	54	Cep Telefonu Aksesuarları	Oyuncu Telefon Aksesuarları	20
183	54	Cep Telefonu Aksesuarları	Stand ve Tutucular	20
184	54	Cep Telefonu Aksesuarları	Selfie Çubukları	20
185	54	Cep Telefonu Aksesuarları	Stylus Kalemler	20
186	55	Giyilebilir Teknoloji Ürünleri	Akıllı Saatler	10
187	55	Giyilebilir Teknoloji Ürünleri	Akıllı Bileklikler	10
188	55	Giyilebilir Teknoloji Ürünleri	Akıllı Saat Aksesuarları	20
189	55	Giyilebilir Teknoloji Ürünleri	Akıllı Takip Cihazları	10
190	55	Giyilebilir Teknoloji Ürünleri	Sanal Gerçeklik Gözlükleri	10
191	56	Cep Telefonu Yedek Parçaları	Ekran	22
192	56	Cep Telefonu Yedek Parçaları	Batarya	22
193	56	Cep Telefonu Yedek Parçaları	Kasa	22
194	56	Cep Telefonu Yedek Parçaları	Tuş Takımı	22
195	56	Cep Telefonu Yedek Parçaları	Kamera	22
196	56	Cep Telefonu Yedek Parçaları	Hoparlör	22
197	56	Cep Telefonu Yedek Parçaları	Diğer Parçalar	22
198	57	Telsiz & Masaüstü Telefonlar	Telsiz Telefonlar	15
199	57	Telsiz & Masaüstü Telefonlar	Masaüstü Telefonlar	15
200	57	Telsiz & Masaüstü Telefonlar	IP Telefonlar	15
201	57	Telsiz & Masaüstü Telefonlar	Telsizler	15
202	57	Telsiz & Masaüstü Telefonlar	Telefon Santralleri	15
203	60	Televizyon Aksesuarları	Askı Aparatları	15
204	60	Televizyon Aksesuarları	Uzaktan Kumandalar	15
205	60	Televizyon Aksesuarları	TV Ekran Koruyucular	15
206	60	Televizyon Aksesuarları	TV Kabloları	15
207	60	Televizyon Aksesuarları	TV Box ve Medya Oynatıcı	15
208	61	Uydu Sistemleri	Uydu Alıcıları	15
209	61	Uydu Sistemleri	Çanak ve LNB	15
210	61	Uydu Sistemleri	Aksesuar ve Yedek Parça	15
215	64	Ses Sistemleri	Ev Sinema Sistemleri	15
216	64	Ses Sistemleri	HI-FI Sistemler	15
217	65	Müzik Sistemleri	Radyolar	15
218	65	Müzik Sistemleri	Kulaklıklar	15
219	65	Müzik Sistemleri	Pikaplar	15
220	65	Müzik Sistemleri	Portatif Müzik Setleri	15
221	65	Müzik Sistemleri	Mp3 ve Mp4 Çalar	15
222	66	Kombiler	Yoğuşmalı	13
223	66	Kombiler	Konvansiyonel	13
224	66	Kombiler	Elektrikli	13
225	67	Klima & Aksesuarları	Klimalar	13
226	67	Klima & Aksesuarları	Klima Aksesuarı	13
227	71	Sobalar & Isıtıcılar	Infrared Isıtıcılar	15
228	71	Sobalar & Isıtıcılar	Quartz Isıtıcılar	15
229	71	Sobalar & Isıtıcılar	Karbon Isıtıcılar	15
230	71	Sobalar & Isıtıcılar	Seramik Isıtıcılar	15
231	71	Sobalar & Isıtıcılar	Konvektör Isıtıcı	15
232	71	Sobalar & Isıtıcılar	Fanlı Isıtıcılar	15
233	71	Sobalar & Isıtıcılar	Ayak Isıtıcılar	15
234	71	Sobalar & Isıtıcılar	Radyatörler	15
235	71	Sobalar & Isıtıcılar	Havlu Isıtıcı	15
236	75	Güvenlik Kameraları	IP Kameralar	15
237	75	Güvenlik Kameraları	AHD Kameralar	15
238	75	Güvenlik Kameraları	Araç Kameraları	15
239	75	Güvenlik Kameraları	Kamera Aksesuarları	15
240	76	Kayıt ve Görüntüleme Sistemleri	DVR Cihazları	15
241	76	Kayıt ve Görüntüleme Sistemleri	NVR Cihazları	15
242	76	Kayıt ve Görüntüleme Sistemleri	İş İstasyonları	15
243	76	Kayıt ve Görüntüleme Sistemleri	Video Yönetim Yazılımları	15
244	76	Kayıt ve Görüntüleme Sistemleri	Depolama Ürünleri	15
245	77	Aktif Network Ürünleri	Switchler	15
246	77	Aktif Network Ürünleri	Gateaway	15
247	77	Aktif Network Ürünleri	SFP Modüller	15
248	77	Aktif Network Ürünleri	Kablosuz Kontrolörler	15
249	78	Pasif Network Ürünleri	Patch Paneller	15
250	78	Pasif Network Ürünleri	Patch Kablolar	15
251	78	Pasif Network Ürünleri	Fiber Optik Kablolar	15
252	78	Pasif Network Ürünleri	Enerji Kabloları	15
253	79	Güvenlik Sistemi Bileşenleri	Kabinetler	15
254	79	Güvenlik Sistemi Bileşenleri	Dönüştürücüler	15
255	79	Güvenlik Sistemi Bileşenleri	Güç Kaynakları	15
256	80	Alarm Sistemleri	Hırsız Alarm Sistemleri	15
257	80	Alarm Sistemleri	Yangın Alarm Sistemleri	15
258	82	Geçiş Kontrol Sistemleri	Devriye Kontrol Sistemi	15
259	82	Geçiş Kontrol Sistemleri	Kart Okuyucular	15
260	82	Geçiş Kontrol Sistemleri	Plaka Tanıma Sistemleri	15
261	82	Geçiş Kontrol Sistemleri	Parmak İzi Okuyucular	15
262	82	Geçiş Kontrol Sistemleri	Şifre Panelleri	15
263	82	Geçiş Kontrol Sistemleri	Turnikeler	15
264	82	Geçiş Kontrol Sistemleri	Yüz Tanıma Sistemleri	15
265	82	Geçiş Kontrol Sistemleri	X-Ray Cihazları	15
7176	114	Dijital İndirilebilir Lisanslar	Oyun Pinleri	40
266	115	Modemler	ADSL Modemler	10
267	115	Modemler	VDSL Modemler	10
268	115	Modemler	Mobil Modemler	10
269	118	Menzil Arttırıcılar	Range Extender	10
270	118	Menzil Arttırıcılar	Powerline Ürünleri	10
271	121	Antenler ve Kablolar	Antenler	10
272	121	Antenler ve Kablolar	Kablolar	10
273	129	Sarf Malzemeleri	Tonerler	8
274	129	Sarf Malzemeleri	Kartuşlar	8
275	129	Sarf Malzemeleri	Filamentler	8
276	129	Sarf Malzemeleri	Chipler	8
277	129	Sarf Malzemeleri	Drum Setleri	8
278	129	Sarf Malzemeleri	Dolum Setleri	8
279	129	Sarf Malzemeleri	Yazıcı Şeritleri	8
280	129	Sarf Malzemeleri	Yazıcı Aksesuarları	8
281	135	Dizüstü Bilgisayar Aksesuarları	Çantalar ve Kılıflar	15
282	135	Dizüstü Bilgisayar Aksesuarları	Notebook Soğutucuları	15
283	135	Dizüstü Bilgisayar Aksesuarları	Notebook Adaptörleri	15
284	135	Dizüstü Bilgisayar Aksesuarları	Notebook Bataryaları	15
285	135	Dizüstü Bilgisayar Aksesuarları	Notebook Etiketleri	15
286	135	Dizüstü Bilgisayar Aksesuarları	Notebook Standları	15
287	135	Dizüstü Bilgisayar Aksesuarları	Notebook Kilitleri	15
288	136	Tablet Aksesuarları	Kılıflar ve Çantalar	20
289	136	Tablet Aksesuarları	Ekran Koruyucular	20
290	136	Tablet Aksesuarları	Stand ve Tutucular	20
291	136	Tablet Aksesuarları	Şarj Cihazları	20
292	136	Tablet Aksesuarları	Çevirici ve Adaptörler	20
293	136	Tablet Aksesuarları	Tablet Kalemleri	20
294	136	Tablet Aksesuarları	Tablet Klavyeleri	20
295	137	Kablolar	Güç Kabloları	15
296	137	Kablolar	Ses ve Görüntü Kabloları	15
297	137	Kablolar	USB Kabloları	15
298	137	Kablolar	Sata Kabloları	15
299	142	Yedek Parçalar	Ekran	15
300	142	Yedek Parçalar	Gövde	15
301	142	Yedek Parçalar	Klavye	15
302	142	Yedek Parçalar	Chipsetler	15
303	143	Çay Makineleri	Çay Makinesi	14
304	143	Çay Makineleri	Semaverler	14
305	144	Kahve Makineleri	Türk Kahve Makineleri	14
306	144	Kahve Makineleri	Filtre Kahve Makineleri	14
307	144	Kahve Makineleri	Cappuccino ve Espresso Makineleri	14
308	144	Kahve Makineleri	Kahve Değirmenleri	14
309	144	Kahve Makineleri	Aksesuar ve Yedek Parça	14
310	146	Blender, Mikser ve Mutfak Robotları	Blenderler	14
311	146	Blender, Mikser ve Mutfak Robotları	Mikserler	14
312	146	Blender, Mikser ve Mutfak Robotları	Doğrayıcı ve Rondolar	14
313	146	Blender, Mikser ve Mutfak Robotları	Mutfak Robotu ve Şefleri	14
314	177	Kulaklıklar	Kulak içi Kulaklıklar	15
315	177	Kulaklıklar	Bluetooth Kulaklıklar	15
316	178	Şarj Cihazları	Şarj Adaptörleri	20
317	178	Şarj Cihazları	Çoklu Şarj Adaptörleri	20
318	178	Şarj Cihazları	Kablosuz Şarj Cihazları	20
319	178	Şarj Cihazları	Şarj Stantları (Dock)	20
320	178	Şarj Cihazları	Araç Şarj Cihazları	20
321	179	Şarj Kabloları	Android (Micro USB) Kablolar	20
322	179	Şarj Kabloları	Android (Type-C) Kablolar	20
323	179	Şarj Kabloları	iPhone Kabloları (iOS)	20
324	179	Şarj Kabloları	Çevirici ve Dönüştürücüler	20
325	183	Stand ve Tutucular	Stand ve Tripodlar	20
326	183	Stand ve Tutucular	Araç İçi Tutucular	20
327	188	Akıllı Saat Aksesuarları	Kordonlar	20
328	188	Akıllı Saat Aksesuarları	Şarj İstasyonları	20
329	188	Akıllı Saat Aksesuarları	Kılıf ve Kapaklar	20
330	188	Akıllı Saat Aksesuarları	Ekran Koruyucular	20
331	188	Akıllı Saat Aksesuarları	Akıllı Saat Kabloları	20
332	215	Ev Sinema Sistemleri	Soundbar	15
333	215	Ev Sinema Sistemleri	5.1 Ses Sistemleri	15
334	215	Ev Sinema Sistemleri	2.1 Ses Sistemleri	15
335	215	Ev Sinema Sistemleri	Blu-Ray ve DVD Oynatıcılar	15
336	216	HI-FI Sistemler	Amfi (Receiver)	15
337	216	HI-FI Sistemler	HI-FI Hoparlörler	15
338	216	HI-FI Sistemler	Subwoofer	15
339	256	Hırsız Alarm Sistemleri	Dedektörler	15
340	256	Hırsız Alarm Sistemleri	Manyetik Kontaklar	15
341	256	Hırsız Alarm Sistemleri	Aküler	15
342	256	Hırsız Alarm Sistemleri	GSM/GPRS Modülleri	15
343	256	Hırsız Alarm Sistemleri	Sesli Uyarıcı (Siren)	15
344	256	Hırsız Alarm Sistemleri	Şifre Panelleri	15
345	256	Hırsız Alarm Sistemleri	Uzaktan Kumandalar	15
346	257	Yangın Alarm Sistemleri	Acil Durum Butonları	15
347	257	Yangın Alarm Sistemleri	Duman Dedektörleri	15
348	257	Yangın Alarm Sistemleri	Sesli Uyarıcılar (Siren)	15
354	349	Kadın	Giyim	20
355	349	Kadın	İç Giyim	20
356	349	Kadın	Plaj Giyim	20
357	349	Kadın	Kadın Ayakkabı	20
358	349	Kadın	Kadın Çanta	20
359	349	Kadın	Tesettür Giyim	20
360	349	Kadın	Kadın Büyük Beden	20
361	349	Kadın	Kadın Aksesuar	20
362	350	Erkek	Giyim	20
363	350	Erkek	İç Giyim	20
364	350	Erkek	Erkek Büyük Beden	20
365	350	Erkek	Erkek Ayakkabı	20
366	350	Erkek	Erkek Aksesuar	20
367	350	Erkek	Erkek Çanta & Cüzdan	20
368	351	Çocuk Giyim Ürünleri ve Kıyafetleri	Kız Çocuk Ürünleri	20
369	351	Çocuk Giyim Ürünleri ve Kıyafetleri	Erkek Çocuk Ürünleri	20
ri 370	352 A	yakkabı Bakım Koruma Malzemele	Ayakkabı Kalıbı	20
ri 371	352 A	yakkabı Bakım Koruma Malzemele	Ayakkabı Kutusu	20
ri 372	352 A	yakkabı Bakım Koruma Malzemele	Bakım & Koruma	20
ri 373	352 A	yakkabı Bakım Koruma Malzemele	Tabanlık	20
ri 374	352 A	yakkabı Bakım Koruma Malzemele	Onarım Malzemeleri	20
375	353	Bavul & Valiz	Valiz	20
376	353	Bavul & Valiz	Valiz Setleri	20
377	353	Bavul & Valiz	Valiz Kılıfları	20
378	353	Bavul & Valiz	Valiz Aksesuarları	20
379	354	Giyim	Elbise	20
380	354	Giyim	Pantolon	20
381	354	Giyim	Etek	20
382	354	Giyim	Tulum	20
383	354	Giyim	T-Shirt	20
384	354	Giyim	Atlet	20
385	354	Giyim	Bluz	20
386	354	Giyim	Tunik	20
387	354	Giyim	Gömlek	20
388	354	Giyim	Tayt	20
389	354	Giyim	Sweatshirt	20
390	354	Giyim	Eşofman	20
391	354	Giyim	Mont, Kaban	20
392	354	Giyim	Triko & Kazak	20
393	354	Giyim	Ceket & Yelek	20
394	354	Giyim	Takım	20
395	354	Giyim	Şort	20
396	354	Giyim	Mezuniyet cübbesi	20
397	355	İç Giyim	Atlet, Fanila, Body	20
398	355	İç Giyim	Ev Giyim	20
399	355	İç Giyim	Külot	20
400	355	İç Giyim	Sütyen	20
401	355	İç Giyim	Sabahlık	20
402	355	İç Giyim	Gecelik	20
403	355	İç Giyim	Kombinezon	20
404	355	İç Giyim	Babydoll	20
405	355	İç Giyim	Korse	20
406	355	İç Giyim	Çorap	20
407	355	İç Giyim	İç Çamaşır Takım	20
408	355	İç Giyim	Jartiyer	20
409	355	İç Giyim	Pijama	20
410	355	İç Giyim	jüpon	20
411	355	İç Giyim	Termal İç Giyim	20
412	355	İç Giyim	Fantezi İç Giyim	20
413	356	Plaj Giyim	Bikini	20
414	356	Plaj Giyim	Mayo	20
415	356	Plaj Giyim	Deniz Şortu	20
416	356	Plaj Giyim	Tankini	20
417	356	Plaj Giyim	Pareo	20
418	356	Plaj Giyim	Mayokini	20
419	357	Kadın Ayakkabı	Bot	20
420	357	Kadın Ayakkabı	Çizme	20
421	357	Kadın Ayakkabı	Günlük Ayakkabı	20
422	357	Kadın Ayakkabı	Spor Ayakkabı	20
423	357	Kadın Ayakkabı	Topuklu Ayakkabı	20
424	357	Kadın Ayakkabı	Ev Ayakkabısı	20
425	357	Kadın Ayakkabı	Abiye Ayakkabı	20
426	357	Kadın Ayakkabı	Babet	20
427	357	Kadın Ayakkabı	Sandalet	20
428	357	Kadın Ayakkabı	Terlik	20
429	358	Kadın Çanta	Sırt Çantası	20
430	358	Kadın Çanta	Omuz Çantası	20
431	358	Kadın Çanta	Çapraz Çanta	20
432	358	Kadın Çanta	Seyahat Çantası	20
433	358	Kadın Çanta	Portföy Çanta	20
434	358	Kadın Çanta	Clutch	20
435	358	Kadın Çanta	Abiye Çanta	20
436	358	Kadın Çanta	Cüzdan	20
437	358	Kadın Çanta	Kartlık Cüzdan	20
438	358	Kadın Çanta	Makyaj Çantası	20
439	358	Kadın Çanta	Bel Çantası	20
440	359	Tesettür Giyim	Tunik	20
441	359	Tesettür Giyim	Elbise	20
442	359	Tesettür Giyim	Abiye	20
443	359	Tesettür Giyim	Etek	20
444	359	Tesettür Giyim	Ferace & Abaya	20
445	359	Tesettür Giyim	Kap Pardesü	20
446	359	Tesettür Giyim	Trençkot & Giy-çık	20
447	359	Tesettür Giyim	Hırka	20
448	359	Tesettür Giyim	Yelek	20
449	359	Tesettür Giyim	Gömlek	20
450	359	Tesettür Giyim	Bluz	20
451	359	Tesettür Giyim	Body	20
452	359	Tesettür Giyim	Ceket	20
453	359	Tesettür Giyim	Pantolon	20
454	359	Tesettür Giyim	Eşofman	20
455	359	Tesettür Giyim	Tulum	20
456	359	Tesettür Giyim	Mont	20
457	359	Tesettür Giyim	Kaban	20
458	359	Tesettür Giyim	Panço	20
459	359	Tesettür Giyim	Takım	20
460	359	Tesettür Giyim	Kazak	20
461	359	Tesettür Giyim	Tessüttür Mayo	20
462	359	Tesettür Giyim	Baş Örtüsü	20
463	360	Kadın Büyük Beden	Büyük Beden Abiye	20
464	360	Kadın Büyük Beden	Büyük Beden Elbise	20
465	360	Kadın Büyük Beden	Büyük Beden Etek	20
466	360	Kadın Büyük Beden	Büyük Beden Tunik	20
467	360	Kadın Büyük Beden	Büyük Beden Kaban	20
468	360	Kadın Büyük Beden	Büyük Beden Pantolon	20
469	360	Kadın Büyük Beden	Büyük Beden Bluz	20
470	360	Kadın Büyük Beden	Büyük Beden T-Shirt	20
471	360	Kadın Büyük Beden	Büyük Beden Ceket	20
472	360	Kadın Büyük Beden	Büyük Beden Gömlek	20
473	360	Kadın Büyük Beden	Büyük Beden Eşofman	20
474	360	Kadın Büyük Beden	Büyük Beden Mont	20
475	360	Kadın Büyük Beden	Büyük Beden Tayt	20
476	360	Kadın Büyük Beden	Büyük Beden Şort	20
477	360	Kadın Büyük Beden	Büyük Beden Trençkot	20
478	360	Kadın Büyük Beden	Büyük Beden Yelek	20
479	360	Kadın Büyük Beden	Büyük Beden Tulum	20
480	361	Kadın Aksesuar	Eldiven	20
481	361	Kadın Aksesuar	Şal	20
482	361	Kadın Aksesuar	Şemsiye	20
483	361	Kadın Aksesuar	Saç Aksesuarları	20
484	361	Kadın Aksesuar	Gelin Aksesuarları	20
485	361	Kadın Aksesuar	Şapka & Bere	20
486	361	Kadın Aksesuar	Kemer	20
487	361	Kadın Aksesuar	Peluş Kulaklık	20
488	361	Kadın Aksesuar	Çanta Aksesuarları	20
489	361	Kadın Aksesuar	Aksesuar Seti	20
490	361	Kadın Aksesuar	Anahtarlık	20
491	361	Kadın Aksesuar	Mezuniyet cübbesi	20
492	362	Giyim	T-Shirt	20
493	362	Giyim	Gömlek	20
494	362	Giyim	Pantolon	20
495	362	Giyim	Ceket	20
496	362	Giyim	Takım Elbise	20
497	362	Giyim	Sweatshirt	20
498	362	Giyim	Şort	20
499	362	Giyim	Plaj Giyim	20
500	362	Giyim	Eşofman	20
501	362	Giyim	Yelek	20
502	362	Giyim	Trençkot & Yağmurluk	20
503	362	Giyim	Mont	20
504	362	Giyim	Hırka & Süveter	20
505	362	Giyim	Kazak	20
506	362	Giyim	Kaban & Parka	20
507	362	Giyim	Mezuniyet Cübbesi	20
508	363	İç Giyim	Pijama & Sabahlık	20
509	363	İç Giyim	Ev Giyim	20
510	363	İç Giyim	Fanila / Atlet	20
511	363	İç Giyim	Slip / Boxer / Külot	20
512	363	İç Giyim	Termai İç giyim	20
513	363	İç Giyim	İçlik	20
514	363	İç Giyim	Çorap	20
515	363	İç Giyim	Erkek Fantezi İçgiyim	20
516	364	Erkek Büyük Beden	Mont & Kaban	20
517	364	Erkek Büyük Beden	Tişört	20
518	364	Erkek Büyük Beden	Eşofman & Sweatshirt	20
519	364	Erkek Büyük Beden	Gömlek	20
520	364	Erkek Büyük Beden	Pantolon & Şort	20
521	364	Erkek Büyük Beden	Ceket & Deri Ceket	20
522	364	Erkek Büyük Beden	Takım Elbise	20
523	364	Erkek Büyük Beden	Triko	20
524	365	Erkek Ayakkabı	Bot & Çizme	20
525	365	Erkek Ayakkabı	Klasik Ayakkabı	20
526	365	Erkek Ayakkabı	Günlük Ayakkabı	20
527	365	Erkek Ayakkabı	Spor Ayakkabı	20
528	365	Erkek Ayakkabı	Sandalet	20
529	365	Erkek Ayakkabı	Terlik	20
530	366	Erkek Aksesuar	Kemer	20
531	366	Erkek Aksesuar	Kravat	20
532	366	Erkek Aksesuar	Papyon	20
533	366	Erkek Aksesuar	Mendil	20
534	366	Erkek Aksesuar	Aksesuar Seti	20
535	366	Erkek Aksesuar	Pantolon Askısı	20
536	366	Erkek Aksesuar	Şapka	20
537	366	Erkek Aksesuar	Şemsiye	20
538	366	Erkek Aksesuar	Atkı	20
539	366	Erkek Aksesuar	Bere	20
540	366	Erkek Aksesuar	Eldiven	20
541	366	Erkek Aksesuar	Anahtarlık	20
542	367	Erkek Çanta & Cüzdan	Sırt Çantası	20
543	367	Erkek Çanta & Cüzdan	Postacı Çantası	20
544	367	Erkek Çanta & Cüzdan	Omuz Çantası	20
545	367	Erkek Çanta & Cüzdan	Spor Çanta	20
546	367	Erkek Çanta & Cüzdan	Seyahat Çantası	20
547	367	Erkek Çanta & Cüzdan	Evrak Çantası	20
548	367	Erkek Çanta & Cüzdan	El Çantası	20
549	367	Erkek Çanta & Cüzdan	Bel Çantası	20
550	367	Erkek Çanta & Cüzdan	Cüzdan	20
551	367	Erkek Çanta & Cüzdan	Kartlık	20
745	368	Kız Çocuk Ürünleri	Kız Çocuk Giyim	20
746	368	Kız Çocuk Ürünleri	Kız Çocuk Ayakkabı	20
747	368	Kız Çocuk Ürünleri	Kız Çocuk Aksesuar	20
748	368	Kız Çocuk Ürünleri	Kız Çocuk İç Giyim	20
749	369	Erkek Çocuk Ürünleri	Erkek Çocuk Giyim	20
750	369	Erkek Çocuk Ürünleri	Erkek Çocuk Ayakkabı	20
751	369	Erkek Çocuk Ürünleri	Erkek Çocuk Aksesuar Ürünleri	20
752	369	Erkek Çocuk Ürünleri	Erkek Çocuk İç Giyim	20
552	379	Elbise	Günlük Elbise	20
553	379	Elbise	Gece Elbisesi	20
554	379	Elbise	Abiye Elbise	20
555	379	Elbise	Mezuniyet	20
556	379	Elbise	Uzun Elbise	20
557	379	Elbise	Düğün Elbisesi	20
558	379	Elbise	Yazlık Elbise	20
559	380	Pantolon	Günlük Pantolon	20
560	380	Pantolon	Boru Paça Pantolon	20
561	380	Pantolon	Dar Paça Pantolon	20
562	380	Pantolon	Deri Pantolon	20
563	380	Pantolon	İspanyol Paça Pantolon	20
564	380	Pantolon	Kargo Pantolon	20
565	380	Pantolon	Keten Pantolon	20
566	380	Pantolon	Kot Pantolon	20
567	380	Pantolon	Kumaş Pantolon	20
568	380	Pantolon	Şalvar Pantolon	20
569	380	Pantolon	Yüksek Bel Pantolon	20
570	380	Pantolon	Tayt Pantolon	20
571	381	Etek	Günlük Etek	20
572	381	Etek	Deri Etek	20
573	381	Etek	Kalem Etek	20
574	381	Etek	Kloş Etek	20
575	381	Etek	Mini Etek	20
576	381	Etek	Pileli Etek	20
577	381	Etek	Uzun Etek	20
578	381	Etek	Yırtmaçlı Etek	20
579	381	Etek	Kot Etek	20
580	382	Tulum	Günlük Tulum	20
581	382	Tulum	Abiye Tulum	20
582	383	T-Shirt	Bisiklet Yaka	20
583	383	T-Shirt	Polo Yaka	20
584	383	T-Shirt	Kapüşonlu	20
585	383	T-Shirt	V Yaka	20
586	388	Tayt	Spor Tayt	20
587	388	Tayt	Günlük Tayt	20
588	389	Sweatshirt	Bisiklet Yaka	20
589	389	Sweatshirt	Boğazlı (Balıkçı) Yaka	20
590	389	Sweatshirt	V Yaka	20
591	389	Sweatshirt	Kapüşonlu	20
592	389	Sweatshirt	Polo Yaka	20
593	390	Eşofman	Eşofman Takımı	20
594	390	Eşofman	Eşofman Altı	20
595	390	Eşofman	Eşofman Üstü	20
596	391	Mont, Kaban	Kaztüyü Mont & Parka	20
597	391	Mont, Kaban	Kaşe Kaban	20
598	391	Mont, Kaban	Trençkot	20
599	391	Mont, Kaban	Kapitone İnce Mont	20
600	391	Mont, Kaban	Manto	20
601	391	Mont, Kaban	Yağmurluk & Anorak	20
602	392	Triko & Kazak	Hırka	20
603	392	Triko & Kazak	Kazak	20
604	392	Triko & Kazak	Örme Yelek	20
605	392	Triko & Kazak	Pelerin	20
606	393	Ceket & Yelek	Günlük Ceket	20
607	393	Ceket & Yelek	Kot Ceket	20
608	393	Ceket & Yelek	Deri & Suni Deri Ceket	20
609	393	Ceket & Yelek	Kürk & suni kürk	20
610	393	Ceket & Yelek	Yelek	20
611	393	Ceket & Yelek	Spor Ceket	20
612	393	Ceket & Yelek	Blazer Ceket	20
613	393	Ceket & Yelek	Bolero	20
614	399	Külot	Külot	20
615	399	Külot	Boxer	20
616	399	Külot	Tanga,String	20
617	399	Külot	Çoklu Paket Külotlar	20
618	400	Sütyen	Yapıştırmalı Slikon Sütyen	20
619	400	Sütyen	Günlük Sütyen	20
620	400	Sütyen	Desteksiz Sütyen	20
621	400	Sütyen	Toparlayıcı / Küçültücü	20
622	400	Sütyen	Spor Sütyeni	20
623	400	Sütyen	Destekli / Push Up	20
624	400	Sütyen	Balensiz Sütyen	20
625	400	Sütyen	Straplez / Çıkarılabilir Askılı	20
626	406	Çorap	Külotlu Çorap	20
627	406	Çorap	Dizaltı	20
628	406	Çorap	Soket Çorap	20
629	406	Çorap	Çorap Tayt	20
630	406	Çorap	Dizüstü	20
631	412	Fantezi İç Giyim	Fantezi Kostüm	20
632	412	Fantezi İç Giyim	Jartiyer Takım	20
633	412	Fantezi İç Giyim	Jartiyer Çorabı	20
634	412	Fantezi İç Giyim	Vücut Çorabı	20
635	419	Bot	Klasik Bot	20
636	419	Bot	Bootie	20
637	419	Bot	Kar Botu	20
638	419	Bot	Dolgu Topuk	20
639	419	Bot	Topuklu Bot	20
640	420	Çizme	Klasik Çizme	20
641	420	Çizme	Topuklu Çizme	20
642	420	Çizme	Yağmur Çizmesi	20
643	421	Günlük Ayakkabı	Espadril	20
644	421	Günlük Ayakkabı	Günlük Ayakkabı	20
645	421	Günlük Ayakkabı	Loafer	20
646	421	Günlük Ayakkabı	Oxford Kadın Ayakkabı	20
647	422	Spor Ayakkabı	Günlük	20
648	422	Spor Ayakkabı	Trekking	20
649	422	Spor Ayakkabı	Yürüyüş - Koşu	20
650	422	Spor Ayakkabı	Sneakers	20
651	423	Topuklu Ayakkabı	Dolgu Topuk	20
652	423	Topuklu Ayakkabı	Platform Ayakkabı	20
653	423	Topuklu Ayakkabı	Stiletto	20
654	423	Topuklu Ayakkabı	Orta Boy Topuklu	20
655	423	Topuklu Ayakkabı	Yüksek Topuklu	20
656	424	Ev Ayakkabısı	Panduf	20
657	425	Abiye Ayakkabı	Abiye Ayakkabı	20
658	425	Abiye Ayakkabı	Gelinlik Ayakabısı	20
659	427	Sandalet	Dolgu Topuk	20
660	427	Sandalet	Topuksuz Sandalet	20
661	427	Sandalet	Platform Sandalet	20
662	427	Sandalet	Topuklu	20
663	428	Terlik	Dolgu Topuk Terlik	20
664	428	Terlik	Parmak Arası Terlik	20
665	428	Terlik	Sabo Terlik	20
666	428	Terlik	Topuklu Terlik	20
667	428	Terlik	Ev Terliği	20
668	492	T-Shirt	Polo Yaka	20
669	492	T-Shirt	V Yaka	20
670	492	T-Shirt	Bisiklet Yak	20
671	492	T-Shirt	Kapüşonlu	20
672	493	Gömlek	Klasik	20
673	493	Gömlek	Spor	20
674	493	Gömlek	Kot Gömlek	20
675	493	Gömlek	Hakim Yaka	20
676	494	Pantolon	Günlük Pantolon	20
677	494	Pantolon	Kot Pantolon	20
678	494	Pantolon	Klasik	20
679	494	Pantolon	Keten Pantolon	20
680	494	Pantolon	Kargo Pantolon	20
681	494	Pantolon	Kanvas Pantolon	20
682	494	Pantolon	Kadife Pantolon	20
683	495	Ceket	Kot Ceket	20
684	495	Ceket	Deri Ceket	20
685	495	Ceket	Blazer	20
686	495	Ceket	Klasik Ceket	20
687	497	Sweatshirt	Bisiklet Yaka	20
688	497	Sweatshirt	Polo Yaka	20
689	497	Sweatshirt	Kapüşonlu	20
690	497	Sweatshirt	V Yaka	20
691	497	Sweatshirt	Boğazlı (Balıkçı) Yaka	20
692	498	Şort	Bermuda	20
693	498	Şort	Kargo Şort	20
694	498	Şort	Kısa Şort	20
695	498	Şort	Kot Şort	20
696	498	Şort	Günlük Şort	20
697	499	Plaj Giyim	Mayo	20
698	499	Plaj Giyim	Mayo Şort	20
699	500	Eşofman	Eşofman Takımı	20
700	500	Eşofman	Eşofman Altı	20
701	500	Eşofman	Eşofman Üstü	20
702	502	Trençkot & Yağmurluk	Trençkot	20
703	502	Trençkot & Yağmurluk	Yağmurluk	20
704	503	Mont	Şişme Mont	20
705	503	Mont	Günlük Mont	20
706	504	Hırka & Süveter	Günlük Hırka	20
707	504	Hırka & Süveter	Süveter	20
708	505	Kazak	Boğazlı (Balıkçı) Yaka	20
709	505	Kazak	V Yaka	20
710	505	Kazak	Bisiklet Yaka	20
711	505	Kazak	Triko	20
712	505	Kazak	Polo Yaka	20
713	505	Kazak	Kapüşonlu	20
714	506	Kaban & Parka	Spor Kaban	20
715	506	Kaban & Parka	Kaz Tüyü Kaban & Parka	20
716	506	Kaban & Parka	Kaşe Kaban	20
717	506	Kaban & Parka	Parka	20
718	506	Kaban & Parka	Trenchcoat	20
719	506	Kaban & Parka	İş Giyim	20
720	508	Pijama & Sabahlık	Sabahlık	20
721	508	Pijama & Sabahlık	Pijama Takımı	20
722	510	Fanila / Atlet	Sporcu Atlet	20
723	510	Fanila / Atlet	V Yaka Atlet	20
724	510	Fanila / Atlet	Bisiklet Yaka Atlet	20
725	510	Fanila / Atlet	U Yaka Atlet	20
726	510	Fanila / Atlet	Fanila	20
727	510	Fanila / Atlet	Atlet	20
728	511	Slip / Boxer / Külot	Slip	20
729	511	Slip / Boxer / Külot	Boxer	20
730	511	Slip / Boxer / Külot	Külot	20
731	514	Çorap	Klasik	20
732	514	Çorap	Spor	20
733	526	Günlük Ayakkabı	Casual Ayakkabı	20
734	526	Günlük Ayakkabı	Loafer	20
735	526	Günlük Ayakkabı	Oxford	20
736	527	Spor Ayakkabı	Günlük	20
737	527	Spor Ayakkabı	Yürüyüş - Koşu	20
738	527	Spor Ayakkabı	Outdoor / Trekking	20
739	527	Spor Ayakkabı	Basketbol	20
740	527	Spor Ayakkabı	Krampon	20
741	527	Spor Ayakkabı	Sneakers	20
742	529	Terlik	Parmak Arası	20
743	529	Terlik	Günlük Terlik	20
744	529	Terlik	Ev Terliği	20
759	753	Takı	Erkek Takı	20
760	753	Takı	Kadın Takı	20
761	753	Takı	Kişiye Özel Takılar	20
762	754	Mücevher ve Değerli Taş	Erkek Mücevher	15
763	754	Mücevher ve Değerli Taş	Kadın Mücevher	15
764	754	Mücevher ve Değerli Taş	Değerli Taşlar	15
765	754	Mücevher ve Değerli Taş	Bebek Takıları	15
766	755	Saat	Erkek Kol Saatleri	20
767	755	Saat	Kadın Kol Saatleri	20
768	755	Saat	Unisex Kol Saatleri	20
769	755	Saat	Çocuk Saatleri	20
770	755	Saat	Saat Aksesuarları	20
771	756	Gözlük	Erkek Güneş Gözlükleri	20
772	756	Gözlük	Kadın Güneş Gözlükleri	20
773	756	Gözlük	Unisex Güneş Gözlükleri	20
774	756	Gözlük	Çocuk Güneş Gözlükleri	20
775	756	Gözlük	Gözlük Aksesuarları	20
776	757	Ziynet ve Külçe Altın	Ziynet Altın	5
777	757	Ziynet ve Külçe Altın	Cumhuriyet Altını	5
778	757	Ziynet ve Külçe Altın	Gram ve Külçe Altın	5
779	758	Gümüş	Erkek Gümüş	20
780	758	Gümüş	Kadın Gümüş	20
781	758	Gümüş	Çocuk Gümüş	20
782	759	Erkek Takı	Yüzük	20
783	759	Erkek Takı	Bileklik	20
784	759	Erkek Takı	Kolye	20
785	759	Erkek Takı	Küpe	20
786	759	Erkek Takı	Tesbih	20
787	759	Erkek Takı	Kol Düğmesi	20
788	759	Erkek Takı	Kravat İğnesi	20
789	760	Kadın Takı	Bileklik	20
790	760	Kadın Takı	Bilezik	20
791	760	Kadın Takı	Kolye	20
792	760	Kadın Takı	Küpe	20
793	760	Kadın Takı	Takı Setleri	20
794	760	Kadın Takı	Yüzük	20
795	760	Kadın Takı	Broş, Taç ve Tarak	20
796	760	Kadın Takı	Halhal	20
797	760	Kadın Takı	Hızma	20
798	760	Kadın Takı	Piercing	20
799	760	Kadın Takı	Saç Aksesuarları	20
800	760	Kadın Takı	Takı Kutusu	20
801	760	Kadın Takı	Vücut Zinciri	20
802	760	Kadın Takı	Çelik Takılar	20
803	760	Kadın Takı	Dövme Takı	20
804	760	Kadın Takı	Şahmeran	20
805	761	Kişiye Özel Takılar	Yüzük	20
806	761	Kişiye Özel Takılar	Kolye	20
807	761	Kişiye Özel Takılar	Küpe	20
808	761	Kişiye Özel Takılar	Tesbih	20
809	761	Kişiye Özel Takılar	Kol Düğmesi	20
810	761	Kişiye Özel Takılar	Kravat İğnesi	20
811	761	Kişiye Özel Takılar	Bileklik ve Künye	20
812	762	Erkek Mücevher	Altın Yüzük	20
813	762	Erkek Mücevher	Altın Bileklik	20
814	762	Erkek Mücevher	Altın Kolye	20
815	762	Erkek Mücevher	Altın Küpe	20
816	762	Erkek Mücevher	Altın Tesbih	20
817	762	Erkek Mücevher	Altın Kol Düğmesi	20
818	762	Erkek Mücevher	Altın Kravat İğnesi	20
819	763	Kadın Mücevher	Altın Bileklik	20
820	763	Kadın Mücevher	Altın Bilezik	20
821	763	Kadın Mücevher	Altın Künye	20
822	763	Kadın Mücevher	Altın Kolye	20
823	763	Kadın Mücevher	Altın Küpe	20
824	763	Kadın Mücevher	Altın Takı Setleri	20
825	763	Kadın Mücevher	Altın Yüzük	20
826	763	Kadın Mücevher	Altın Broş, Taç ve Tarak	20
827	763	Kadın Mücevher	Altın Halhal	20
828	763	Kadın Mücevher	Altın Hızma	20
829	763	Kadın Mücevher	Altın Piercing	20
830	763	Kadın Mücevher	Altın Saç Aksesuarları	20
831	763	Kadın Mücevher	Altın Vücut Zinciri	20
832	763	Kadın Mücevher	Altın Şahmeran	20
833	765	Bebek Takıları	Altın Emzik ve Biberon	15
834	765	Bebek Takıları	Altın İğneler	15
835	765	Bebek Takıları	Altın Bebek Bilezik - Bileklik - Künye	15
836	765	Bebek Takıları	Altın Nazar Boncukları	15
837	776	Ziynet Altın	Çeyrek Altın	5
838	776	Ziynet Altın	Yarım Altın	5
839	776	Ziynet Altın	Tam Altın	5
840	778	Gram ve Külçe Altın	22 Ayar Gram Altın	5
841	778	Gram ve Külçe Altın	24 Ayar gram Altın	5
842	778	Gram ve Külçe Altın	Külçe Altın	5
7218	778	Gram ve Külçe Altın	Gram ve Külçe Gümüş	5
843	779	Erkek Gümüş	Yüzük	20
844	779	Erkek Gümüş	Bileklik	20
845	779	Erkek Gümüş	Kolye	20
846	779	Erkek Gümüş	Küpe	20
847	779	Erkek Gümüş	Tesbih	20
848	779	Erkek Gümüş	Kol Düğmesi	20
849	779	Erkek Gümüş	Kravat İğnesi	20
850	780	Kadın Gümüş	Bileklik	20
851	780	Kadın Gümüş	Bilezik	20
852	780	Kadın Gümüş	Kolye	20
853	780	Kadın Gümüş	Küpe	20
854	780	Kadın Gümüş	Takı Setleri	20
855	780	Kadın Gümüş	Yüzük	20
856	780	Kadın Gümüş	Broş, Taç ve Tarak	20
857	780	Kadın Gümüş	Halhal	20
858	780	Kadın Gümüş	Hızma	20
859	780	Kadın Gümüş	Piercing	20
860	780	Kadın Gümüş	Saç Aksesuarları	20
861	780	Kadın Gümüş	Vücut Zinciri	20
862	780	Kadın Gümüş	Şahmeran	20
864	781	Çocuk Gümüş	Gümüş Emzik ve Biberon	20
865	781	Çocuk Gümüş	Gümüş İğneler	20
866	781	Çocuk Gümüş	Gümüş Bebek Bilezik - Bileklik - Künye	20
867	781	Çocuk Gümüş	Gümüş Nazar Boncukları	20
869	868	Kozmetik	Parfüm	17
880	868	Kozmetik	Cilt Bakımı	17
922	868	Kozmetik	Makyaj Ürünleri	17
964	868	Kozmetik	Güneş Ürünleri	17
965	868	Kozmetik	Güneş Krem ve Losyonları	17
976	868	Kozmetik	Güneş Sonrası Ürünler	17
984	868	Kozmetik	Bronzlaştırıcılar	17
993	868	Kozmetik	Çocuk Güneş Ürünleri	17
870	869	Parfüm	Erkek Parfüm	17
874	869	Parfüm	Kadın Parfüm	17
879	869	Parfüm	Çocuk Parfüm	17
871	870	Erkek Parfüm	Parfüm	17
872	870	Erkek Parfüm	Setler	17
873	870	Erkek Parfüm	Parfüm Deodorantlar	17
875	874	Kadın Parfüm	Parfüm	17
876	874	Kadın Parfüm	Setler	17
877	874	Kadın Parfüm	Parfüm Deodorantlar	17
878	874	Kadın Parfüm	Vücut Spreyi & Parfümü	17
881	880	Cilt Bakımı	Yüz Bakımı	17
901	880	Cilt Bakımı	Göz Bakımı	17
908	880	Cilt Bakımı	Dudak Bakımı	17
909	880	Cilt Bakımı	Vücut Bakımı	17
915	880	Cilt Bakımı	Cilt Bakım Ürünleri	17
916	880	Cilt Bakımı	El, Ayak & Tırnak Bakımı	17
919	880	Cilt Bakımı	Erkek Bakım Ürünleri	17
920	880	Cilt Bakımı	Cilt Bakım Setleri	17
921	880	Cilt Bakımı	Dermokozmetik	17
882	881	Yüz Bakımı	Nemlendiriciler	17
883	881	Yüz Bakımı	Anti-aging / Kırışıklık Karşıtı	17
889	881	Yüz Bakımı	Temizleyiciler ve Tonikler	17
895	881	Yüz Bakımı	Akne / Gözenek Kontrolü	17
896	881	Yüz Bakımı	Maskeler	17
897	881	Yüz Bakımı	Peeling Ürünleri	17
898	881	Yüz Bakımı	Leke Gidericiler	17
899	881	Yüz Bakımı	Boyun ve Dekolte Bakımı	17
900	881	Yüz Bakımı	Yüz Temizleme Cihazları	17
884	883	Anti-aging / Kırışıklık Karşıtı	Gündüz Kremleri	17
885	883	Anti-aging / Kırışıklık Karşıtı	Gece Kremleri	17
886	883	Anti-aging / Kırışıklık Karşıtı	Serumlar	17
887	883	Anti-aging / Kırışıklık Karşıtı	Kırışıklık Karşıtı Ürünler	17
888	883	Anti-aging / Kırışıklık Karşıtı	Setler	17
890	889	Temizleyiciler ve Tonikler	Temizleyici Mendiller ve Bantlar	17
891	889	Temizleyiciler ve Tonikler	Jel ve Sabunlar	17
892	889	Temizleyiciler ve Tonikler	Köpük	17
893	889	Temizleyiciler ve Tonikler	Krem/Süt	17
894	889	Temizleyiciler ve Tonikler	Tonikler	17
902	901	Göz Bakımı	Göz Kremi	17
903	901	Göz Bakımı	Göz Anti-Aging Bakımı	17
904	901	Göz Bakımı	Göz Altı Torbası & Morluk Bakımı	17
905	901	Göz Bakımı	Göz Serumu	17
906	901	Göz Bakımı	Göz Maskesi	17
907	901	Göz Bakımı	Kaş & Kirpik Bakımı	17
910	909	Vücut Bakımı	Nemlendiriciler	17
911	909	Vücut Bakımı	Temizleyiciler	17
912	909	Vücut Bakımı	Selülit Giderici / Sıkılaştırıcılar ve Çatlak Bakımı	17
913	909	Vücut Bakımı	Göğüs Bakım Ürünleri	17
914	909	Vücut Bakımı	Peeling Ürünleri	17
917	916	El, Ayak & Tırnak Bakımı	El Kremi	17
918	916	El, Ayak & Tırnak Bakımı	Ayak Bakım Ürünleri	17
923	922	Makyaj Ürünleri	Yüz	17
936	922	Makyaj Ürünleri	Gözler	17
945	922	Makyaj Ürünleri	Dudaklar	17
949	922	Makyaj Ürünleri	Tırnaklar	17
955	922	Makyaj Ürünleri	Makyaj Temizleyiciler	17
958	922	Makyaj Ürünleri	Makyaj Fırça ve Aksesuarlar	17
963	922	Makyaj Ürünleri	Makyaj Setleri	17
924	923	Yüz	Fondöten	17
928	923	Yüz	Pudra	17
929	923	Yüz	Kapatıcı	17
930	923	Yüz	Makyaj Bazları	17
931	923	Yüz	Aydınlatıcılar	17
932	923	Yüz	Allıklar	17
933	923	Yüz	BB Kremler	17
934	923	Yüz	CC Kremler	17
935	923	Yüz	DD Kremler	17
925	924	Fondöten	Pudra	17
926	924	Fondöten	Krem	17
927	924	Fondöten	Likit	17
937	936	Gözler	Maskara	17
938	936	Gözler	Eyeliner	17
939	936	Gözler	Göz Farı	17
940	936	Gözler	Göz Kalemi	17
941	936	Gözler	Göz Makyaj Temizleyicileri	17
942	936	Gözler	Takma Kirpikler	17
943	936	Gözler	Kaş Makyajı	17
944	936	Gözler	Kapatıcılar	17
946	944	Kapatıcılar	Rujlar	17
947	944	Kapatıcılar	Dudak Kalemleri	17
948	944	Kapatıcılar	Dudak Parlatıcıları	17
4216	945	Dudaklar	Rujlar	17
4221	945	Dudaklar	Dudak Parlatıcıları	17
4224	945	Dudaklar	Dudak Kalemleri	17
950	949	Tırnaklar	Oje	17
951	949	Tırnaklar	Aseton	17
952	949	Tırnaklar	Oje Kurutucu	17
953	949	Tırnaklar	Takma Tırnak	17
954	949	Tırnaklar	Tırnak Bakımı	17
956	955	Makyaj Temizleyiciler	Makyaj Temizleme Ürünleri	17
957	955	Makyaj Temizleyiciler	Makyaj Temizleme Mendilleri & Pamukları	17
959	958	Makyaj Fırça ve Aksesuarlar	Güneş Krem ve Losyonları	17
960	958	Makyaj Fırça ve Aksesuarlar	Güneş Sonrası Ürünler	17
961	958	Makyaj Fırça ve Aksesuarlar	Bronzlaştırıcılar	17
962	958	Makyaj Fırça ve Aksesuarlar	Çocuk Güneş Ürünleri	17
966	965	Güneş Krem ve Losyonları	Krem	17
967	965	Güneş Krem ve Losyonları	Sprey	17
968	965	Güneş Krem ve Losyonları	Losyon	17
969	965	Güneş Krem ve Losyonları	Süt	17
970	965	Güneş Krem ve Losyonları	Yağ	17
971	965	Güneş Krem ve Losyonları	Jel	17
972	965	Güneş Krem ve Losyonları	Bb Krem	17
973	965	Güneş Krem ve Losyonları	Köpük	17
974	965	Güneş Krem ve Losyonları	Stick	17
975	965	Güneş Krem ve Losyonları	Su	17
977	976	Güneş Sonrası Ürünler	Losyon	17
978	976	Güneş Sonrası Ürünler	Krem	17
979	976	Güneş Sonrası Ürünler	Sprey	17
980	976	Güneş Sonrası Ürünler	Jel	17
981	976	Güneş Sonrası Ürünler	Süt	17
982	976	Güneş Sonrası Ürünler	Balsam	17
983	976	Güneş Sonrası Ürünler	Yağ	17
985	984	Bronzlaştırıcılar	Yağ	17
986	984	Bronzlaştırıcılar	Krem	17
987	984	Bronzlaştırıcılar	Sprey	17
988	984	Bronzlaştırıcılar	Süt	17
989	984	Bronzlaştırıcılar	Losyon	17
990	984	Bronzlaştırıcılar	Jel	17
991	984	Bronzlaştırıcılar	Mendil	17
992	984	Bronzlaştırıcılar	Su	17
994	993	Çocuk Güneş Ürünleri	Krem	17
995	993	Çocuk Güneş Ürünleri	Sprey	17
996	993	Çocuk Güneş Ürünleri	Losyon	17
997	993	Çocuk Güneş Ürünleri	Süt	17
998	993	Çocuk Güneş Ürünleri	Köpük	17
999	993	Çocuk Güneş Ürünleri	Yağ	17
1001	1000	Kişisel Bakım	Kişisel Bakım Ürünleri	17
1002	1001	Kişisel Bakım Ürünleri	Erkek Tıraş Ürünleri	17
1010	1001	Kişisel Bakım Ürünleri	Ağız Bakım Ürünleri	17
1016	1001	Kişisel Bakım Ürünleri	Epilasyon & Ağda	17
1025	1001	Kişisel Bakım Ürünleri	Saç Bakım Ürünleri	17
1040	1001	Kişisel Bakım Ürünleri	Aile Planlaması Ürünleri	17
1044	1001	Kişisel Bakım Ürünleri	Sağlık Ürünleri	17
1064	1001	Kişisel Bakım Ürünleri	Duş ve Banyo Ürünleri	17
1072	1001	Kişisel Bakım Ürünleri	Ayak & Tırnak Bakımı	17
1079	1001	Kişisel Bakım Ürünleri	Kadın Pedleri & Hijyen Ürünleri	17
1083	1001	Kişisel Bakım Ürünleri	Deodorant	17
1086	1001	Kişisel Bakım Ürünleri	Medikal Ürünler	17
1090	1001	Kişisel Bakım Ürünleri	Besin Takviyeleri	17
1091	1001	Kişisel Bakım Ürünleri	Kişisel Bakım Aletleri	17
1093	1001	Kişisel Bakım Ürünleri	Güzellik Salonu & Kuaför Ürünleri	17
1102	1001	Kişisel Bakım Ürünleri	Hotel, Restoran & Cafe İhtiyaçları	17
1112	1001	Kişisel Bakım Ürünleri	Masaj, Spa & Wellness	17
1113	1001	Kişisel Bakım Ürünleri	Yetişkin Ürünler +18	17
1115	1001	Kişisel Bakım Ürünleri	Yetişkin Ürünler +19	17
1117	1001	Kişisel Bakım Ürünleri	Yetişkin Ürünler +20	17
1119	1001	Kişisel Bakım Ürünleri	Yetişkin Ürünler +21	17
1121	1001	Kişisel Bakım Ürünleri	Yetişkin Ürünler +22	17
1123	1001	Kişisel Bakım Ürünleri	Yetişkin Ürünler +23	17
1125	1001	Kişisel Bakım Ürünleri	Yetişkin Ürünler +24	17
1127	1001	Kişisel Bakım Ürünleri	Yetişkin Ürünler +25	17
4208	1001	Kişisel Bakım Ürünleri	Cerrahi Maskeler	17
1003	1002	Erkek Tıraş Ürünleri	Tıraş Makinesi	17
1004	1002	Erkek Tıraş Ürünleri	Saç Sakal Kesme,Tüy Temizleme Makineleri	17
1005	1002	Erkek Tıraş Ürünleri	Tıraş Bıçakları Ve Yedekleri	17
1006	1002	Erkek Tıraş Ürünleri	Tıraş Sabun,Krem,Köpük Ve Jelleri	17
1007	1002	Erkek Tıraş Ürünleri	Tıraş Sonrası Ürünler	17
1008	1002	Erkek Tıraş Ürünleri	Tıraş Fırçaları	17
1009	1002	Erkek Tıraş Ürünleri	Tıraş Makinesi Yedek Parçaları	17
1011	1010	Ağız Bakım Ürünleri	Diş Fırçaları	17
1012	1010	Ağız Bakım Ürünleri	Diş Macunları Ve Macun Sıkma Makineleri	17
1013	1010	Ağız Bakım Ürünleri	Diş Parlatıcılar Ve Beyazlatma Sistemleri	17
1014	1010	Ağız Bakım Ürünleri	Diş İpleri	17
1015	1010	Ağız Bakım Ürünleri	Ağız Gargaraları	17
4176	1011	Diş Fırçaları	Elektrikli Diş Fırçaları	17
1017	1016	Epilasyon & Ağda	Epilatörler	17
1018	1016	Epilasyon & Ağda	IPL Cihazları	17
1019	1016	Epilasyon & Ağda	Tüy Dökücüler	17
1020	1016	Epilasyon & Ağda	Ağda Malzemeleri	17
1021	1016	Epilasyon & Ağda	Sir Ağda	17
1022	1016	Epilasyon & Ağda	Kadın Tıraş Ürünleri	17
1023	1016	Epilasyon & Ağda	Kaş-Bıyık Alma Aletleri	17
1024	1016	Epilasyon & Ağda	Epilatör Başlıkları ve Yedek Parçalar	17
1026	1025	Saç Bakım Ürünleri	Saç Şekillendirme Cihazları	17
1027	1025	Saç Bakım Ürünleri	Saç Kurutma Makineleri	17
1028	1025	Saç Bakım Ürünleri	Şampuanlar	17
1029	1025	Saç Bakım Ürünleri	Saç Maskeleri,Bakım Krem,Losyon Ve Spreyleri	17
1030	1025	Saç Bakım Ürünleri	Saç Dökülmesine Karşı Ürünler	17
1031	1025	Saç Bakım Ürünleri	Saç Boyaları Ve Beyazlık Giderici Ürünler	17
1032	1025	Saç Bakım Ürünleri	Saç Kremleri	17
1033	1025	Saç Bakım Ürünleri	Saç Spreyleri	17
1034	1025	Saç Bakım Ürünleri	Saç Fırçaları Ve Aksesuarlar	17
1035	1025	Saç Bakım Ürünleri	Şekillendirici Kremler Ve Waxlar	17
1036	1025	Saç Bakım Ürünleri	Jöleler	17
1037	1025	Saç Bakım Ürünleri	Saç Köpükleri	17
1038	1025	Saç Bakım Ürünleri	Saç Fototerapi Cihazları	17
1039	1025	Saç Bakım Ürünleri	Kuru Şampuanlar	17
1041	1040	Aile Planlaması Ürünleri	Prezervatifler	17
1042	1040	Aile Planlaması Ürünleri	Kayganlaştırıcı Jeller	17
1043	1040	Aile Planlaması Ürünleri	Erotik Masaj Yağları Ve Duş Jelleri	17
1045	1044	Sağlık Ürünleri	Tansiyon Aletleri	17
1046	1044	Sağlık Ürünleri	Form Ürünleri	17
1047	1044	Sağlık Ürünleri	Baskül Ve Teraziler,Vücut Analiz Cihazları	17
1048	1044	Sağlık Ürünleri	Ateş Ölçerler	17
1049	1044	Sağlık Ürünleri	Masaj Aletleri	17
1050	1044	Sağlık Ürünleri	Tens Cihazı	17
1051	1044	Sağlık Ürünleri	Alerji Ve Enfeksiyon Ürünleri	17
1052	1044	Sağlık Ürünleri	Horlama Önleyiciler	17
1053	1044	Sağlık Ürünleri	Pedometreler (Adımsayarlar)	17
1054	1044	Sağlık Ürünleri	Ayak Sağlığı Ve El Terapi Ürünleri	17
1055	1044	Sağlık Ürünleri	Termoforlar Ve Isıtma Ürünleri	17
1056	1044	Sağlık Ürünleri	Kolonyalar	17
1057	1044	Sağlık Ürünleri	Kulak Temizleme Ürünleri	17
1058	1044	Sağlık Ürünleri	İlk Yardım Ürünleri	17
1059	1044	Sağlık Ürünleri	Dezenfektanlar	17
1060	1044	Sağlık Ürünleri	Hasta Temizlik Ürünleri	17
1061	1044	Sağlık Ürünleri	Hasta Bezleri	17
1062	1044	Sağlık Ürünleri	Hava Nemlendirme Cihazları,Oksimetreler	17
1063	1044	Sağlık Ürünleri	Ter Önleyici Pedler	17
1065	1064	Duş ve Banyo Ürünleri	Sabunlar	17
1066	1064	Duş ve Banyo Ürünleri	Duş Jelleri	17
1067	1064	Duş ve Banyo Ürünleri	Banyo Tuzları, Köpükleri ve Yağları	17
1068	1064	Duş ve Banyo Ürünleri	Aynalar ve Banyo Aksesuarları	17
1069	1064	Duş ve Banyo Ürünleri	Banyo Fırçaları, Süngerleri ve Lifleri	17
1070	1064	Duş ve Banyo Ürünleri	Antibakteriyel Sabunlar	17
1071	1064	Duş ve Banyo Ürünleri	Masaj Yağları	17
1073	1072	Ayak & Tırnak Bakımı	Ayak Kokusu Önleme	17
1074	1072	Ayak & Tırnak Bakımı	Nasır ve Mantar Ürünleri	17
1075	1072	Ayak & Tırnak Bakımı	Koruyucu Ürünler	17
1076	1072	Ayak & Tırnak Bakımı	Bakım Cihazları	17
1077	1072	Ayak & Tırnak Bakımı	Diğer Ürünler	17
1078	1072	Ayak & Tırnak Bakımı	Manikür & Pedikür	17
1080	1079	Kadın Pedleri & Hijyen Ürünleri	Genital Bölge Bakımı	17
1081	1079	Kadın Pedleri & Hijyen Ürünleri	Cilt Terapi Ürünleri	17
1082	1079	Kadın Pedleri & Hijyen Ürünleri	Hijyenik Pedler	17
1084	1083	Deodorant	Erkek Deodorant	17
1085	1083	Deodorant	Kadın Deodorant	17
1087	1086	Medikal Ürünler	Ortopedi Ürünleri	17
1088	1086	Medikal Ürünler	Astım Ürünleri Ve Nebulizatörler	17
1089	1086	Medikal Ürünler	Hastane Ve Hasta Bakım Ürünleri	17
1092	1091	Kişisel Bakım Aletleri	Tıraş Makineleri	17
1094	1093	Güzellik Salonu & Kuaför Ürünleri	Salon Mobilyaları	17
1095	1093	Güzellik Salonu & Kuaför Ürünleri	Saç Peruk & Kaynakları	17
1096	1093	Güzellik Salonu & Kuaför Ürünleri	Salon, Makas ve Ekipmanları	17
1097	1093	Güzellik Salonu & Kuaför Ürünleri	El & Ayak Bakım Ürünleri	17
1098	1093	Güzellik Salonu & Kuaför Ürünleri	Boya & Saç Açıcılar	17
1099	1093	Güzellik Salonu & Kuaför Ürünleri	Dövme	17
1100	1093	Güzellik Salonu & Kuaför Ürünleri	Kalıcı Makyaj Cihazları	17
1101	1093	Güzellik Salonu & Kuaför Ürünleri	Güzellik Salonu Makineleri	17
1103	1102	Hotel, Restoran & Cafe İhtiyaçları	Otel Tipi Mini Bar & Kasalar	17
1104	1102	Hotel, Restoran & Cafe İhtiyaçları	Otel Tipi Saç Kurutma Makineleri	17
1105	1102	Hotel, Restoran & Cafe İhtiyaçları	Otel Tipi Kettle Setler	17
1106	1102	Hotel, Restoran & Cafe İhtiyaçları	Otel Tipi Kişisel Bakım Ürünleri	17
1107	1102	Hotel, Restoran & Cafe İhtiyaçları	Otel Banyo Aksesuarları & Ekipmanlar	17
1108	1102	Hotel, Restoran & Cafe İhtiyaçları	Otel Temizlik Araçları	17
1109	1102	Hotel, Restoran & Cafe İhtiyaçları	Kat Ekipmanları	17
1110	1102	Hotel, Restoran & Cafe İhtiyaçları	Yük Taşıma Araçları	17
1111	1102	Hotel, Restoran & Cafe İhtiyaçları	Otel Aydınlatma Ürünleri	17
1130	1129	Hamilelik ve Annelik	Hamilelilk Doğum Öncesi ve Sonrası	16
ı 1131	1130	Hamilelilk Doğum Öncesi ve Sonras	Göğüs Kremi	16
ı 1132	1130	Hamilelilk Doğum Öncesi ve Sonras	Gögüs Pompası ve Aksesuarları	16
ı 1135	1130	Hamilelilk Doğum Öncesi ve Sonras	Emzirme Pedleri & Koruyucular	16
ı 1136	1130	Hamilelilk Doğum Öncesi ve Sonras	Hamile Yastığı	16
ı 1137	1130	Hamilelilk Doğum Öncesi ve Sonras	Hamile Pedleri	16
ı 1138	1130	Hamilelilk Doğum Öncesi ve Sonras	Emzirme Yastığı	16
ı 1139	1130	Hamilelilk Doğum Öncesi ve Sonras	Anne Sütü Saklama Kabı	16
ı 1140	1130	Hamilelilk Doğum Öncesi ve Sonras	Hamile Giyim	16
ı 1153	1130	Hamilelilk Doğum Öncesi ve Sonras	Anne Kozmetik	16
ı 1156	1130	Hamilelilk Doğum Öncesi ve Sonras	Anne İçecekleri	16
1133	1132	Gögüs Pompası ve Aksesuarları	Elektrikli Göğüs Pompaları	16
1134	1132	Gögüs Pompası ve Aksesuarları	Manuel Göğüs Pompaları	16
1141	1140	Hamile Giyim	Külotlu Çorap	16
1142	1140	Hamile Giyim	Lohusa	16
1143	1140	Hamile Giyim	Tishört Sweet Shirt Eşofman	16
1144	1140	Hamile Giyim	Ninniline	16
1145	1140	Hamile Giyim	Külot	16
1146	1140	Hamile Giyim	Gömlek Bluz Tunik	16
1147	1140	Hamile Giyim	Gecelik Pijama	16
1148	1140	Hamile Giyim	Korse Bel Bandı	16
1149	1140	Hamile Giyim	Pantolon Tayt Şort	16
1150	1140	Hamile Giyim	Emzirme Südyeni	16
1151	1140	Hamile Giyim	Emzirme Atleti	16
1152	1140	Hamile Giyim	Elbise Tulum Etek	16
1154	1153	Anne Kozmetik	Çatlak Kremi	16
1155	1153	Anne Kozmetik	Vücut Cilt bakım	16
1158	1157	Bebek Oyuncak	Çıngırak	15
1159	1157	Bebek Oyuncak	Dişlik & Diş halkaları	15
1160	1157	Bebek Oyuncak	Yürüteç Hoppala	15
1161	1157	Bebek Oyuncak	Banyo Oyuncak	15
1162	1157	Bebek Oyuncak	Diğer Bebek Oyuncakları	15
1164	1163	Oto Koltuğu & ana kucağı	Ev Tipi Ana Kucağı	16
1165	1163	Oto Koltuğu & ana kucağı	Oto Koltuğu	16
1166	1163	Oto Koltuğu & ana kucağı	Yükseltici & Aksesuar	16
1167	1163	Oto Koltuğu & ana kucağı	Oto Koltuğu Aksesuarları	16
1174	1168	Bebek Alt Değiştirme	Islak Mendil & Havlu	18
1175	1168	Bebek Alt Değiştirme	Alt Açma	18
1170	1169	Bebek Bezi & Islak Mendil & Havlu	Külot Bez	18
1171	1169	Bebek Bezi & Islak Mendil & Havlu	Mayo Bez	18
1172	1169	Bebek Bezi & Islak Mendil & Havlu	Bantlı Bebek Bezi	18
1173	1169	Bebek Bezi & Islak Mendil & Havlu	Kirli Bebek Bezi Atık Sistemi	18
6992	1169	Bebek Bezi & Islak Mendil & Havlu	Islak Mendil & Havlu	18
1176	1175	Alt Açma	Alt Açma Pedi	18
1177	1175	Alt Açma	Minderi	18
1179	1178	Bebek Giyim	Kız Bebek	20
1211	1178	Bebek Giyim	Erkek Bebek	20
1180	1179	Kız Bebek	Giyim	20
1205	1179	Kız Bebek	Ayakkkabı	20
1181	1180	Giyim	Zıbın Takımı	20
1182	1180	Giyim	Aksesuarlar	20
1183	1180	Giyim	Gömlek Bluz	20
1184	1180	Giyim	Kostüm	20
1185	1180	Giyim	Tishort Sweat Shirt Eşofman	20
1186	1180	Giyim	Etek Elbise	20
1187	1180	Giyim	Pijama tTakımı	20
1188	1180	Giyim	Tulum	20
1189	1180	Giyim	Eldiven Atkı	20
1190	1180	Giyim	İç Çamaşırı	20
1191	1180	Giyim	Çorap	20
1192	1180	Giyim	Alt Üst Takım	20
1193	1180	Giyim	Saç Aksesuarı	20
1194	1180	Giyim	Uyku Tulumu	20
1195	1180	Giyim	Ayakkabı Patik	20
1196	1180	Giyim	Mayo	20
1197	1180	Giyim	Hırka Yelek Kazak	20
1198	1180	Giyim	Hastane Çıkışı Mevlit Takımı	20
1199	1180	Giyim	Bolero	20
1200	1180	Giyim	Mont Kaban Yelek	20
1201	1180	Giyim	Pantolon Şort	20
1202	1180	Giyim	Kravat Papyon	20
1203	1180	Giyim	Şapka Bere Kulaklık	20
1204	1180	Giyim	Body Zıbın	20
1206	1205	Ayakkkabı	Patik Panduf	20
1207	1205	Ayakkkabı	Spor Ayakkabı	20
1208	1205	Ayakkkabı	İlk Adım Ayakkabısı	20
1209	1205	Ayakkkabı	Çizme Bot	20
1210	1205	Ayakkkabı	Babet	20
1212	1211	Erkek Bebek	Giyim	20
1236	1211	Erkek Bebek	Ayakkkabı	20
1213	1212	Giyim	Zıbın Takımı	20
1214	1212	Giyim	Aksesuarlar	20
1215	1212	Giyim	Gömlek Bluz	20
1216	1212	Giyim	Kostüm	20
1217	1212	Giyim	Tishort Sweat Shirt Eşofman	20
1218	1212	Giyim	Pijama Takımı	20
1219	1212	Giyim	Tulum	20
1220	1212	Giyim	Eldiven Atkı	20
1221	1212	Giyim	İç Çamaşırı	20
1222	1212	Giyim	Çorap	20
1223	1212	Giyim	Alt Üst Takım	20
1224	1212	Giyim	Saç Aksesuarı	20
1225	1212	Giyim	Uyku Tulumu	20
1226	1212	Giyim	Ayakkabı Patik	20
1227	1212	Giyim	Mayo	20
1228	1212	Giyim	Hırka Yelek Kazak	20
1229	1212	Giyim	Hastane Çıkışı Mevlit Takımı	20
1230	1212	Giyim	Bolero	20
1231	1212	Giyim	Mont Kaban Yelek	20
1232	1212	Giyim	Pantolon Şort	20
1233	1212	Giyim	Kravat Papyon	20
1234	1212	Giyim	Şapka Bere Kulaklık	20
1235	1212	Giyim	Body Zıbın	20
1237	1236	Ayakkkabı	Patik Panduf	20
1238	1236	Ayakkkabı	Spor Ayakkabı	20
1239	1236	Ayakkkabı	İlk Adım Ayakkabısı	20
1240	1236	Ayakkkabı	Çizme Bot	20
1242	1241	Bebek Güvenliği	Bebek Telsizi	16
1243	1241	Bebek Güvenliği	Kamera	16
1244	1241	Bebek Güvenliği	Kilitli Köşe Koruyucu	16
1245	1241	Bebek Güvenliği	Oto Güvenlik Ürünleri	16
1246	1241	Bebek Güvenliği	Priz Emniyeti	16
1247	1241	Bebek Güvenliği	Yatak Bariyeri ve Korkuluğu	16
1248	1241	Bebek Güvenliği	Bebek Termometreleri	16
1249	1241	Bebek Güvenliği	Güvenlik Kapısı	16
1250	1241	Bebek Güvenliği	Bel Koruyucu	16
1251	1241	Bebek Güvenliği	Emekleme Dizliği	16
1253	1252	Bebek Maması	Biberon maması	13
1254	1252	Bebek Maması	Kaşık maması	13
1255	1252	Bebek Maması	kavonoz maması	13
1256	1252	Bebek Maması	Besin Takviyeleri	13
1258	1257	Biberon, Emzik ve Aksesuarları	Emzik & Aksesuarları	16
1259	1257	Biberon, Emzik ve Aksesuarları	Sebze Meyve Filesi	16
1260	1257	Biberon, Emzik ve Aksesuarları	Biberon	16
1261	1257	Biberon, Emzik ve Aksesuarları	Biberon Mama Isıtıcı	16
1262	1257	Biberon, Emzik ve Aksesuarları	Biberon Emziği	16
1263	1257	Biberon, Emzik ve Aksesuarları	Biberon Temizleyici	16
1264	1257	Biberon, Emzik ve Aksesuarları	Biberon Aksesuarları	16
1266	1265	Bebek Odası & Mobilya	Bebek Mobilyası	16
1269	1265	Bebek Odası & Mobilya	Bebek Beşikleri	16
1277	1265	Bebek Odası & Mobilya	Bebek Odası Tekstil	20
1288	1265	Bebek Odası & Mobilya	Dekorasyon Ürünleri	20
1267	1266	Bebek Mobilyası	Emzirme Koltuğu	16
1268	1266	Bebek Mobilyası	Bebek Odası Takımı	16
1270	1269	Bebek Beşikleri	Ahşap Beşik	16
1271	1269	Bebek Beşikleri	Park Yatak	16
1272	1269	Bebek Beşikleri	Büyüyen Beşik	16
1273	1269	Bebek Beşikleri	Sepet Beşik	16
1274	1269	Bebek Beşikleri	Anne Yanı Beşik	16
1275	1269	Bebek Beşikleri	Sallanan Beşik	16
1276	1269	Bebek Beşikleri	Yatak & Minder	16
1278	1277	Bebek Odası Tekstil	Sallanan Beşik	20
1289	1288	Dekorasyon Ürünleri	Aydınlatma	20
1290	1288	Dekorasyon Ürünleri	Boy Ölçer	20
1291	1288	Dekorasyon Ürünleri	Sticker	20
1292	1288	Dekorasyon Ürünleri	Bebek Halısı	20
1293	1288	Dekorasyon Ürünleri	Derkorasyon Askılar	20
1294	1288	Dekorasyon Ürünleri	Diğer Dekorasyon Ürünleri	20
1296	1295	Hatıra Ürünleri	Anı Defteri	16
1297	1295	Hatıra Ürünleri	Hatıra Ürünleri	16
1298	1295	Hatıra Ürünleri	Kapı Süsü	16
1299	1295	Hatıra Ürünleri	Mevlüt Şekerleri	16
1301	1300	Beslenme Gereçleri	Beslenme Mama Sandalyesi	16
1303	1300	Beslenme Gereçleri	Bebek Besleme Araçları	16
1302	1301	Beslenme Mama Sandalyesi	Mama Sandalyesi	16
1304	1303	Bebek Besleme Araçları	Mama Tabağı	16
1305	1303	Bebek Besleme Araçları	Bebek Önlükleri	16
1306	1303	Bebek Besleme Araçları	Kaşık-Çatal	16
1307	1303	Bebek Besleme Araçları	Termos	16
1308	1303	Bebek Besleme Araçları	Peçeteler	16
1309	1303	Bebek Besleme Araçları	Cam Rende	16
1310	1303	Bebek Besleme Araçları	Yastık ve Yastık Ürünleri	16
1312	1311	Kanguru ve Taşıma Ürünleri	Kanguru	16
1313	1311	Kanguru ve Taşıma Ürünleri	Sırtta ve Yan Taşıma	16
1314	1311	Kanguru ve Taşıma Ürünleri	Potrbebe	16
1315	1311	Kanguru ve Taşıma Ürünleri	Sling	16
1316	1311	Kanguru ve Taşıma Ürünleri	Bebek Taşıma	16
1317	1311	Kanguru ve Taşıma Ürünleri	Bebek Taşıma Yuvaları	16
1319	1318	Bebek Bakım Çantası	Bebek Bakım Çantası	16
1321	1320	Bebek Oyuncakları	Oyun Halıları	15
1322	1320	Bebek Oyuncakları	Motor Beceri Oyuncakları	15
1323	1320	Bebek Oyuncakları	Uyku Arkadaşları & Dönence	15
1324	1320	Bebek Oyuncakları	Oyuncak Setleri	15
1325	1320	Bebek Oyuncakları	Sallanan ve Yaylı Oyuncaklar	15
1327	1320	Bebek Oyuncakları	Öğretici Oyuncaklar	15
1326	1325	Sallanan ve Yaylı Oyuncaklar	Salıncak & Hamaklar	15
1329	1328	Kız Çocuk Oyuncakları	Bebekler	15
1332	1328	Kız Çocuk Oyuncakları	Oyun Setleri	15
1330	1329	Bebekler	Et Bebekler	15
1331	1329	Bebekler	Model Bebekler	15
1333	1329	Bebekler	Mutfak Setleri	15
1334	1329	Bebekler	Doktor Seti	15
1335	1329	Bebekler	Bebek Setleri	15
1337	1336	Erkek Çocuk Oyuncakları	Oyuncak Silahlar&Tabancalar	15
1339	1336	Erkek Çocuk Oyuncakları	Oyun Setleri	15
1338	1337	Oyuncak Silahlar&Tabancalar	Nerfler	15
1340	1339	Oyun Setleri	Tamir Setleri	15
1342	1341	Aktivite ve Eğitici Oyuncaklar	Bilim Setleri	15
1343	1341	Aktivite ve Eğitici Oyuncaklar	Bloklar	15
1344	1341	Aktivite ve Eğitici Oyuncaklar	Legolar	15
1345	1341	Aktivite ve Eğitici Oyuncaklar	Oyun Hamurları	15
1346	1341	Aktivite ve Eğitici Oyuncaklar	Eğitici Kartlar	15
1347	1341	Aktivite ve Eğitici Oyuncaklar	Özel Eğitim Oyuncakları	15
1349	1348	Oyuncak Arabalar	Garajlar	15
1350	1348	Oyuncak Arabalar	Ölçekli Modeller	15
1351	1348	Oyuncak Arabalar	Uzaktan Kumandalı Arabalar	15
1352	1348	Oyuncak Arabalar	Kamyon ve Tırlar	15
1353	1348	Oyuncak Arabalar	İş Makinaları	15
1354	1348	Oyuncak Arabalar	Çek Bırak Arabalar	15
1356	1355	Kostüm ve Parti Malzemeleri	Kostüm ve Aksesuarları	15
1357	1355	Kostüm ve Parti Malzemeleri	Maskeler	15
1358	1355	Kostüm ve Parti Malzemeleri	Parti Malzemeleri	15
1359	1358	Parti Malzemeleri	Süslemeler	15
1360	1358	Parti Malzemeleri	Balonlar	15
1361	1358	Parti Malzemeleri	Mumlar	15
1362	1358	Parti Malzemeleri	Parti Setleri	15
1363	1358	Parti Malzemeleri	Tek Kullanımlık Parti Malzemeleri	15
1364	1358	Parti Malzemeleri	Davetiye	15
1365	1358	Parti Malzemeleri	Parti Poşetleri	15
1366	1358	Parti Malzemeleri	Pasta Ve Kapkek Süslemeleri	15
1368	1367	Puzzlelar	3 Boyutlu Puzzlelar	15
1369	1367	Puzzlelar	Ahşap Puzzlelar	15
1370	1367	Puzzlelar	Yetişkin Puzzle	15
1371	1367	Puzzlelar	Çocuk Puzzle	15
1372	1367	Puzzlelar	Puzzle Aksesuarları	15
1373	1367	Puzzlelar	Puzzle Halıları	15
1375	1374	Kutu Oyunları	Kart Oyunları	15
1376	1374	Kutu Oyunları	Eğitsel Oyunlar	15
1379	1378	Yetişkin Hobi&Oyun	Hobi Malzemeleri & Aksesuarları	15
1380	1378	Yetişkin Hobi&Oyun	Model Araçlar	15
1381	1378	Yetişkin Hobi&Oyun	Multikopter Setler	15
1383	1378	Yetişkin Hobi&Oyun	Uzaktan Kumandalı Arabalar	15
1385	1378	Yetişkin Hobi&Oyun	Satranç	15
1386	1378	Yetişkin Hobi&Oyun	Tavla	15
1387	1378	Yetişkin Hobi&Oyun	Okey Takımı	15
1388	1378	Yetişkin Hobi&Oyun	Dart	15
1389	1378	Yetişkin Hobi&Oyun	Kart Oyunları	15
1382	1381	Multikopter Setler	Multikopter Aksesuarları	15
1384	1383	Uzaktan Kumandalı Arabalar	RC Benzinli Araçlar	15
1391	1390	Akülü ve Pedallı Araçlar	Bisikletler	15
1392	1390	Akülü ve Pedallı Araçlar	Scooterlar	15
1393	1390	Akülü ve Pedallı Araçlar	Patenler	15
1394	1390	Akülü ve Pedallı Araçlar	Akülü Arabalar	15
1395	1390	Akülü ve Pedallı Araçlar	Pedallı Arabalar	15
1396	1390	Akülü ve Pedallı Araçlar	Üç TekerLekli Bisikletler	15
1397	1390	Akülü ve Pedallı Araçlar	Aksesuarlar	15
1399	1398	Oyuncak Figürler	Aksiyon Figürleri	15
1400	1398	Oyuncak Figürler	Figür Setleri	15
1401	1398	Oyuncak Figürler	Aksesuarlar	15
1403	1402	Açık Hava Oyuncakları	Oyun Çadırları	15
1404	1402	Açık Hava Oyuncakları	Oyun Evleri	15
1405	1402	Açık Hava Oyuncakları	Kaydıraklar	15
1406	1402	Açık Hava Oyuncakları	Top Havuzları & Aksesuarları	15
1407	1402	Açık Hava Oyuncakları	Langırt	15
1408	1402	Açık Hava Oyuncakları	Kum Havuzları ve Kum Oyuncakları	15
1409	1402	Açık Hava Oyuncakları	Oyun Parkı Ekipmanları	15
1412	1402	Açık Hava Oyuncakları	Deniz Malzemeleri ve Oyuncakları	15
1410	1409	Oyun Parkı Ekipmanları	Salıncaklar	15
1411	1409	Oyun Parkı Ekipmanları	Jimlastik Setleri	15
1413	1412	Deniz Malzemeleri ve Oyuncakları	Deniz Yatakları	15
1414	1412	Deniz Malzemeleri ve Oyuncakları	Bebek Simidi	15
1415	1412	Deniz Malzemeleri ve Oyuncakları	Kolluklar	15
1416	1412	Deniz Malzemeleri ve Oyuncakları	Plaj Oyuncakları	15
1417	1412	Deniz Malzemeleri ve Oyuncakları	Şişme Havuzlar	15
1419	1418	Oyuncak Müzik Aletleri	Aksesuarlar	15
1420	1418	Oyuncak Müzik Aletleri	Davullar Ve Perküsyon	15
1421	1418	Oyuncak Müzik Aletleri	Gitarlar Ve Yaylı Çalgılar	15
1422	1418	Oyuncak Müzik Aletleri	Üflemeli Çalgılar	15
1423	1418	Oyuncak Müzik Aletleri	Piyanolar ve Klavyeli Çalgılar	15
1430	1429	Fotoğraf Makineleri	Dijital Fotoğraf Makineleri	10
1436	1429	Fotoğraf Makineleri	Analog Fotoğraf Makineleri	10
1431	1430	Dijital Fotoğraf Makineleri	DSLR Makineler	10
1432	1430	Dijital Fotoğraf Makineleri	Aynasız Fotoğraf Makineleri	10
1433	1430	Dijital Fotoğraf Makineleri	Kompakt Fotoğraf Makineleri	10
1434	1430	Dijital Fotoğraf Makineleri	Outdoor Sualtı Fotoğraf Makineleri	10
1435	1430	Dijital Fotoğraf Makineleri	Diğer	10
1438	1437	Video Kameralar	Profesyonel Video Kameralar	10
1439	1437	Video Kameralar	Güvenlik Kameraları	10
1440	1437	Video Kameralar	Drone & Multikopter	10
1441	1437	Video Kameralar	Web Kameraları	10
1442	1437	Video Kameralar	Mini Kameralar	10
1443	1437	Video Kameralar	Diğer	10
1445	1444	Fotoğraf & Kamera Aksesuarları	Fotoğraf Makinesi Çantaları	10
1446	1444	Fotoğraf & Kamera Aksesuarları	Lensler	10
1447	1444	Fotoğraf & Kamera Aksesuarları	Filtreler	10
1448	1444	Fotoğraf & Kamera Aksesuarları	Tripod	10
1449	1444	Fotoğraf & Kamera Aksesuarları	Monopod	10
1450	1444	Fotoğraf & Kamera Aksesuarları	Fotoğraf Kağıtları	10
1451	1444	Fotoğraf & Kamera Aksesuarları	Işık Ölçüm Cihazları	10
1452	1444	Fotoğraf & Kamera Aksesuarları	Stüdyo Ekipmanları	10
1453	1444	Fotoğraf & Kamera Aksesuarları	Adaptörler	10
1454	1444	Fotoğraf & Kamera Aksesuarları	Flaş ve Aksesuarları	10
1455	1444	Fotoğraf & Kamera Aksesuarları	Drone Aksesuar & Ekipmanları	10
1456	1444	Fotoğraf & Kamera Aksesuarları	Fonlar	10
1457	1444	Fotoğraf & Kamera Aksesuarları	Mikrofonlar	10
1458	1444	Fotoğraf & Kamera Aksesuarları	Ekran Koruyucular	10
1459	1444	Fotoğraf & Kamera Aksesuarları	Işıklar	10
1460	1444	Fotoğraf & Kamera Aksesuarları	Parasoley	10
1461	1444	Fotoğraf & Kamera Aksesuarları	Paraflaş	10
1462	1444	Fotoğraf & Kamera Aksesuarları	Pil ve Şarj Cihazları	10
1463	1444	Fotoğraf & Kamera Aksesuarları	Yağmurluklar	10
1464	1444	Fotoğraf & Kamera Aksesuarları	Uzaktan Kumandalar	10
1465	1444	Fotoğraf & Kamera Aksesuarları	Vizör Lastiği	10
1466	1444	Fotoğraf & Kamera Aksesuarları	Hafıza Kartı ve Kart Okuyucuları	10
1467	1444	Fotoğraf & Kamera Aksesuarları	Yazıcı ve Tarayıcılar	10
1468	1444	Fotoğraf & Kamera Aksesuarları	Reflektör	10
1469	1444	Fotoğraf & Kamera Aksesuarları	Kablolar & Bağlantılar	10
1470	1444	Fotoğraf & Kamera Aksesuarları	Kılıflar	10
1471	1444	Fotoğraf & Kamera Aksesuarları	Temizleme Ekipmanları	10
1472	1444	Fotoğraf & Kamera Aksesuarları	Diğer	10
4196	1444	Fotoğraf & Kamera Aksesuarları	Cep Telefonu Lensi	10
1474	1473	Karanlık Oda	Fotoğraf Kağıdı	10
1475	1473	Karanlık Oda	Fotoğraf Kimyasalları	10
1476	1473	Karanlık Oda	Fotoğaf Filmi	10
1477	1473	Karanlık Oda	Banyo Ekipmanları	10
1478	1473	Karanlık Oda	Albümler	10
1479	1473	Karanlık Oda	Diğer	10
1481	1480	Optik Malzemeler ve Mikroskoplar	Dürbünler	15
1482	1480	Optik Malzemeler ve Mikroskoplar	Teleskoplar	15
1483	1480	Optik Malzemeler ve Mikroskoplar	Mikroskoplar	15
1484	1480	Optik Malzemeler ve Mikroskoplar	Optik Malzemeler	15
1485	1480	Optik Malzemeler ve Mikroskoplar	Diğer	15
1488	1487	Mobilya	Antre & Hol	20
1495	1487	Mobilya	Mutfak Dolapları	20
1501	1487	Mobilya	Yatak Odası	20
1512	1487	Mobilya	Genç ve Çocuk Odası	20
1522	1487	Mobilya	Mutfak Mobilyası	20
1528	1487	Mobilya	Oturma Odası	20
1542	1487	Mobilya	Yemek Odası	20
1547	1487	Mobilya	Banyo Mobilya	20
1551	1487	Mobilya	Dolaplar	20
6822	1487	Mobilya	Ofis Mobilyası	20
6843	1487	Mobilya	Bahçe Mobilyası	20
7151	1487	Mobilya	Mobilya Montaj Hizmeti	20
1489	1488	Antre & Hol	Ayakkabılık	20
1490	1488	Antre & Hol	Portmanto	20
1491	1488	Antre & Hol	Çok Amaçlı Dolaplar	20
1492	1488	Antre & Hol	Ayaklı Askılık & Şemsiyelik	20
1493	1488	Antre & Hol	Kapı Ve Duvar Askılık	20
1494	1488	Antre & Hol	Ayna & Dresuar	20
1496	1495	Mutfak Dolapları	Kiler Dolabı	20
1497	1495	Mutfak Dolapları	Hazır Mutfaklar	20
1498	1495	Mutfak Dolapları	Tekli Dolaplar	20
1499	1495	Mutfak Dolapları	Sebze/Ekmek Dolabı	20
1500	1495	Mutfak Dolapları	Raflar	20
1502	1501	Yatak Odası	Gardıroplar	20
1503	1501	Yatak Odası	Bazalar	20
1504	1501	Yatak Odası	Karyolalar	20
1505	1501	Yatak Odası	Josephin Koltuk	20
1506	1501	Yatak Odası	Paravanlar	20
1507	1501	Yatak Odası	Sandıklar	20
1508	1501	Yatak Odası	Bez Gardırop	20
1509	1501	Yatak Odası	Makyaj Masası/Dolabı	20
1510	1501	Yatak Odası	Komodin/Şifonyer	20
1511	1501	Yatak Odası	Yatak Odası Takım	20
1513	1512	Genç ve Çocuk Odası	Oda Takımları	20
1514	1512	Genç ve Çocuk Odası	Gardıroplar	20
1515	1512	Genç ve Çocuk Odası	Ranzalar	20
1516	1512	Genç ve Çocuk Odası	Karyolalar	20
1517	1512	Genç ve Çocuk Odası	Çocuk Koltukları	20
1518	1512	Genç ve Çocuk Odası	Komodin/Şifonyer	20
1519	1512	Genç ve Çocuk Odası	Çalışma Masası	20
1520	1512	Genç ve Çocuk Odası	Kitaplık	20
1521	1512	Genç ve Çocuk Odası	Halı	20
1523	1522	Mutfak Mobilyası	Mutfak Masası/Takımları	20
1524	1522	Mutfak Mobilyası	Mutfak Sandalyesi	20
1525	1522	Mutfak Mobilyası	Tabureler	20
1526	1522	Mutfak Mobilyası	Dolaplar	20
1527	1522	Mutfak Mobilyası	Sofra	20
1529	1528	Oturma Odası	Kanepe-Koltuklar	20
1534	1528	Oturma Odası	Tv Ünitesi Ve Sehpaları	20
1537	1528	Oturma Odası	Puf-Minder-Armut Koltuk	20
1540	1528	Oturma Odası	Duvar Rafları	20
1541	1528	Oturma Odası	Oyuncu Koltukları	20
1530	1529	Kanepe-Koltuklar	Kanepeler	20
1531	1529	Kanepe-Koltuklar	Koltuk Takımları	20
1532	1529	Kanepe-Koltuklar	Köşe Koltuklar	20
1533	1529	Kanepe-Koltuklar	Tekli Koltuk-Berjer	20
1535	1534	Tv Ünitesi Ve Sehpaları	Tv Ünitesi	20
1536	1534	Tv Ünitesi Ve Sehpaları	Tv Sehpası	20
1538	1537	Puf-Minder-Armut Koltuk	Puf	20
1539	1537	Puf-Minder-Armut Koltuk	Armut Koltuk	20
1543	1542	Yemek Odası	Masa Takımları	20
1544	1542	Yemek Odası	Sandalye	20
1545	1542	Yemek Odası	Gümüşlük & Konsol	20
1546	1542	Yemek Odası	Yemek Masası	20
1548	1547	Banyo Mobilya	Banyo Dolabı	20
1549	1547	Banyo Mobilya	Boy Dolabı	20
1550	1547	Banyo Mobilya	Banyo Organizer	20
1552	1551	Dolaplar	Çok Amaçlı Dolaplar	20
1554	1553	Ev Tekstili	Halı	20
1565	1553	Ev Tekstili	Perdeler	20
1572	1553	Ev Tekstili	Banyo Tekstili	20
1579	1553	Ev Tekstili	Nevresim Takımı	20
1583	1553	Ev Tekstili	Yorgan& Yastık & Alez	20
1597	1553	Ev Tekstili	Yataklar	20
1603	1553	Ev Tekstili	Dekorasyon Ürünleri	20
1609	1553	Ev Tekstili	Masa Örtüleri	20
1614	1553	Ev Tekstili	Mutfak Tekstili	20
1619	1553	Ev Tekstili	Uyku Setleri	20
1623	1553	Ev Tekstili	Battaniye	20
1629	1553	Ev Tekstili	Çarşaf & Yastık Kılıfı	20
1630	1553	Ev Tekstili	Pike	20
1631	1553	Ev Tekstili	Yatak Örtüsü	20
6863	1553	Ev Tekstili	Bebek Odası Tekstil	20
1555	1554	Halı	Halı Örtüsü	20
1556	1554	Halı	Seccade	20
1557	1554	Halı	Paspas	20
1558	1554	Halı	Kilim	20
1559	1554	Halı	Makina Halısı	20
1560	1554	Halı	Yolluk	20
1561	1554	Halı	Bambu Halı	20
1562	1554	Halı	Shaggy Halı	20
1563	1554	Halı	El Halısı	20
1564	1554	Halı	Çocuk Halısı	20
1566	1565	Perdeler	Stor Perde	20
1567	1565	Perdeler	Jaluzi Perde	20
1568	1565	Perdeler	İp Perde	20
1569	1565	Perdeler	Tül Perde	20
1570	1565	Perdeler	Fon Perde	20
1571	1565	Perdeler	Perde Aksesuarları	20
1573	1572	Banyo Tekstili	Bornoz	20
1574	1572	Banyo Tekstili	Bornoz Takımı	20
1575	1572	Banyo Tekstili	Banyo Klozet Takımı	20
1576	1572	Banyo Tekstili	Duş Perdesi	20
1577	1572	Banyo Tekstili	Peştamal	20
1578	1572	Banyo Tekstili	Plaj Havlusu	20
6555	1572	Banyo Tekstili	Havlu & Havlu Seti	20
7101	1572	Banyo Tekstili	Bebek Havlu ve Bornoz	20
1580	1579	Nevresim Takımı	Çift Kişilik Nevresim Takımı	20
1581	1579	Nevresim Takımı	Tek Kişilik Nevresim Takımı	20
1582	1579	Nevresim Takımı	Çocuk Ve Genç Nevresim Takımı	20
1584	1583	Yorgan& Yastık & Alez	Silikon Yastık	20
1585	1583	Yorgan& Yastık & Alez	Yün Yastık	20
1586	1583	Yorgan& Yastık & Alez	Visco Yastık	20
1587	1583	Yorgan& Yastık & Alez	Pamuk Yastık	20
1588	1583	Yorgan& Yastık & Alez	Kaz Tüyü Yastık	20
1589	1583	Yorgan& Yastık & Alez	Elyaf Yastık	20
1590	1583	Yorgan& Yastık & Alez	Latesk Yastık	20
1591	1583	Yorgan& Yastık & Alez	Reflü Yastık	20
1592	1583	Yorgan& Yastık & Alez	Silikon Yorgan	20
1593	1583	Yorgan& Yastık & Alez	Yün Yorgan	20
1594	1583	Yorgan& Yastık & Alez	Pamuk Yorgan	20
1595	1583	Yorgan& Yastık & Alez	Micro Fiber Yorgan	20
1596	1583	Yorgan& Yastık & Alez	Alez	20
1598	1597	Yataklar	Visco Yatak	20
1599	1597	Yataklar	Yaylı Yataklar	20
1600	1597	Yataklar	Lateks Yataklar	20
1601	1597	Yataklar	Yatak Pedi/Şilte	20
1602	1597	Yataklar	Sünger Yatak	20
1604	1603	Dekorasyon Ürünleri	Dekoratif Kırlent-Yastık	20
1605	1603	Dekorasyon Ürünleri	Minderler	20
1606	1603	Dekorasyon Ürünleri	Koltuk Örtü-Şalları	20
1607	1603	Dekorasyon Ürünleri	Saklama Ürünleri	20
1608	1603	Dekorasyon Ürünleri	Kumaşlar	20
1610	1609	Masa Örtüleri	Klasik Masa Örtüleri	20
1611	1609	Masa Örtüleri	Runner	20
1612	1609	Masa Örtüleri	Amerikan Servis	20
1613	1609	Masa Örtüleri	Peçeteler	20
1615	1614	Mutfak Tekstili	Mutfak Setleri	20
1616	1614	Mutfak Tekstili	Mutfak Önlükleri	20
1617	1614	Mutfak Tekstili	Fırın Eldivenleri	20
1618	1614	Mutfak Tekstili	Kurulama Bezleri	20
1620	1619	Uyku Setleri	Çift Kişilik Uyku Setleri	20
1621	1619	Uyku Setleri	Tek Kişilik Uyku Setleri	20
1622	1619	Uyku Setleri	Çocuk /Genç Uyku Setleri	20
1624	1623	Battaniye	Akrilik Battaniye	20
1625	1623	Battaniye	Polyester Battaniye	20
1626	1623	Battaniye	Yün Battaniye	20
1627	1623	Battaniye	Pamuk Battaniye	20
1628	1623	Battaniye	Elektrikli Battaniye	20
1633	1632	Mutfak Araçları ve Gereçleri	Yemek Takımları	20
1634	1632	Mutfak Araçları ve Gereçleri	Çatal & Kaşık & Bıçaklar	20
1641	1632	Mutfak Araçları ve Gereçleri	Tencere Setleri & Tencereler	20
1651	1632	Mutfak Araçları ve Gereçleri	Düdüklü Tencereler	20
1653	1632	Mutfak Araçları ve Gereçleri	Tava & Tava Setleri	20
1661	1632	Mutfak Araçları ve Gereçleri	Kahvaltı Takımları	20
1662	1632	Mutfak Araçları ve Gereçleri	Çay ve Kahve Demleme	20
1671	1632	Mutfak Araçları ve Gereçleri	Bardak ve Sürahiler	20
1674	1632	Mutfak Araçları ve Gereçleri	Mutfak Ekipmanları	20
1675	1632	Mutfak Araçları ve Gereçleri	Pratik Mutfak Ekipmanları	20
1676	1632	Mutfak Araçları ve Gereçleri	Fırın Kapları & Kek Kapları	20
1683	1632	Mutfak Araçları ve Gereçleri	Ekmek Kutusu ve Saklama Kapları	20
1687	1632	Mutfak Araçları ve Gereçleri	Termoslar	20
1688	1632	Mutfak Araçları ve Gereçleri	Baharat Takımları ve Setler	20
1689	1632	Mutfak Araçları ve Gereçleri	Bulaşık Sepetleri & Sebzelikler	20
1692	1632	Mutfak Araçları ve Gereçleri	Servis Tabakları	20
1693	1632	Mutfak Araçları ve Gereçleri	Kase & Çerezlikler	20
1696	1632	Mutfak Araçları ve Gereçleri	Servis Tepsileri	20
1697	1632	Mutfak Araçları ve Gereçleri	Sosluk	20
1698	1632	Mutfak Araçları ve Gereçleri	Çeyiz Setleri	20
1703	1632	Mutfak Araçları ve Gereçleri	Yemek Hazırlama Gereçleri	20
1715	1632	Mutfak Araçları ve Gereçleri	Kahvaltılıklar	20
7016	1632	Mutfak Araçları ve Gereçleri	Endüstriyel Mutfak Gereçleri	15
1635	1634	Çatal & Kaşık & Bıçaklar	Takımlar	20
1636	1634	Çatal & Kaşık & Bıçaklar	Çatallar	20
1637	1634	Çatal & Kaşık & Bıçaklar	Kaşıklar	20
1638	1634	Çatal & Kaşık & Bıçaklar	Bıçaklar	20
1639	1634	Çatal & Kaşık & Bıçaklar	Çay Kaşığı	20
1640	1634	Çatal & Kaşık & Bıçaklar	Bıçak Ve Rendeler	20
1642	1641	Tencere Setleri & Tencereler	Titanyum Tencere	20
1643	1641	Tencere Setleri & Tencereler	Granit Tencere	20
1644	1641	Tencere Setleri & Tencereler	Çelik Tencere	20
1645	1641	Tencere Setleri & Tencereler	Seramik Tencere	20
1646	1641	Tencere Setleri & Tencereler	Teflon Tencere	20
1647	1641	Tencere Setleri & Tencereler	Döküm Tencere	20
1648	1641	Tencere Setleri & Tencereler	Emaye Tencere	20
1649	1641	Tencere Setleri & Tencereler	Porselen Tencere	20
1650	1641	Tencere Setleri & Tencereler	Cam Tencere	20
1652	1651	Düdüklü Tencereler	Titanyum Tencere	20
1654	1653	Tava & Tava Setleri	Granit Tava	20
1655	1653	Tava & Tava Setleri	Teflon Tava	20
1656	1653	Tava & Tava Setleri	Döküm Tava	20
1657	1653	Tava & Tava Setleri	Çelik Tava	20
1658	1653	Tava & Tava Setleri	Seramik Tava	20
1659	1653	Tava & Tava Setleri	Emaye Tava	20
1660	1653	Tava & Tava Setleri	Porselen Tencere	20
1663	1662	Çay ve Kahve Demleme	Çaydanlıklar	20
1664	1662	Çay ve Kahve Demleme	Cezveler	20
1665	1662	Çay ve Kahve Demleme	Çay Tabak Ve Kaşığı	20
1666	1662	Çay ve Kahve Demleme	Moka Pot	20
1667	1662	Çay ve Kahve Demleme	French Press	20
1668	1662	Çay ve Kahve Demleme	Fincan Ve Kahve Setleri	20
1669	1662	Çay ve Kahve Demleme	Çay Süzgeci	20
1670	1662	Çay ve Kahve Demleme	Demlikler	20
1672	1671	Bardak ve Sürahiler	Sürahiler	20
1673	1671	Bardak ve Sürahiler	Bardaklar	20
1677	1676	Fırın Kapları & Kek Kapları	Kek Kalıbı	20
1678	1676	Fırın Kapları & Kek Kapları	Fırın Tepsisi	20
1679	1676	Fırın Kapları & Kek Kapları	Cam Tepsi	20
1680	1676	Fırın Kapları & Kek Kapları	Kurabiye Kalıbı	20
1681	1676	Fırın Kapları & Kek Kapları	Güveç	20
1682	1676	Fırın Kapları & Kek Kapları	Pasta Malzemeleri	20
1684	1683	Ekmek Kutusu ve Saklama Kapları	Saklama Kapları	20
1685	1683	Ekmek Kutusu ve Saklama Kapları	Ekmek Kutusu	20
1686	1683	Ekmek Kutusu ve Saklama Kapları	Kavanoz	20
1690	1689	Bulaşık Sepetleri & Sebzelikler	Bulaşık Sepetleri	20
1691	1689	Bulaşık Sepetleri & Sebzelikler	Sebzelikler	20
1694	1693	Kase & Çerezlikler	Kase	20
1695	1693	Kase & Çerezlikler	Çerezlikler	20
1699	1698	Çeyiz Setleri	Çeyiz Yemek Takımları	20
1700	1698	Çeyiz Setleri	Çeyiz Çatal,Kaşık,Bıçak Takımları	20
1701	1698	Çeyiz Setleri	Çeyiz Tencere	20
1702	1698	Çeyiz Setleri	Çeyiz Tavaları	20
1704	1703	Yemek Hazırlama Gereçleri	Sebze Meyve Soyacağı	20
1705	1703	Yemek Hazırlama Gereçleri	Mutfak Maşası	20
1706	1703	Yemek Hazırlama Gereçleri	Sarımsak Ve Patates Ezici	20
1707	1703	Yemek Hazırlama Gereçleri	Süzgeç	20
1708	1703	Yemek Hazırlama Gereçleri	Mutfak Spatulası	20
1709	1703	Yemek Hazırlama Gereçleri	Kesme Tahtası	20
1710	1703	Yemek Hazırlama Gereçleri	Yumurta Fırçası	20
1711	1703	Yemek Hazırlama Gereçleri	Mutfak Makası	20
1712	1703	Yemek Hazırlama Gereçleri	Kevgir	20
1713	1703	Yemek Hazırlama Gereçleri	Çırpıcı	20
1714	1703	Yemek Hazırlama Gereçleri	Mutfak Kepçesi	20
1717	1716	Dekorasyon	Kişiye Özel Dekoratif Ürünler	20
1718	1716	Dekorasyon	Tasarım Ürünler	20
1719	1716	Dekorasyon	Ev Düzenleme Ve Saklama	20
1723	1716	Dekorasyon	Biblo	20
1724	1716	Dekorasyon	Dekoratif Objeler	20
1725	1716	Dekorasyon	Duvar Dekorları	20
1726	1716	Dekorasyon	Dekoratif Hediyeler	20
1727	1716	Dekorasyon	Duvar Saatleri	20
1728	1716	Dekorasyon	Şamdan-Mumluk	20
1729	1716	Dekorasyon	Fotoğraf Çerçeveleri	20
1730	1716	Dekorasyon	Yastık Ve-Kırlent	20
1731	1716	Dekorasyon	Masa Saatleri	20
1732	1716	Dekorasyon	Sticker Ve Folyolar	20
1733	1716	Dekorasyon	Tablo-Pano-Poster	20
1746	1716	Dekorasyon	Aynalar	20
1747	1716	Dekorasyon	Dekoratif Sepetler	20
1748	1716	Dekorasyon	Dekoratif Sabunlar	20
1749	1716	Dekorasyon	Masa Lambaları	20
1750	1716	Dekorasyon	Kokulu Taşlar Ve Kalıplar	20
1751	1716	Dekorasyon	Boyanabilir Dekoratif Objeler	20
1752	1716	Dekorasyon	Vazo	20
1753	1716	Dekorasyon	Parti Malzemeleri	20
1769	1716	Dekorasyon	Dekoratif Kutu	20
1770	1716	Dekorasyon	Elbise Askısı	20
1771	1716	Dekorasyon	Ayakkabı Kutusu	20
1772	1716	Dekorasyon	Saklama Kutusu	20
1773	1716	Dekorasyon	Takı Kutusu	20
1774	1716	Dekorasyon	Takı Askısı	20
1775	1716	Dekorasyon	Yüzük Kutusu	20
6758	1716	Dekorasyon	Yapay Çiçekler ve Süsleme	20
6779	1716	Dekorasyon	Çamaşır Kurutmalık	20
1720	1719	Ev Düzenleme Ve Saklama	Takı Kutusu	20
1721	1719	Ev Düzenleme Ve Saklama	Saklama Kutusu	20
1722	1719	Ev Düzenleme Ve Saklama	Dekoratif Kutu	20
4179	1726	Dekoratif Hediyeler	Hediye Çeki	15
1734	1733	Tablo-Pano-Poster	Kanvas Tablolar	20
1735	1733	Tablo-Pano-Poster	Mdf Tablolar	20
1736	1733	Tablo-Pano-Poster	Çerçeveli Tablolar	20
1737	1733	Tablo-Pano-Poster	Metal Tablolar	20
1738	1733	Tablo-Pano-Poster	Yağlı Boya Tablolar	20
1739	1733	Tablo-Pano-Poster	Cam Tablolar	20
1740	1733	Tablo-Pano-Poster	Led Işıklı Tablolar	20
1741	1733	Tablo-Pano-Poster	Kabartma Tablolar	20
1742	1733	Tablo-Pano-Poster	Masif Tablolar	20
1743	1733	Tablo-Pano-Poster	Plexi Tablolar	20
1744	1733	Tablo-Pano-Poster	Taş Tablolar	20
1745	1733	Tablo-Pano-Poster	Epoksi Tablolar	20
1754	1753	Parti Malzemeleri	Düğün,Kına,Nikah	20
1755	1753	Parti Malzemeleri	Doğum Günü Süsleri	20
1756	1753	Parti Malzemeleri	Balonlar	20
1757	1753	Parti Malzemeleri	Afiş	20
1758	1753	Parti Malzemeleri	Banner	20
1759	1753	Parti Malzemeleri	Bayrak	20
1760	1753	Parti Malzemeleri	Kek Standı	20
1761	1753	Parti Malzemeleri	Hatıra Çerçevesi	20
1762	1753	Parti Malzemeleri	Davetiye	20
1763	1753	Parti Malzemeleri	Kaynana Dili Düdük	20
1764	1753	Parti Malzemeleri	Dilek Balonu	20
1765	1753	Parti Malzemeleri	Kağıt Fener	20
1766	1753	Parti Malzemeleri	Parti Gözlüğü	20
1767	1753	Parti Malzemeleri	Hediye Paketleme Malzemeleri	20
1768	1753	Parti Malzemeleri	Fotoğraf Albümleri	20
1777	1776	Banyo	Banyo Aksesuarları	20
1778	1777	Banyo Aksesuarları	Klozet Fırçası	20
1779	1777	Banyo Aksesuarları	Banyo Aksesuar Seti	20
1780	1777	Banyo Aksesuarları	Çamaşır Sepeti	20
1781	1777	Banyo Aksesuarları	Tuvalet Kağıtlığı	20
1782	1777	Banyo Aksesuarları	Banyo Çöp Kovası	20
1783	1777	Banyo Aksesuarları	Maşrapa	20
1784	1777	Banyo Aksesuarları	Banyo Aynası Ve Setleri	20
1785	1777	Banyo Aksesuarları	Kirli Çamaşır Sepeti	20
1786	1777	Banyo Aksesuarları	Etajer	20
1788	1787	Spor & Fitness	Fitness & Kondisyon	15
1832	1787	Spor & Fitness	Bisiklet	15
1903	1787	Spor & Fitness	Vücut Geliştirme Aletleri	15
1916	1787	Spor & Fitness	Sporcu Besinleri	15
1925	1787	Spor & Fitness	Spor Branşları	15
2057	1787	Spor & Fitness	Spor Giyim & Aksesuar	15
2083	1787	Spor & Fitness	Taraftar Ürünleri	15
1789	1788	Fitness & Kondisyon	Koşu Bantları	15
1790	1788	Fitness & Kondisyon	Kondisyon Bisikletleri	15
1791	1788	Fitness & Kondisyon	Kondisyon Aletleri	15
1792	1788	Fitness & Kondisyon	Aerobik & Egzersiz Aletleri	15
1793	1788	Fitness & Kondisyon	Mekik Aletleri	15
1794	1788	Fitness & Kondisyon	Mekik Sehpaları	15
1795	1788	Fitness & Kondisyon	Pilates	15
1808	1788	Fitness & Kondisyon	Yoga Malzemeleri	15
1809	1788	Fitness & Kondisyon	Profesyonel Fitness	15
1810	1788	Fitness & Kondisyon	Trampolin	15
1811	1788	Fitness & Kondisyon	Minderler	15
1812	1788	Fitness & Kondisyon	Step	15
1813	1788	Fitness & Kondisyon	Twister	15
1814	1788	Fitness & Kondisyon	Fitness Dizlik ve Bileklikler	15
1815	1788	Fitness & Kondisyon	Kondisyon Masaj Cihazları	15
1816	1788	Fitness & Kondisyon	Koşu Bandı Aksesuarlar	15
1817	1788	Fitness & Kondisyon	Kronometre - Adımsayar	15
1818	1788	Fitness & Kondisyon	Masaj Cihazları	15
1819	1788	Fitness & Kondisyon	Masaj Koltuğu	15
1820	1788	Fitness & Kondisyon	Spor Bileklik & Kol Saatleri	15
1821	1788	Fitness & Kondisyon	Masaj & Sauna Kemerleri	15
1822	1788	Fitness & Kondisyon	Termal Şortlar & Bel Korseleri	15
1823	1788	Fitness & Kondisyon	El ve Ayak Ağırlıkları	15
1824	1788	Fitness & Kondisyon	Elektronik Kas Çalıştırıcılar	15
1825	1788	Fitness & Kondisyon	Fitness Ayakkabıları	15
1826	1788	Fitness & Kondisyon	Portatif Sauna	15
1827	1788	Fitness & Kondisyon	Powerball	15
1828	1788	Fitness & Kondisyon	Terleme Eşofmanları	15
1829	1788	Fitness & Kondisyon	Güç ve Denge Bileklikleri	15
1830	1788	Fitness & Kondisyon	İnversiyon Aletleri	15
1831	1788	Fitness & Kondisyon	Tv Spor Ürünleri	15
1796	1795	Pilates	Pilates Topu	15
1797	1795	Pilates	Pilates Seti	15
1798	1795	Pilates	Pilates Egzersiz Bandı	15
1799	1795	Pilates	Pilates Matı	15
1800	1795	Pilates	Pilates Çemberi	15
1801	1795	Pilates	Pilates Direnç Lastiği	15
1802	1795	Pilates	Pilates Bosu Topu	15
1803	1795	Pilates	Pilates Roller	15
1804	1795	Pilates	Pilates İpi	15
1805	1795	Pilates	Pilates Ağırlık Topu	15
1806	1795	Pilates	Pilates Topu Pompası	15
1807	1795	Pilates	Pilates El Bilekliği	15
1833	1832	Bisiklet	Dağ Bisikleti	15
1834	1832	Bisiklet	Şehir Bisikleti	15
1835	1832	Bisiklet	Yol Yarış Bisikleti	15
1836	1832	Bisiklet	Çocuk Bisikleti	15
1837	1832	Bisiklet	BMX Bisiklet	15
1838	1832	Bisiklet	Elektrikli Bisiklet	15
1839	1832	Bisiklet	Katlanabilir Bisiklet	15
1840	1832	Bisiklet	Yedek Parça & Bakım	15
1891	1832	Bisiklet	Bisiklet Aksesuar ve Parçaları	15
1902	1832	Bisiklet	Bisiklet Giyim	15
1841	1840	Yedek Parça & Bakım	Amortisör & Maşa Grubu	15
1845	1840	Yedek Parça & Bakım	Fren Grubu	15
1855	1840	Yedek Parça & Bakım	Göbek Grubu	15
1859	1840	Yedek Parça & Bakım	Gidon Grubu	15
1864	1840	Yedek Parça & Bakım	Jant Grubu	15
1868	1840	Yedek Parça & Bakım	Kadro Grubu	15
1871	1840	Yedek Parça & Bakım	Lastik Grubu	15
1875	1840	Yedek Parça & Bakım	Pedal Grubu	15
1876	1840	Yedek Parça & Bakım	Sele Grubu	15
1881	1840	Yedek Parça & Bakım	Vites Grubu	15
1889	1840	Yedek Parça & Bakım	Zincir Grubu	15
1890	1840	Yedek Parça & Bakım	Bakım Aletleri	15
1842	1841	Amortisör & Maşa Grubu	Ön Amortisör	13
1843	1841	Amortisör & Maşa Grubu	Maşa	13
1844	1841	Amortisör & Maşa Grubu	Amortisör Aksesuarları	13
1846	1845	Fren Grubu	Fren Kolu	13
1847	1845	Fren Grubu	Fren Teli	13
1848	1845	Fren Grubu	Fren Boruları	13
1849	1845	Fren Grubu	Fren Pabucu	13
1850	1845	Fren Grubu	Fren Balatası	13
1851	1845	Fren Grubu	Fren Rotoru	13
1852	1845	Fren Grubu	Fren Takımı	13
1853	1845	Fren Grubu	Fren Ayakları	13
1854	1845	Fren Grubu	Kaliper	13
1856	1855	Göbek Grubu	Ön Göbek	13
1857	1855	Göbek Grubu	Orta Göbek	13
1858	1855	Göbek Grubu	Arka Göbek	13
1860	1859	Gidon Grubu	Gidon	13
1861	1859	Gidon Grubu	Gidon Boynu	13
1862	1859	Gidon Grubu	Furş Yatağı	13
1863	1859	Gidon Grubu	Gidon Bandı	13
1865	1864	Jant Grubu	Jant Takımı	13
1866	1864	Jant Grubu	Jant Teli	13
1867	1864	Jant Grubu	Çember	13
1869	1868	Kadro Grubu	Kadro	13
1870	1868	Kadro Grubu	Kulak	13
1872	1870	Kulak	İç Lastik	13
1873	1870	Kulak	Dış Lastik	13
1874	1870	Kulak	Yama & Tamir Malzemeleri	13
1877	1876	Sele Grubu	Sele	13
1878	1876	Sele Grubu	Sele Borusu	13
1879	1876	Sele Grubu	Sele Kelepçesi	13
1880	1876	Sele Grubu	Sele Borusu Adaptörü	13
1882	1881	Vites Grubu	Ön Aktarıcı	13
1883	1881	Vites Grubu	Arka Aktarıcı	13
1884	1881	Vites Grubu	Ayna Kol	13
1885	1881	Vites Grubu	Ruble	13
1886	1881	Vites Grubu	Vites Kolu	13
1887	1881	Vites Grubu	Vites Teli	13
1888	1881	Vites Grubu	Vites Boruları	13
1892	1891	Bisiklet Aksesuar ve Parçaları	Bisiklet & Motosiklet Kilitleri	15
1893	1891	Bisiklet Aksesuar ve Parçaları	Bisiklet Aydınlatma İkaz	15
1894	1891	Bisiklet Aksesuar ve Parçaları	Kasklar ve Korumalıklar	15
1895	1891	Bisiklet Aksesuar ve Parçaları	Bisiklet Yol Bilgisayarları	15
1896	1891	Bisiklet Aksesuar ve Parçaları	Bisiklet Suluğu	15
1897	1891	Bisiklet Aksesuar ve Parçaları	Bisiklet Pompası	15
1898	1891	Bisiklet Aksesuar ve Parçaları	Bisiklet Çantası	15
1899	1891	Bisiklet Aksesuar ve Parçaları	Bisiklet Taşıyıcı	15
1900	1891	Bisiklet Aksesuar ve Parçaları	Çamurluk	15
1901	1891	Bisiklet Aksesuar ve Parçaları	Motor Kiti	15
1904	1903	Vücut Geliştirme Aletleri	Çalışma İstasyonları	15
1905	1903	Vücut Geliştirme Aletleri	Dambıllar ve Ağırlık Plakaları	15
1911	1903	Vücut Geliştirme Aletleri	Ağırlık Sehpaları	15
1912	1903	Vücut Geliştirme Aletleri	Barfiks ve Şınav Barları	15
1913	1903	Vücut Geliştirme Aletleri	Kürek	15
1914	1903	Vücut Geliştirme Aletleri	Ağırlık Eldivenleri & Kemerler	15
1915	1903	Vücut Geliştirme Aletleri	Giyim	15
1906	1905	Dambıllar ve Ağırlık Plakaları	Barlar ve Plakalar	14
1907	1905	Dambıllar ve Ağırlık Plakaları	Dambıl Setler	14
1908	1905	Dambıllar ve Ağırlık Plakaları	Demir Dambıl Setler	14
1909	1905	Dambıllar ve Ağırlık Plakaları	Vinyl ve Plastik Dambıllar	14
1910	1905	Dambıllar ve Ağırlık Plakaları	Kettlebell	14
1917	1916	Sporcu Besinleri	Protein Tozu	15
1918	1916	Sporcu Besinleri	Karbonhidrat	15
1919	1916	Sporcu Besinleri	Amino Asit	15
1920	1916	Sporcu Besinleri	L-Karnitin	15
1921	1916	Sporcu Besinleri	Kreatin	15
1922	1916	Sporcu Besinleri	Performans ve Güç	15
1923	1916	Sporcu Besinleri	Shaker & Aksesuarlar	15
1924	1916	Sporcu Besinleri	Özel Sporcu Besinleri	15
1926	1925	Spor Branşları	Futbol	15
1937	1925	Spor Branşları	Basketbol	15
1942	1925	Spor Branşları	Voleybol	15
1946	1925	Spor Branşları	Tenis	15
1952	1925	Spor Branşları	Badminton	15
1957	1925	Spor Branşları	Masa Tenisi	15
1963	1925	Spor Branşları	Boks	15
1973	1925	Spor Branşları	Paten & Kaykay & Scooter	15
1980	1925	Spor Branşları	Kayak & Snowboard	15
1987	1925	Spor Branşları	Dart	15
1994	1925	Spor Branşları	Yüzme	15
2006	1925	Spor Branşları	Uzakdoğu Sporları	15
2019	1925	Spor Branşları	Sporcu Sağlığı	15
2022	1925	Spor Branşları	Bilardo	15
2027	1925	Spor Branşları	Kupalar ve Madalyalar	15
2028	1925	Spor Branşları	Atletizm Ürünleri	15
2029	1925	Spor Branşları	Hentbol	15
2030	1925	Spor Branşları	Beyzbol	15
2035	1925	Spor Branşları	Jimnastik	15
2039	1925	Spor Branşları	Langırt	15
2040	1925	Spor Branşları	Binicilik	15
2044	1925	Spor Branşları	Buz Hokeyi	15
2049	1925	Spor Branşları	Squash	15
2052	1925	Spor Branşları	Golf	15
1927	1926	Futbol	Futbol Aksesuarları	14
1928	1926	Futbol	Futbol Ayakkabıları	14
1929	1926	Futbol	Futbol Topları	14
1930	1926	Futbol	Futbol Formaları	14
1931	1926	Futbol	Futbol Şortları	14
1932	1926	Futbol	Hakem Malzemeleri	14
1933	1926	Futbol	Kaleci Malzemeleri	14
1934	1926	Futbol	Koruyucu Malzemeler	14
1935	1926	Futbol	Top Pompaları	14
1936	1926	Futbol	Amerikan Futbol Topları	14
1938	1937	Basketbol	Basketbol Aksesuarları	14
1939	1937	Basketbol	Basketbol Ayakkabıları	14
1940	1937	Basketbol	Basketbol Giyim	14
1941	1937	Basketbol	Basketbol Topları	14
1943	1942	Voleybol	Dizlikler	14
1944	1942	Voleybol	Voleybol Aksesuarları	14
1945	1942	Voleybol	Voleybol Topları	14
1947	1946	Tenis	Tenis Raketleri	14
1948	1946	Tenis	Tenis Topları	14
1949	1946	Tenis	Tenis Giyim	14
1950	1946	Tenis	Tenis Ayakkabıları	14
1951	1946	Tenis	Tenis Aksesuarları	14
1953	1952	Badminton	Badminton Raketleri	14
1954	1952	Badminton	Badminton Topları	14
1955	1952	Badminton	Badminton Ağları	14
1956	1952	Badminton	Badminton Gripleri	14
1958	1957	Masa Tenisi	Masa Tenisi Masaları	14
1959	1957	Masa Tenisi	Masa Tenisi Raketleri	14
1960	1957	Masa Tenisi	Masa Tenisi Topları	14
1961	1957	Masa Tenisi	Masa Tenisi Ağları ve Demirleri	14
1962	1957	Masa Tenisi	Masa Tenisi Aksesuarları	14
1964	1963	Boks	Boks Eldivenleri	14
1965	1963	Boks	Boks Standları	14
1966	1963	Boks	Boks Giyim	14
1967	1963	Boks	Boks Topu	14
1968	1963	Boks	Boks Aksesuarları	14
1969	1963	Boks	Boks Topu Eldivenleri	14
1970	1963	Boks	Koruyucu & Bandaj	14
1971	1963	Boks	Boks Torbaları	14
1972	1963	Boks	Antrenman Ekipmanları	14
1974	1973	Paten & Kaykay & Scooter	Patenler	14
1975	1973	Paten & Kaykay & Scooter	Kaykaylar	14
1976	1973	Paten & Kaykay & Scooter	Scooterlar	14
1977	1973	Paten & Kaykay & Scooter	Elektrikli Scooterlar	15
1978	1973	Paten & Kaykay & Scooter	Buz Patenleri	14
1979	1973	Paten & Kaykay & Scooter	Kask ve Korumalıklar	14
1981	1980	Kayak & Snowboard	Kaykaylar	14
1982	1980	Kayak & Snowboard	Kask ve Korumalıklar	14
1983	1980	Kayak & Snowboard	Patenler	14
1984	1980	Kayak & Snowboard	Scooterlar	14
1985	1980	Kayak & Snowboard	Elektrikli Scooterlar	15
1986	1980	Kayak & Snowboard	Buz Patenleri	14
1988	1987	Dart	Boardlar	14
1989	1987	Dart	Board Arkalıkları	14
1990	1987	Dart	Dartlar	14
1991	1987	Dart	Dart Aksesuarlar	14
1992	1987	Dart	Flightlar	14
1993	1987	Dart	Shaftlar	14
1995	1994	Yüzme	Boneler	14
1996	1994	Yüzme	Yüzücü Gözlükleri	14
1997	1994	Yüzme	Şnorkel	14
1998	1994	Yüzme	Kulak ve Burun Tıkacları	14
1999	1994	Yüzme	Paletler	14
2000	1994	Yüzme	Su Topu	14
2001	1994	Yüzme	Yüzme Tahtaları	14
2002	1994	Yüzme	Yüzücü Antrenman Malzemeleri	14
2003	1994	Yüzme	Yüzücü Kronometreleri	14
2004	1994	Yüzme	Yüzücü Mayosu	14
2005	1994	Yüzme	Deniz Ayakkabısı	14
2007	2006	Uzakdoğu Sporları	Darbe Yastıkları	14
2008	2006	Uzakdoğu Sporları	Ellikler ve Eldivenler	14
2009	2006	Uzakdoğu Sporları	Koruyucular	14
2010	2006	Uzakdoğu Sporları	Judo ve Aikido	14
2011	2006	Uzakdoğu Sporları	Karate Do ve Kempo	14
2012	2006	Uzakdoğu Sporları	Kick Boxing	14
2013	2006	Uzakdoğu Sporları	Minderler ve Çantalar	14
2014	2006	Uzakdoğu Sporları	Muay Thai	14
2015	2006	Uzakdoğu Sporları	Taekwondo	14
2016	2006	Uzakdoğu Sporları	Wu Shu ve Sanda	14
2017	2006	Uzakdoğu Sporları	Salon Ayakkabıları	14
2018	2006	Uzakdoğu Sporları	Aksesuarlar	14
2020	2019	Sporcu Sağlığı	Dizlik ve Bileklikler	14
2021	2019	Sporcu Sağlığı	Aksesuar	14
2023	2022	Bilardo	Istakalar	14
2024	2022	Bilardo	Bilardo Eldivenleri	14
2025	2022	Bilardo	Bilardo Topları	14
2026	2022	Bilardo	Bilardo Masası Parça & Aksesuar	14
2031	2030	Beyzbol	Beyzbol Sopası	14
2032	2030	Beyzbol	Beyzbol Topu	14
2033	2030	Beyzbol	Antrenman Ekipmanları	14
2034	2030	Beyzbol	Aksesuar	14
2036	2035	Jimnastik	Matlar	14
2037	2035	Jimnastik	Jimnastik Ekipmanları	14
2038	2035	Jimnastik	Jimnastik Halkaları	14
2041	2040	Binicilik	Binicilik Giyim	14
2042	2040	Binicilik	At Bakımı	14
2043	2040	Binicilik	Binicilik Kamçı	14
2045	2044	Buz Hokeyi	Buz Hokeyi Giyim	14
2046	2044	Buz Hokeyi	Aksesuar	14
2047	2044	Buz Hokeyi	Buz Hokeyi Paten Aksesuarı	14
2048	2044	Buz Hokeyi	Antrenman Ekipmanları	14
2050	2049	Squash	Squash Topları	14
2051	2049	Squash	Squash Raketleri	14
2053	2052	Golf	Golf Giyim	14
2054	2052	Golf	Golf Demir Setleri	14
2055	2052	Golf	Golf Çanta & Aksesuar	14
2056	2052	Golf	Golf Ekipmanları	14
2058	2057	Spor Giyim & Aksesuar	Ayakkabı	15
2067	2057	Spor Giyim & Aksesuar	Giyim	15
2078	2057	Spor Giyim & Aksesuar	Aksesuar	15
2059	2058	Ayakkabı	Günlük Spor Ayakkabı	15
2060	2058	Ayakkabı	Yürüyüş & Koşu Ayakkabısı	15
2061	2058	Ayakkabı	Krampon	15
2062	2058	Ayakkabı	Halı Saha Ayakkabısı	15
2063	2058	Ayakkabı	Basketbol Ayakkabısı	15
2064	2058	Ayakkabı	Tenis Ayakkabısı	15
2065	2058	Ayakkabı	Spor Terlik	15
2066	2058	Ayakkabı	Voleybol Ayakkabısı	15
2068	2067	Giyim	T-Shirt	15
2069	2067	Giyim	Eşofman	15
2070	2067	Giyim	Sweatshirt	15
2071	2067	Giyim	Tayt	15
2072	2067	Giyim	Şort	15
2073	2067	Giyim	Yağmurluk	15
2074	2067	Giyim	Sporcu Sütyeni	15
2075	2067	Giyim	Mont & Kaban	15
2076	2067	Giyim	Şort & Kapri	15
2077	2067	Giyim	Mayo & Deniz Şortu	15
2079	2078	Aksesuar	Çanta	15
2080	2078	Aksesuar	Eldiven	15
2081	2078	Aksesuar	Şapka	15
2082	2078	Aksesuar	Çorap	15
2084	2083	Taraftar Ürünleri	Beşiktaş	15
2085	2083	Taraftar Ürünleri	Fenerbahçe	15
2086	2083	Taraftar Ürünleri	Galatasaray	15
2087	2083	Taraftar Ürünleri	Trabzonspor	15
2088	2083	Taraftar Ürünleri	Taraftar Aksesuarları	15
2090	2089	Outdoor	Kamp & Kampçılık Malzemeleri	16
2128	2089	Outdoor	Outdoor Giyim & Ayakkabı	16
2163	2089	Outdoor	Şişme Su Aktivite Ürünleri	16
2172	2089	Outdoor	Kara & Balık Av Malzemeleri	16
2203	2089	Outdoor	Tekne & Tekne Malzemeleri	16
2216	2089	Outdoor	Doğa Sporları	16
2245	2089	Outdoor	Kış Sporları	16
2091	2090	Kamp & Kampçılık Malzemeleri	Çadır	16
2092	2090	Kamp & Kampçılık Malzemeleri	Oturma & Dinlenme	16
2098	2090	Kamp & Kampçılık Malzemeleri	Şişme Yataklar	16
2099	2090	Kamp & Kampçılık Malzemeleri	Uyku Tulumu	16
2100	2090	Kamp & Kampçılık Malzemeleri	Kamp Matı	16
2101	2090	Kamp & Kampçılık Malzemeleri	Outdoor Çantalar	16
2107	2090	Kamp & Kampçılık Malzemeleri	Kamp Mutfağı	16
2117	2090	Kamp & Kampçılık Malzemeleri	Çakılar & Bıçaklar	16
2125	2090	Kamp & Kampçılık Malzemeleri	İlk Yardım & Sağlık Malzemeleri	16
2126	2090	Kamp & Kampçılık Malzemeleri	Outdoor Aksesuar	16
2127	2090	Kamp & Kampçılık Malzemeleri	Kamp Aksesuarları	16
6993	2090	Kamp & Kampçılık Malzemeleri	El Fenerleri	15
7224	2090	Kamp & Kampçılık Malzemeleri	Fener	15
2093	2092	Oturma & Dinlenme	Kamp Sandalyesi	16
2094	2092	Oturma & Dinlenme	Kamp Taburesi	16
2095	2092	Oturma & Dinlenme	Kamp Masası	16
2096	2092	Oturma & Dinlenme	Hamak	16
2097	2092	Oturma & Dinlenme	Kampet	16
2102	2101	Outdoor Çantalar	Dağcılık ve Kamp Çantaları	16
2103	2101	Outdoor Çantalar	Günlük Sırt Çantası	16
2104	2101	Outdoor Çantalar	Trekking Çantaları	16
2105	2101	Outdoor Çantalar	Cüzdan & Bel ve Omuz Çantaları	16
2106	2101	Outdoor Çantalar	Çanta Aksesuarları ve Kılıfları	16
2108	2107	Kamp Mutfağı	Termos	16
2109	2107	Kamp Mutfağı	Matara	16
2110	2107	Kamp Mutfağı	Mug	16
2111	2107	Kamp Mutfağı	Buzluk & Soğutucu	16
2112	2107	Kamp Mutfağı	Kamp Ocağı	16
2113	2107	Kamp Mutfağı	Çakmaklar & Ateş Başlatıcılar	16
2114	2107	Kamp Mutfağı	Yemek Pişirme Setleri	16
2115	2107	Kamp Mutfağı	Mutfak Aksesuarları	16
2116	2107	Kamp Mutfağı	Kürekler	16
2118	2117	Çakılar & Bıçaklar	Outdoor Bıçak	16
2119	2117	Çakılar & Bıçaklar	Katlanabilir Çakı	16
2120	2117	Çakılar & Bıçaklar	Çok Amaçlı Çakı	16
2121	2117	Çakılar & Bıçaklar	Pense Çakı	16
2122	2117	Çakılar & Bıçaklar	Çakı & Bıçak Aksesuarları	16
2123	2117	Çakılar & Bıçaklar	Balta	16
2124	2117	Çakılar & Bıçaklar	Kamp Testeresi	16
2129	2128	Outdoor Giyim & Ayakkabı	Outdoor Ayakkabı	16
4119	2128	Outdoor Giyim & Ayakkabı	Outdoor Giyim	16
2130	2129	Outdoor Ayakkabı	Bot	16
2131	2129	Outdoor Ayakkabı	Trekking Ayakkabısı	16
2132	2129	Outdoor Ayakkabı	Tırmanış Ayakkabısı	16
2133	2129	Outdoor Ayakkabı	Çizme	16
2134	2129	Outdoor Ayakkabı	Günlük Ayakkabı	16
2135	2129	Outdoor Ayakkabı	Yürüyüş Ayakkabısı	16
2136	2129	Outdoor Ayakkabı	Terlik	16
2137	2129	Outdoor Ayakkabı	Sandalet	16
2138	2129	Outdoor Ayakkabı	Koşu Ayakkabısı	16
2139	2129	Outdoor Ayakkabı	Kar Botu	16
2140	2129	Outdoor Ayakkabı	Hiking Ayakkabısı	16
2141	2129	Outdoor Ayakkabı	Dağcılık Ayakkabısı	16
2142	2129	Outdoor Ayakkabı	Kayak Ayakabısı	16
2143	2129	Outdoor Ayakkabı	İş Güvenliği Ayakkabısı	16
2144	2129	Outdoor Ayakkabı	Fitness Ayakkabısı	16
2145	2129	Outdoor Ayakkabı	Nubuk Ayakkabı	16
2146	2129	Outdoor Ayakkabı	Snowboard Botu	16
2164	2163	Şişme Su Aktivite Ürünleri	Şişme Bot	16
2165	2163	Şişme Su Aktivite Ürünleri	Şişme Havuz	16
2166	2163	Şişme Su Aktivite Ürünleri	Deniz Yatağı	16
2167	2163	Şişme Su Aktivite Ürünleri	Şişme Can Yeleği	16
2168	2163	Şişme Su Aktivite Ürünleri	Deniz Kolluğu	16
2169	2163	Şişme Su Aktivite Ürünleri	Deniz Simidi	16
2170	2163	Şişme Su Aktivite Ürünleri	Deniz Topu	16
2171	2163	Şişme Su Aktivite Ürünleri	Pompa & Aksesuarlar	16
2173	2172	Kara & Balık Av Malzemeleri	Kara Av Malzemeleri	16
2186	2172	Kara & Balık Av Malzemeleri	Balık Av Malzemeleri	16
2174	2173	Kara Av Malzemeleri	Avcı Yelekleri	16
2175	2173	Kara Av Malzemeleri	Avcı Pantolonları	16
2176	2173	Kara Av Malzemeleri	Avcı Bot ve Çizmeleri	16
2177	2173	Kara Av Malzemeleri	Avcı Mont & Yağmurlukları	16
2178	2173	Kara Av Malzemeleri	Avcı Tulumları	16
2179	2173	Kara Av Malzemeleri	Avcı Kemerleri	16
2180	2173	Kara Av Malzemeleri	Avcı Kazakları	16
2181	2173	Kara Av Malzemeleri	Avcı Gömlekleri	16
2182	2173	Kara Av Malzemeleri	Mühre & Düdükler	16
2183	2173	Kara Av Malzemeleri	Atış Sistemleri ve Hedefler	16
2184	2173	Kara Av Malzemeleri	Tüfek ve Tabanca Harbileri	16
2185	2173	Kara Av Malzemeleri	Tüfek Tabanca Kılıf & Aksesuarları	16
2187	2186	Balık Av Malzemeleri	Olta & Kamış Takımlar	16
2188	2186	Balık Av Malzemeleri	Olta Makineleri	16
2189	2186	Balık Av Malzemeleri	Kamışlar	16
2190	2186	Balık Av Malzemeleri	Maket Balıklar ve Suni Yemler	16
2191	2186	Balık Av Malzemeleri	Misina	16
2192	2186	Balık Av Malzemeleri	İğneler	16
2193	2186	Balık Av Malzemeleri	Kepçeler ve Livarlar	16
2194	2186	Balık Av Malzemeleri	Şamandıralar	16
2195	2186	Balık Av Malzemeleri	Fırdöndüler	16
2196	2186	Balık Av Malzemeleri	Hazır Takımlar ve Çapariler	16
2197	2186	Balık Av Malzemeleri	Kaşık	16
2198	2186	Balık Av Malzemeleri	Kurşunlar	16
2199	2186	Balık Av Malzemeleri	Takım Çantaları	16
2200	2186	Balık Av Malzemeleri	Diğer Yardımcı Malzemeler	16
2201	2186	Balık Av Malzemeleri	Kamış Kılıfı & Makine Çantaları	16
2202	2186	Balık Av Malzemeleri	Balık Bulucular	16
2204	2203	Tekne & Tekne Malzemeleri	Tekne	16
2205	2203	Tekne & Tekne Malzemeleri	Tekne Motoru	16
2206	2203	Tekne & Tekne Malzemeleri	Teknik Ekipman & Parçalar	16
2207	2203	Tekne & Tekne Malzemeleri	Tekne Bakımı	16
2208	2203	Tekne & Tekne Malzemeleri	Tekne Aydınlatma	16
2209	2203	Tekne & Tekne Malzemeleri	Tekne Aksesuarları	16
2210	2203	Tekne & Tekne Malzemeleri	Zodyak Bot	16
2211	2203	Tekne & Tekne Malzemeleri	Can Simitleri ve Aksesuarları	16
2212	2203	Tekne & Tekne Malzemeleri	Tuvalet ve Mutfak	16
2213	2203	Tekne & Tekne Malzemeleri	Yakıt Katkıları	16
2214	2203	Tekne & Tekne Malzemeleri	Su Sporu	16
2215	2203	Tekne & Tekne Malzemeleri	Marin Giyim	16
2217	2216	Doğa Sporları	Dalış Ürünleri	16
2232	2216	Doğa Sporları	Tırmanış	16
2243	2216	Doğa Sporları	Paintball	16
2244	2216	Doğa Sporları	Okçuluk	16
2218	2217	Dalış Ürünleri	Dalgıç Yelekleri	16
2219	2217	Dalış Ürünleri	Dalış Bıçakları	16
2220	2217	Dalış Ürünleri	Dalış Başlıkları	16
2221	2217	Dalış Ürünleri	Dalış Elbiseleri	16
2222	2217	Dalış Ürünleri	Dalış Eldivenleri	16
2223	2217	Dalış Ürünleri	Dalış Fenerleri	16
2224	2217	Dalış Ürünleri	Dalış Paletleri	16
2225	2217	Dalış Ürünleri	Dalış Patikleri	16
2226	2217	Dalış Ürünleri	Regülatörler	16
2227	2217	Dalış Ürünleri	Şamandıralar	16
2228	2217	Dalış Ürünleri	Maske ve Şnorkeller	16
2229	2217	Dalış Ürünleri	Zıpkınlar ve Zıpkın Uçları	16
2230	2217	Dalış Ürünleri	Aksesuar ve Yedek Parçalar	16
2231	2217	Dalış Ürünleri	Dalış Setleri	16
2233	2232	Tırmanış	İpler	16
2234	2232	Tırmanış	Kazmalar	16
2235	2232	Tırmanış	Baton	16
2236	2232	Tırmanış	Emniyet Kemerleri	16
2237	2232	Tırmanış	Kask	16
2238	2232	Tırmanış	İniş ve Emniyet Malzemeleri	16
2239	2232	Tırmanış	Tırmanış Malzemeleri	16
2240	2232	Tırmanış	Krampon	16
2241	2232	Tırmanış	Buz Vidaları	16
2242	2232	Tırmanış	Ekspres Setler	16
2246	2245	Kış Sporları	Kayak	16
2262	2245	Kış Sporları	Snowboard	16
2273	2245	Kış Sporları	Aksesuarlar	16
2247	2246	Kayak	Kayak Giyim	16
2253	2246	Kayak	Kayak Aksesuarları	16
2258	2246	Kayak	Kayak Ekipmanları	16
2248	2247	Kayak Giyim	Kayak Montu	15
2249	2247	Kayak Giyim	Kayak Eldiveni	15
2250	2247	Kayak Giyim	Kayak Pantolonu	15
2251	2247	Kayak Giyim	Kayak Ayakkabısı	15
2252	2247	Kayak Giyim	Kayak Çorabı	15
2254	2253	Kayak Aksesuarları	Kayak Kaskı	15
2255	2253	Kayak Aksesuarları	Kayak Gözlüğü	15
2256	2253	Kayak Aksesuarları	Kayak Maskesi	15
2257	2253	Kayak Aksesuarları	Kayak Çantası	15
2259	2258	Kayak Ekipmanları	Kayak	15
2260	2258	Kayak Ekipmanları	Kayak Bağlama	15
2261	2258	Kayak Ekipmanları	Kayak Batonu	15
2263	2262	Snowboard	Snowboard Ekipmanları	16
2266	2262	Snowboard	Snowboard Giyim	16
2270	2262	Snowboard	Snowboard Aksesuarları	16
2264	2263	Snowboard Ekipmanları	Snowboard	15
2265	2263	Snowboard Ekipmanları	Snowboard Bağlama	15
2267	2266	Snowboard Giyim	Snowboard Montu	15
2268	2266	Snowboard Giyim	Snowboard Pantolonu	15
2269	2266	Snowboard Giyim	Snowboard Ayakkabısı	15
2271	2270	Snowboard Aksesuarları	Snowboard Kaskı	15
2272	2270	Snowboard Aksesuarları	Snowboard Çantası	15
2275	2274	Deterjan Temizlik Ürünleri	Çamaşır Deterjanları	18
2283	2274	Deterjan Temizlik Ürünleri	Bulaşık Deterjanları	18
2290	2274	Deterjan Temizlik Ürünleri	Temizlik Gereçleri	18
2298	2274	Deterjan Temizlik Ürünleri	Genel Temizlik	18
2276	2275	Çamaşır Deterjanları	Makine Deterjanı	18
2277	2275	Çamaşır Deterjanları	Elde Yıkama Deterjanı	18
2278	2275	Çamaşır Deterjanları	Yumuşatıcı	18
2279	2275	Çamaşır Deterjanları	Çamaşır Suyu	18
2280	2275	Çamaşır Deterjanları	Leke Çıkarıcı	18
2281	2275	Çamaşır Deterjanları	Kireç Önleyici	18
2282	2275	Çamaşır Deterjanları	Tül Yıkama Deterjanı	18
2284	2283	Bulaşık Deterjanları	Elde Yıkama	18
2285	2283	Bulaşık Deterjanları	Makine Deterjanı	18
2286	2283	Bulaşık Deterjanları	Bulaşık Makinası Ek Ürünleri	18
2287	2283	Bulaşık Deterjanları	Parlatıcı	18
2288	2283	Bulaşık Deterjanları	Bulaşık Makinesi Tuzu	18
2289	2283	Bulaşık Deterjanları	Bulaşık Süngeri	18
2291	2290	Temizlik Gereçleri	Temizlik Bezi	18
2292	2290	Temizlik Gereçleri	Temizlik Süngeri	18
2293	2290	Temizlik Gereçleri	Temizlik Fırçası ve Yedek Aparatı	18
2294	2290	Temizlik Gereçleri	Temizlik Teli	18
2295	2290	Temizlik Gereçleri	Temizlik Seti	18
2296	2290	Temizlik Gereçleri	Mop / Paspas / Yedek Ekipmanları	18
2297	2290	Temizlik Gereçleri	Temizlik Eldiveni	18
2299	2298	Genel Temizlik	Çok Amaçlı Temizleyici	18
2300	2298	Genel Temizlik	Mutfak, Banyo Temizleme	18
2301	2298	Genel Temizlik	Yüzey Temizliği	18
2302	2298	Genel Temizlik	El Sabunu	18
2303	2298	Genel Temizlik	Fırın, Beyaz Eşya Temizleme	18
2304	2298	Genel Temizlik	Oda Kokusu, Koku Giderici	18
2305	2298	Genel Temizlik	Ahşap Temizleyici	18
2306	2298	Genel Temizlik	Halı Temizleme	18
2307	2298	Genel Temizlik	Cam Temizleme	18
2308	2298	Genel Temizlik	Ayakkabı Bakım	18
2309	2298	Genel Temizlik	Haşere Öldürücü	18
2310	2298	Genel Temizlik	Tuvalet Temizleyiciler	18
2312	2311	Kağıt Ürünleri	Tuvalet Kağıdı	18
2316	2311	Kağıt Ürünleri	Kağıt Havlu	18
2320	2311	Kağıt Ürünleri	Peçete	18
2324	2311	Kağıt Ürünleri	Kağıt Mendil	18
2327	2311	Kağıt Ürünleri	Klozet Örtüsü	18
2329	2311	Kağıt Ürünleri	Islak Mendil	18
2313	2312	Tuvalet Kağıdı	Rulo	18
2314	2312	Tuvalet Kağıdı	Düz / Katsız	18
2315	2312	Tuvalet Kağıdı	Z Katlama	18
2317	2316	Kağıt Havlu	Rulo	18
2318	2316	Kağıt Havlu	Z Katlama	18
2319	2316	Kağıt Havlu	Düz / Katsız	18
2321	2320	Peçete	Rulo	18
2322	2320	Peçete	Z Katlama	18
2323	2320	Peçete	Düz / Katsız	18
2325	2324	Kağıt Mendil	Z Katlama	18
2326	2324	Kağıt Mendil	Düz / Katsız	18
2328	2327	Klozet Örtüsü	Düz / Katsız	18
2331	2330	Mutfak Sarf Malzemeleri	Alüminyum Folyo	18
2332	2330	Mutfak Sarf Malzemeleri	Streç Film	18
2333	2330	Mutfak Sarf Malzemeleri	Buzdolabı Poşeti	18
2334	2330	Mutfak Sarf Malzemeleri	Çöp Torbası	18
2335	2330	Mutfak Sarf Malzemeleri	Pişirme Kağıdı	18
2336	2330	Mutfak Sarf Malzemeleri	Kullan At Ürünler	18
2337	2330	Mutfak Sarf Malzemeleri	Alışveriş Torbası	18
2338	2330	Mutfak Sarf Malzemeleri	Kuruyemiş Torbası	18
2340	2339	İçecek	Çay	18
2345	2339	İçecek	Kahve	18
2356	2339	İçecek	Gazsız İçecek	18
2362	2339	İçecek	Gazlı İçecek	18
2363	2339	İçecek	Su, Maden Suyu	18
2364	2339	İçecek	İçecek Şurubu	18
2341	2340	Çay	Bardak Poşet Çay	18
2342	2340	Çay	Bitki Çayı	18
2343	2340	Çay	Dökme Çay	18
2344	2340	Çay	Demlik Poşet Çay	18
2346	2345	Kahve	Filtre & Çekirdek Kahveler	18
2347	2345	Kahve	Hazır Kahve	18
2348	2345	Kahve	Türk Kahvesi	18
2349	2345	Kahve	Kahve Kapsülleri	18
2350	2345	Kahve	Espresso, Cappucino Kahve	18
2351	2345	Kahve	Sıcak Çikolata, Salep	18
2352	2345	Kahve	Süt Tozu	18
2353	2345	Kahve	Kahve Şurubu	18
2354	2345	Kahve	Kahve Aksesuarları	18
2355	2345	Kahve	Çekirdek Kahve	18
2357	2356	Gazsız İçecek	Meyve Suyu	18
2358	2356	Gazsız İçecek	Toz İçecek	18
2359	2356	Gazsız İçecek	Soğuk Çay	18
2360	2356	Gazsız İçecek	Şalgam Suyu	18
2361	2356	Gazsız İçecek	UHT Süt	18
2366	2365	Gıda	Gıda Paketleri	18
2367	2365	Gıda	Sıvı Yağlar	18
2372	2365	Gıda	Kahvaltılık	18
2384	2365	Gıda	Organik Gıda	18
2392	2365	Gıda	Gurme Ürünler	18
2393	2365	Gıda	Aktar Ürünleri	18
2403	2365	Gıda	Kuruyemiş	18
2415	2365	Gıda	Atıştırmalıklar	18
2425	2365	Gıda	Şarküteri	18
2436	2365	Gıda	Soslar	18
2445	2365	Gıda	Hazır Yemek ve Konserveler	18
2451	2365	Gıda	Hediyelik Çikolata	18
2459	2365	Gıda	Unlu Mamül ve Pasta	18
2475	2365	Gıda	Katkı Maddeleri	18
2476	2365	Gıda	Manav	18
2537	2365	Gıda	Dondurulmuş Gıda	18
2538	2365	Gıda	Yoğurt	18
2539	2365	Gıda	Sos ve Sirke	18
2547	2365	Gıda	Katkı Maddeleri & Aromalar	18
2551	2365	Gıda	Yöresel & Gurme Ürünler	18
2563	2365	Gıda	Organik Ürünler	18
2576	2365	Gıda	Glutensiz Ürünler	18
2593	2365	Gıda	İçecekler	18
6739	2366	Gıda Paketleri	Ramazan Paketi	18
2368	2367	Sıvı Yağlar	Zeytinyağı	18
2369	2367	Sıvı Yağlar	Bitkisel Yağlar	18
2370	2367	Sıvı Yağlar	Ayçiçek Yağı	18
2371	2367	Sıvı Yağlar	Mısırözü Yağı	18
2373	2372	Kahvaltılık	Reçel	18
2374	2372	Kahvaltılık	Helva, Tahin ve Pekmez	18
2375	2372	Kahvaltılık	Peynir	18
2376	2372	Kahvaltılık	Zeytin, Zeytin Ezmesi	18
2377	2372	Kahvaltılık	Bal	18
2378	2372	Kahvaltılık	Çikolata Krema, Ezme	18
2379	2372	Kahvaltılık	Kahvaltılık Gevrek	18
2380	2372	Kahvaltılık	Tereyağ	18
2381	2372	Kahvaltılık	Yumurta	18
2382	2372	Kahvaltılık	Kahvaltılık Sos	18
2383	2372	Kahvaltılık	Kaymak	18
2385	2384	Organik Gıda	Organik Bal	18
2386	2384	Organik Gıda	Organik Süt	18
2387	2384	Organik Gıda	Organik Zeytin	18
2388	2384	Organik Gıda	Organik Zeytinyağı	18
2389	2384	Organik Gıda	Organik Sos	18
2390	2384	Organik Gıda	Organik Tahıl ve Müsli	18
2391	2384	Organik Gıda	Organik Peynir	18
2394	2393	Aktar Ürünleri	Macun	18
2395	2393	Aktar Ürünleri	Şurup	18
2396	2393	Aktar Ürünleri	Yağ	18
2397	2393	Aktar Ürünleri	Kuru Bitkiler	18
2398	2393	Aktar Ürünleri	Polen	18
2399	2393	Aktar Ürünleri	Arı Sütü	18
2400	2393	Aktar Ürünleri	Kuru Bitki ve Otlar	18
2401	2393	Aktar Ürünleri	Aromalar	18
2402	2393	Aktar Ürünleri	Gıda Aroması	18
2404	2403	Kuruyemiş	Fındık	18
2405	2403	Kuruyemiş	Badem	18
2406	2403	Kuruyemiş	Antep Fıstığı	18
2407	2403	Kuruyemiş	Yer Fıstığı	18
2408	2403	Kuruyemiş	Kaju	18
2409	2403	Kuruyemiş	Ceviz	18
2410	2403	Kuruyemiş	Leblebi	18
2411	2403	Kuruyemiş	Karışık	18
2412	2403	Kuruyemiş	Mısır	18
2413	2403	Kuruyemiş	Kabak Çekirdeği	18
2414	2403	Kuruyemiş	Ay Çekirdeği	18
2416	2415	Atıştırmalıklar	Hazır Yiyecekler	18
2417	2415	Atıştırmalıklar	Cips	18
2418	2415	Atıştırmalıklar	Sakız	18
2419	2415	Atıştırmalıklar	Kek	18
2420	2415	Atıştırmalıklar	Bisküvi	18
2421	2415	Atıştırmalıklar	Unlu Mamüller	18
2422	2415	Atıştırmalıklar	Şekerleme	18
2423	2415	Atıştırmalıklar	Lokum	18
2424	2415	Atıştırmalıklar	Çikolata ve Gofret	18
2426	2425	Şarküteri	Sucuk	18
2427	2425	Şarküteri	Pastırma	18
2428	2425	Şarküteri	Kavurma	18
2429	2425	Şarküteri	Salam	18
2430	2425	Şarküteri	Füme	18
2431	2425	Şarküteri	Kuru Et	18
2432	2425	Şarküteri	Jambon	18
2433	2425	Şarküteri	Sosis	18
2434	2425	Şarküteri	Füme Et	18
2435	2425	Şarküteri	Vegan	18
2437	2436	Soslar	Sirke	18
2438	2436	Soslar	Ketçap	18
2439	2436	Soslar	Mayonez	18
2440	2436	Soslar	Hardal	18
2441	2436	Soslar	Acı Sos	18
2442	2436	Soslar	Barbekü Sos	18
2443	2436	Soslar	Nar Ekşisi	18
2444	2436	Soslar	Özel Sos & Püreler	18
2446	2445	Hazır Yemek ve Konserveler	Salça	18
2447	2445	Hazır Yemek ve Konserveler	Konserve	18
2448	2445	Hazır Yemek ve Konserveler	Ton Balığı	18
2449	2445	Hazır Yemek ve Konserveler	Turşu	18
2450	2445	Hazır Yemek ve Konserveler	Hazır Yemek	18
2452	2451	Hediyelik Çikolata	Bebek ve Doğum	18
2453	2451	Hediyelik Çikolata	Sevgiliye Özel	18
2454	2451	Hediyelik Çikolata	Bayramlık Çikolata	18
2455	2451	Hediyelik Çikolata	Söz ve Nişan	18
2456	2451	Hediyelik Çikolata	Tebrik	18
2457	2451	Hediyelik Çikolata	Yılbaşı	18
2458	2451	Hediyelik Çikolata	Doğum Günü	18
2460	2459	Unlu Mamül ve Pasta	Pudra Şekeri	18
2461	2459	Unlu Mamül ve Pasta	Krem Şanti	18
2462	2459	Unlu Mamül ve Pasta	İrmik	18
2463	2459	Unlu Mamül ve Pasta	Un	18
2464	2459	Unlu Mamül ve Pasta	Krema ve Sos	18
2465	2459	Unlu Mamül ve Pasta	Nişasta	18
2466	2459	Unlu Mamül ve Pasta	Galeta, Grissini	18
2467	2459	Unlu Mamül ve Pasta	Ekmek	18
2468	2459	Unlu Mamül ve Pasta	Kakao	18
2469	2459	Unlu Mamül ve Pasta	Maya	18
2470	2459	Unlu Mamül ve Pasta	Kek ve Pasta Karışımı	18
2471	2459	Unlu Mamül ve Pasta	Kabartma Tozu, Vanilin	18
2472	2459	Unlu Mamül ve Pasta	Toz Tatlılar	18
2473	2459	Unlu Mamül ve Pasta	Pastacılık Malzemeleri	18
2474	2459	Unlu Mamül ve Pasta	Kuvertür	18
2477	2476	Manav	Biber	18
2478	2476	Manav	Domates	18
2479	2476	Manav	Sarımsak	18
2480	2476	Manav	Patlıcan	18
2481	2476	Manav	Limon	18
2482	2476	Manav	Avokado	18
2483	2476	Manav	Soğan	18
2484	2476	Manav	Kabak	18
2485	2476	Manav	Portakal	18
2486	2476	Manav	Fasulye	18
2487	2476	Manav	Mantar	18
2488	2476	Manav	Maydanoz	18
2489	2476	Manav	Armut	18
2490	2476	Manav	Elma	18
2491	2476	Manav	Ispanak	18
2492	2476	Manav	Lahana	18
2493	2476	Manav	Mandalina	18
2494	2476	Manav	Marul	18
2495	2476	Manav	Muz	18
2496	2476	Manav	Ananas	18
2497	2476	Manav	Brokoli	18
2498	2476	Manav	Dereotu	18
2499	2476	Manav	Karışık	18
2500	2476	Manav	Kavun	18
2501	2476	Manav	Patates	18
2502	2476	Manav	Pırasa	18
2503	2476	Manav	Salatalık	18
2504	2476	Manav	Fesleğen	18
2505	2476	Manav	Girabolu	18
2506	2476	Manav	Greyfurt	18
2507	2476	Manav	Havuç	18
2508	2476	Manav	Hünnap	18
2509	2476	Manav	Karnabahar	18
2510	2476	Manav	Kereviz	18
2511	2476	Manav	Kivi	18
2512	2476	Manav	Nane	18
2513	2476	Manav	Pazı	18
2514	2476	Manav	Pitahaya	18
2515	2476	Manav	Roka	18
2516	2476	Manav	Turp	18
2517	2476	Manav	Ayva	18
2518	2476	Manav	Bamya	18
2519	2476	Manav	Erik	18
2520	2476	Manav	Karpuz	18
2521	2476	Manav	Mango	18
2522	2476	Manav	Mercanköşk	18
2523	2476	Manav	Nar	18
2524	2476	Manav	Nektarin	18
2525	2476	Manav	Pancar	18
2526	2476	Manav	Pepino	18
2527	2476	Manav	Rezene	18
2528	2476	Manav	Semizotu	18
2529	2476	Manav	Tarhun	18
2530	2476	Manav	Yaban Mersini	18
2531	2476	Manav	Yaş Hurma	18
2532	2476	Manav	Yedikule	18
2533	2476	Manav	Yonca Filizi	18
2534	2476	Manav	Yosun	18
2535	2476	Manav	Şalgam Filizi	18
2536	2476	Manav	Şeftali	18
2540	2539	Sos ve Sirke	Barbekü Sos	18
2541	2539	Sos ve Sirke	Nar Ekşisi	18
2542	2539	Sos ve Sirke	Özel Sos & Püreler	18
2543	2539	Sos ve Sirke	Limon Suyu	18
2544	2539	Sos ve Sirke	Makarna Sosu	18
2545	2539	Sos ve Sirke	Soya Sosu	18
2546	2539	Sos ve Sirke	Diğer Soslar	18
2548	2547	Katkı Maddeleri & Aromalar	Aromalar	18
2549	2547	Katkı Maddeleri & Aromalar	Gıda Boyaları	18
2550	2547	Katkı Maddeleri & Aromalar	Katkı Maddeleri	18
2552	2551	Yöresel & Gurme Ürünler	Peynirler	18
2553	2551	Yöresel & Gurme Ürünler	Kahvaltılık Ürünler	18
2554	2551	Yöresel & Gurme Ürünler	Et Ürünleri	18
2555	2551	Yöresel & Gurme Ürünler	Sıvı Yağlar	18
2556	2551	Yöresel & Gurme Ürünler	Bakliyatlar & Kuru Gıdalar	18
2557	2551	Yöresel & Gurme Ürünler	Tatlılar & Şekerlemeler	18
2558	2551	Yöresel & Gurme Ürünler	Turşular	18
2559	2551	Yöresel & Gurme Ürünler	Soslar & Ezmeler	18
2560	2551	Yöresel & Gurme Ürünler	Salçalar	18
2561	2551	Yöresel & Gurme Ürünler	İçecekler	18
2562	2551	Yöresel & Gurme Ürünler	Unlu Mamüller	18
2564	2563	Organik Ürünler	Organik Bakliyat	18
2565	2563	Organik Ürünler	Organik Bal	18
2566	2563	Organik Ürünler	Organik Makarna	18
2567	2563	Organik Ürünler	Organik Un	18
2568	2563	Organik Ürünler	Organik Zeytin & Zeytinyağı	18
2569	2563	Organik Ürünler	Organik Sirke & Salça & Sos	18
2570	2563	Organik Ürünler	Organik Reçel & Pekmez	18
2571	2563	Organik Ürünler	Organik Baharat	18
2572	2563	Organik Ürünler	Organik Yemiş & Kurabiye	18
2573	2563	Organik Ürünler	Organik Çaylar & İçecekler	18
2574	2563	Organik Ürünler	Organik Çorba	18
2575	2563	Organik Ürünler	Organik Yumurta	18
2577	2576	Glutensiz Ürünler	Glutensiz Ekmek	18
2578	2576	Glutensiz Ürünler	Glutensiz Un	18
2579	2576	Glutensiz Ürünler	Glutensiz Makarna	18
2580	2576	Glutensiz Ürünler	Glutensiz Çorba	18
2581	2576	Glutensiz Ürünler	Glutensiz Bisküvi	18
2582	2576	Glutensiz Ürünler	Glutensiz Kurabiye	18
2583	2576	Glutensiz Ürünler	Glutensiz Çikolata ve Gofret	18
2584	2576	Glutensiz Ürünler	Glutensiz Yemeklikler	18
2585	2576	Glutensiz Ürünler	Glutensiz Baharatlar	18
2586	2576	Glutensiz Ürünler	Glutensiz Kahvaltılıklar	18
2587	2576	Glutensiz Ürünler	Glutensiz Kraker ve Cips	18
2588	2576	Glutensiz Ürünler	Glutensiz Atıştırmalıklar	18
2589	2576	Glutensiz Ürünler	Glutensiz Kuruyemiş	18
2590	2576	Glutensiz Ürünler	Glutensiz Pasta Malzemeleri	18
2591	2576	Glutensiz Ürünler	Glutensiz Bakım Ürünleri	18
2592	2576	Glutensiz Ürünler	Diğer Glutensiz Ürünler	18
2595	2594	Kuru Gıdalar	Baharat	18
2769	2594	Kuru Gıdalar	Bakliyatlar	18
2780	2594	Kuru Gıdalar	Makarna	18
2781	2594	Kuru Gıdalar	Çorba	18
2782	2594	Kuru Gıdalar	Şeker	18
2783	2594	Kuru Gıdalar	Tuz	18
2784	2594	Kuru Gıdalar	Çeşni	18
2785	2594	Kuru Gıdalar	Tatlı	18
2786	2594	Kuru Gıdalar	Margarin	18
2787	2594	Kuru Gıdalar	Bulyon	18
2596	2595	Baharat	Acı Toz Biber	18
2597	2595	Baharat	Acı Yavşan Otu	18
2598	2595	Baharat	Açlık Otu	18
2599	2595	Baharat	Adaçayı	18
2600	2595	Baharat	Alıç Çiçeği	18
2601	2595	Baharat	Altın Otu	18
2602	2595	Baharat	Anason	18
2603	2595	Baharat	Ardıç	18
2604	2595	Baharat	Aslan Pençesi	18
2605	2595	Baharat	Aspir	18
2606	2595	Baharat	Aspir Çiçeği	18
2607	2595	Baharat	Atom Biber	18
2608	2595	Baharat	Avakado Yaprağı	18
2609	2595	Baharat	Aynısefa Çiçeği	18
2610	2595	Baharat	Ayrık Kökü	18
2611	2595	Baharat	Ayva Yaprağı	18
2612	2595	Baharat	Baharat Karışımı	18
2613	2595	Baharat	Balık Baharatı	18
2614	2595	Baharat	Balık Harcı	18
2615	2595	Baharat	Bamya Tohumu	18
2616	2595	Baharat	Barbekü Harcı	18
2617	2595	Baharat	Beyaz Biber	18
2618	2595	Baharat	Biberiye	18
2619	2595	Baharat	Biryanı Baharatı	18
2620	2595	Baharat	Bodur Mahmut	18
2621	2595	Baharat	Böğürtlen Kökü	18
2622	2595	Baharat	Böğürtlen Yaprağı	18
2623	2595	Baharat	Buhur	18
2624	2595	Baharat	Cajun	18
2625	2595	Baharat	Ceviz Yaprağı	18
2626	2595	Baharat	Chia Tohumu	18
2627	2595	Baharat	Civanperçemi	18
2628	2595	Baharat	Çakşır Otu	18
2629	2595	Baharat	Çam Fıstığı	18
2630	2595	Baharat	Çam Sakızı	18
2631	2595	Baharat	Çemen	18
2632	2595	Baharat	Çemen Otu	18
2633	2595	Baharat	Çemen Tozu	18
2634	2595	Baharat	Çeşni	18
2635	2595	Baharat	Çınar Yaprağı	18
2636	2595	Baharat	Çiğköfte Baharatı	18
2637	2595	Baharat	Çoban Çantası	18
2638	2595	Baharat	Çoban Çökerten	18
2639	2595	Baharat	Çörek Otu	18
2640	2595	Baharat	Çörekotu	18
2641	2595	Baharat	Damla Sakızı	18
2642	2595	Baharat	Defne	18
2643	2595	Baharat	Demirhindi	18
2644	2595	Baharat	Dereotu	18
2645	2595	Baharat	Deve Dikeni	18
2646	2595	Baharat	Dolma Harcı	18
2647	2595	Baharat	Dolmalık Fıstık	18
2648	2595	Baharat	Ebe Gümeci	18
2649	2595	Baharat	Ekinezya	18
2650	2595	Baharat	Ekinezya Çiçeği	18
2651	2595	Baharat	Et Baharatı	18
2652	2595	Baharat	Fesleğen	18
2653	2595	Baharat	Funda Yaprağı	18
2654	2595	Baharat	Ginseng	18
2655	2595	Baharat	Gül Gonca	18
2656	2595	Baharat	Gül Kurusu	18
2657	2595	Baharat	Gül Tomurcuk	18
2658	2595	Baharat	Harç	18
2659	2595	Baharat	Hardal	18
2660	2595	Baharat	Haşhaş	18
2661	2595	Baharat	Hatmi Çiçeği	18
2662	2595	Baharat	Havlıcan	18
2663	2595	Baharat	Hayit Tohumu	18
2664	2595	Baharat	Hibüsküs	18
2665	2595	Baharat	Himalaya Tuzu	18
2666	2595	Baharat	Hindistan Cevizi	18
2667	2595	Baharat	Ihlamur	18
2668	2595	Baharat	Isırgan	18
2669	2595	Baharat	İsot	18
2670	2595	Baharat	Kabartma Tozu	18
2671	2595	Baharat	Kahvaltılık Baharat	18
2672	2595	Baharat	Kajun Baharatı	18
2673	2595	Baharat	Kakao	18
2674	2595	Baharat	Kakule	18
2675	2595	Baharat	Karabaş Otu	18
2676	2595	Baharat	Karabiber	18
2677	2595	Baharat	Karahindibağ	18
2678	2595	Baharat	Karanfil	18
2679	2595	Baharat	Karbonat	18
2680	2595	Baharat	Karışık Çeşni	18
2681	2595	Baharat	Kaya Tuzu	18
2682	2595	Baharat	Kebabiye	18
2683	2595	Baharat	Kebap Baharatı	18
2684	2595	Baharat	Keçiboynuzu	18
2685	2595	Baharat	Kedi Otu Kökü	18
2686	2595	Baharat	Kekik	18
2687	2595	Baharat	Kendir Tohumu	18
2688	2595	Baharat	Kepse Baharat	18
2689	2595	Baharat	Kereviz Tohumu	18
2690	2595	Baharat	Keten Tohumu	18
2691	2595	Baharat	Kına	18
2692	2595	Baharat	Kırmızı Biber	18
2693	2595	Baharat	Kimyon	18
2694	2595	Baharat	Kinoa Tohumu	18
2695	2595	Baharat	Kiraz Sapı	18
2696	2595	Baharat	Kişniş	18
2697	2595	Baharat	Kitre	18
2698	2595	Baharat	Köfte Baharatı	18
2699	2595	Baharat	Köfte Harcı	18
2700	2595	Baharat	Köri	18
2701	2595	Baharat	Kuş Üzümü	18
2702	2595	Baharat	Kuşburnu	18
2703	2595	Baharat	Lavanta	18
2704	2595	Baharat	Limon Tuzu	18
2705	2595	Baharat	Mahlep	18
2706	2595	Baharat	Makarna & Pizza Baharatı	18
2707	2595	Baharat	Maydanoz	18
2708	2595	Baharat	Melek Otu Kökü	18
2709	2595	Baharat	Melisa	18
2710	2595	Baharat	Mentol	18
2711	2595	Baharat	Mercanköşk	18
2712	2595	Baharat	Mersin Yaprağı	18
2713	2595	Baharat	Meyan	18
2714	2595	Baharat	Mısır Püskülü	18
2715	2595	Baharat	Misk	18
2716	2595	Baharat	Muskat	18
2717	2595	Baharat	Mürver Çiçeği	18
2718	2595	Baharat	Nane	18
2719	2595	Baharat	Nar Çiçeği	18
2720	2595	Baharat	Oğul Otu	18
2721	2595	Baharat	Okaliptus Yaprağı	18
2722	2595	Baharat	Ökse Otu	18
2723	2595	Baharat	Özel Baharatlar	18
2724	2595	Baharat	Pane Harcı	18
2725	2595	Baharat	Panko	18
2726	2595	Baharat	Papatya Çiçeği	18
2727	2595	Baharat	Pasta Süsü	18
2728	2595	Baharat	Pelin Otu	18
2729	2595	Baharat	Peygamber Çiçeği	18
2730	2595	Baharat	Portakal Kabuğu Tozu	18
2731	2595	Baharat	Pul Biber	18
2732	2595	Baharat	Reyhan	18
2733	2595	Baharat	Rezene	18
2734	2595	Baharat	Safran	18
2735	2595	Baharat	Sakız	18
2736	2595	Baharat	Salata Baharatı	18
2737	2595	Baharat	Sandaloz Sakızı	18
2738	2595	Baharat	Sarı Kantaron	18
2739	2595	Baharat	Sarımsak Tozu	18
2740	2595	Baharat	Sebzeli Çeşni	18
2741	2595	Baharat	Set	18
2742	2595	Baharat	Sinameki	18
2743	2595	Baharat	Soda	18
2744	2595	Baharat	Soğan Tozu	18
2745	2595	Baharat	Sucuk Baharatı	18
2746	2595	Baharat	Sumak	18
2747	2595	Baharat	Susam	18
2748	2595	Baharat	Şahtere	18
2749	2595	Baharat	Şerbetci Otu	18
2750	2595	Baharat	Tarçın	18
2751	2595	Baharat	Tarhun	18
2752	2595	Baharat	Tavuk Baharatı	18
2753	2595	Baharat	Tavuk Harcı	18
2754	2595	Baharat	Tere	18
2755	2595	Baharat	Termiye	18
2756	2595	Baharat	Toz Biber	18
2757	2595	Baharat	Tuzot	18
2758	2595	Baharat	Üzerlik Tohumu	18
2759	2595	Baharat	Üzüm Çekirdeği	18
2760	2595	Baharat	Vanilya	18
2761	2595	Baharat	Yakı Otu	18
2762	2595	Baharat	Yasemin Çiçeği	18
2763	2595	Baharat	Yenibahar	18
2764	2595	Baharat	Yosun Tozu	18
2765	2595	Baharat	Zahter	18
2766	2595	Baharat	Zencefil	18
2767	2595	Baharat	Zerdeçal	18
2768	2595	Baharat	Zeytin Yaprağı	18
2770	2769	Bakliyatlar	Bulgur	18
2771	2769	Bakliyatlar	Pirinç	18
2772	2769	Bakliyatlar	Mercimek	18
2773	2769	Bakliyatlar	Nohut	18
2774	2769	Bakliyatlar	Kuru Fasulye	18
2775	2769	Bakliyatlar	Buğday	18
2776	2769	Bakliyatlar	Kinoa	18
2777	2769	Bakliyatlar	Chia	18
2778	2769	Bakliyatlar	Mısır	18
2779	2769	Bakliyatlar	Barbunya	18
2789	2788	Elektrikli El Aletleri	Akülü Vidalamalar	13
2790	2788	Elektrikli El Aletleri	Matkaplar	13
2791	2788	Elektrikli El Aletleri	Kırıcı ve Deliciler	13
2792	2788	Elektrikli El Aletleri	Uçlar ve Aparatlar	13
2803	2788	Elektrikli El Aletleri	Taşlama	13
2807	2788	Elektrikli El Aletleri	Ahşap ve Metal Kesme	13
2811	2788	Elektrikli El Aletleri	Dekupaj Testere	13
2812	2788	Elektrikli El Aletleri	Polisaj Makinesi	13
2813	2788	Elektrikli El Aletleri	Daire Testere	13
2814	2788	Elektrikli El Aletleri	Çivi çakma ve Zımba Aletleri	13
2818	2788	Elektrikli El Aletleri	Freze	13
2819	2788	Elektrikli El Aletleri	Tilki Kuyruğu	13
2820	2788	Elektrikli El Aletleri	Sıcak Hava Tabancaları	13
2821	2788	Elektrikli El Aletleri	Planya	13
2822	2788	Elektrikli El Aletleri	Somun Sıkma Tabancaları	13
2823	2788	Elektrikli El Aletleri	Taş Motoru	13
2824	2788	Elektrikli El Aletleri	Hobi Aletleri	13
2827	2788	Elektrikli El Aletleri	Elektrikli Tornavida	13
2828	2788	Elektrikli El Aletleri	Kanal Açma Makinesi	13
2829	2788	Elektrikli El Aletleri	Karıştırıcılar	13
2830	2788	Elektrikli El Aletleri	Zımpara Aletleri	13
2831	2788	Elektrikli El Aletleri	Kaynak Makinesi	13
2838	2788	Elektrikli El Aletleri	Hava Kompresörü	13
2841	2788	Elektrikli El Aletleri	Seramik Kesme Makineleri	13
2842	2788	Elektrikli El Aletleri	Raspalama	13
2843	2788	Elektrikli El Aletleri	Havalı Aletler	13
2844	2788	Elektrikli El Aletleri	Karot Makineleri	13
2845	2788	Elektrikli El Aletleri	Kaldırma Ekipmanları	13
2852	2788	Elektrikli El Aletleri	Pafta Makinesi	13
2856	2788	Elektrikli El Aletleri	Torna Makineleri	13
2793	2792	Uçlar ve Aparatlar	Matkap Uçları	13
2794	2792	Uçlar ve Aparatlar	Dekupaj Uçları	13
2795	2792	Uçlar ve Aparatlar	Elmas Testereler	13
2796	2792	Uçlar ve Aparatlar	Kesici - Taşlayıcı Diskler	13
2797	2792	Uçlar ve Aparatlar	Vidalama Aksesuarları	13
2798	2792	Uçlar ve Aparatlar	Daire Testere Bıçakları	13
2799	2792	Uçlar ve Aparatlar	Yedek Akü ve Şarj Cihazları	13
2800	2792	Uçlar ve Aparatlar	Mandrenler	13
2801	2792	Uçlar ve Aparatlar	Zımparalar	13
2802	2792	Uçlar ve Aparatlar	Aksesuar Setleri	13
2804	2803	Taşlama	Avuç Taşlama	13
2805	2803	Taşlama	Kalıpçı taşlama	13
2806	2803	Taşlama	Genel Taşlama	13
2808	2807	Ahşap ve Metal Kesme	Gönye Kesme	13
2809	2807	Ahşap ve Metal Kesme	Tezgah Tipi Testereler	13
2810	2807	Ahşap ve Metal Kesme	Metal Kesme Aletleri	13
2815	2814	Çivi çakma ve Zımba Aletleri	Elektrikli	13
2816	2814	Çivi çakma ve Zımba Aletleri	Havalı	13
2817	2814	Çivi çakma ve Zımba Aletleri	Mekanik	13
2825	2824	Hobi Aletleri	Hobi Aksesuarları	13
2826	2824	Hobi Aletleri	Hobi Makineleri	13
2832	2831	Kaynak Makinesi	İnverter Kaynak Makineleri	13
2833	2831	Kaynak Makinesi	Gazaltı Kaynak Makineleri	13
2834	2831	Kaynak Makinesi	Argon Kaynak Makineleri	13
2835	2831	Kaynak Makinesi	Plazma Kaynak Makineleri	13
2836	2831	Kaynak Makinesi	Pvc Kaynak Makineleri	13
2837	2831	Kaynak Makinesi	Kaynak Aksesuarları	13
2839	2838	Hava Kompresörü	Trifaze Hava Kompresörü	13
2840	2838	Hava Kompresörü	Monofaze Hava Kompresörü	13
2846	2845	Kaldırma Ekipmanları	Vinçler	13
2847	2845	Kaldırma Ekipmanları	Transpaletler	13
2848	2845	Kaldırma Ekipmanları	Kaldıraçlar	13
2849	2845	Kaldırma Ekipmanları	Sapanlar	13
2850	2845	Kaldırma Ekipmanları	Krikolar	13
2851	2845	Kaldırma Ekipmanları	Taşıma Arabaları	13
2853	2852	Pafta Makinesi	Mekanik Pafta Makineleri	13
2854	2852	Pafta Makinesi	Elektrikli Pafta Makineleri	13
2855	2852	Pafta Makinesi	Pafta Aksesuarları	13
2858	2857	El Aletleri	Maket Bıçakları	16
2859	2857	El Aletleri	Yan Keskiler	16
2860	2857	El Aletleri	Yassı Keskiler	16
2861	2857	El Aletleri	Penseler	16
2862	2857	El Aletleri	Çekiç ve Tokmaklar	16
2866	2857	El Aletleri	Kargaburun	16
2867	2857	El Aletleri	Kerpetenler	16
2868	2857	El Aletleri	Testereler	16
2873	2857	El Aletleri	Su Terazileri	16
2874	2857	El Aletleri	Tornavidalar	16
2880	2857	El Aletleri	İskarpela	16
2881	2857	El Aletleri	Eğe Setleri	16
2882	2857	El Aletleri	Lehim ve Havya	16
2885	2857	El Aletleri	Anahtarlar	16
2892	2857	El Aletleri	Lokma Takımları	16
2895	2857	El Aletleri	Silikon Tabancaları	16
2899	2857	El Aletleri	Gönyeler	16
2900	2857	El Aletleri	İşkenceler	16
2901	2857	El Aletleri	Perçinler	16
2902	2857	El Aletleri	Rendeler	16
2903	2857	El Aletleri	Baltalar	16
2904	2857	El Aletleri	El Zımparaları	16
2905	2857	El Aletleri	Mengeneler	16
2906	2857	El Aletleri	Basınç Düşürücüler	16
2907	2857	El Aletleri	Kesici Makaslar	16
2863	2862	Çekiç ve Tokmaklar	Çekiçler	16
2864	2862	Çekiç ve Tokmaklar	Tokmaklar	16
2865	2862	Çekiç ve Tokmaklar	Keserler	16
2869	2868	Testereler	Demir Testereleri	16
2870	2868	Testereler	Ahşap Testereleri	16
2871	2868	Testereler	Kıl Testereler	16
2872	2868	Testereler	Kıl Testere Aksesuarları	16
2875	2874	Tornavidalar	Yıldız Tornavidalar	16
2876	2874	Tornavidalar	Düz Tornavidalar	16
2877	2874	Tornavidalar	Torx Tornavidalar	16
2878	2874	Tornavidalar	Lokma Uçlu Tornavidalar	16
2879	2874	Tornavidalar	Tornavida Setleri	16
2883	2882	Lehim ve Havya	Lehim ve Havya Aletleri	16
2884	2882	Lehim ve Havya	Lehim ve Havya Aksesuarları	16
2886	2885	Anahtarlar	İngiliz Anahtarları	16
2887	2885	Anahtarlar	Yıldız Anahtarlar	16
2888	2885	Anahtarlar	Allen Anahtarları	16
2889	2885	Anahtarlar	Multi Anahtarlar	16
2890	2885	Anahtarlar	Boru Anahtarları	16
2891	2885	Anahtarlar	Tork anahtarları	16
2893	2892	Lokma Takımları	Lokma Anahtarları	16
2894	2892	Lokma Takımları	Lokma Uçları	16
2896	2895	Silikon Tabancaları	Mekanik Tabancalar	16
2897	2895	Silikon Tabancaları	Elektrikli Tabancalar	16
2898	2895	Silikon Tabancaları	Silikon Aksesuarları	16
2908	2907	Kesici Makaslar	Sac ve Metal Kesme Makasları	16
2909	2907	Kesici Makaslar	Boru Kesme Makasları	16
2911	2910	Aydınlatma	Ampuller	13
2922	2910	Aydınlatma	Armatürler	13
2927	2910	Aydınlatma	Projektörler	13
2928	2910	Aydınlatma	Spotlar	13
2930	2910	Aydınlatma	Fenerler	13
2931	2910	Aydınlatma	Işıldaklar	13
2932	2910	Aydınlatma	Şerit Led ve Modül Led	13
2937	2910	Aydınlatma	Dış Mekan Aydınlatma Ürünleri	13
2938	2910	Aydınlatma	Bahçe Aydınlatma	13
4195	2910	Aydınlatma	Sokak Aydınlatmaları	13
2912	2911	Ampuller	Led Ampuller	13
2913	2911	Ampuller	Halojen Ampuller	13
2914	2911	Ampuller	Floresan Ampuller	13
2915	2911	Ampuller	Rustik Ampuller	13
2916	2911	Ampuller	Akıllı Ampuller	13
2918	2917	Avizeler	Rustik Avizeler	20
2919	2917	Avizeler	Led Avizeler	20
2920	2917	Avizeler	Klasik ve Modern Avizeler	20
2933	2932	Şerit Led ve Modül Led	Şerit Led	13
2934	2932	Şerit Led ve Modül Led	Şerit Led Trafosu	13
2935	2932	Şerit Led ve Modül Led	Modül Led	13
2940	2939	Elektrik ve Tesisat Malzemeleri	Güneş Enerji Sistemleri	13
2943	2939	Elektrik ve Tesisat Malzemeleri	Grup Priz ve Uzatma Kablosu	13
2944	2939	Elektrik ve Tesisat Malzemeleri	Elektrik Aksesuarları	13
2945	2939	Elektrik ve Tesisat Malzemeleri	Prizler	13
2946	2939	Elektrik ve Tesisat Malzemeleri	Fişler	13
2947	2939	Elektrik ve Tesisat Malzemeleri	Pil ve Şarj Cihazları	13
2950	2939	Elektrik ve Tesisat Malzemeleri	Sigorta Kutusu	13
2951	2939	Elektrik ve Tesisat Malzemeleri	Kablo Bağları	13
2952	2939	Elektrik ve Tesisat Malzemeleri	Kablo Kanalları	13
2953	2939	Elektrik ve Tesisat Malzemeleri	Kablo Makaraları	13
2954	2939	Elektrik ve Tesisat Malzemeleri	Elektrik Anahtarları	13
2955	2939	Elektrik ve Tesisat Malzemeleri	Duylar	13
2956	2939	Elektrik ve Tesisat Malzemeleri	Klemensler	13
2957	2939	Elektrik ve Tesisat Malzemeleri	Elektrik Kabloları	13
2958	2939	Elektrik ve Tesisat Malzemeleri	Sensörler ve Dedektörler	13
2959	2939	Elektrik ve Tesisat Malzemeleri	Nem ve Isı Ölçerler	13
2960	2939	Elektrik ve Tesisat Malzemeleri	Adaptörler	13
2961	2939	Elektrik ve Tesisat Malzemeleri	Zaman Saatleri	13
4202	2939	Elektrik ve Tesisat Malzemeleri	Sigortalar	13
2941	2940	Güneş Enerji Sistemleri	Güneş Panelleri	13
2942	2940	Güneş Enerji Sistemleri	Güneş Paneli Yedek Parça	13
7122	2940	Güneş Enerji Sistemleri	Solar İnverter	13
7126	2940	Güneş Enerji Sistemleri	Solar Akü	13
2948	2947	Pil ve Şarj Cihazları	Piller	13
2949	2947	Pil ve Şarj Cihazları	Pil Şarj Cihazları	13
2963	2962	Banyo Ve Mutfak Vitrifiye	Batarya ve Musluk	13
2969	2962	Banyo Ve Mutfak Vitrifiye	Duş Seti ve Duş Başlıkları	13
2972	2962	Banyo Ve Mutfak Vitrifiye	Duş Sistemleri	13
2978	2962	Banyo Ve Mutfak Vitrifiye	Tesisat Malzemeleri	13
2983	2962	Banyo Ve Mutfak Vitrifiye	Lavabo	13
2984	2962	Banyo Ve Mutfak Vitrifiye	Eviye	13
2985	2962	Banyo Ve Mutfak Vitrifiye	Klozet	13
2986	2962	Banyo Ve Mutfak Vitrifiye	Klozet Kapağı	13
2987	2962	Banyo Ve Mutfak Vitrifiye	Pisuar	13
2988	2962	Banyo Ve Mutfak Vitrifiye	El Kurutma Makinesi	13
2989	2962	Banyo Ve Mutfak Vitrifiye	Banyo Aspiratörü	13
2964	2963	Batarya ve Musluk	Banyo Bataryası	13
2965	2963	Batarya ve Musluk	Mutfak Bataryası	13
2966	2963	Batarya ve Musluk	Ara Musluk	13
2967	2963	Batarya ve Musluk	Fotoselli Bataryalar	13
2968	2963	Batarya ve Musluk	Pisuvar Musluğu	13
2970	2969	Duş Seti ve Duş Başlıkları	Duş Seti	13
2971	2969	Duş Seti ve Duş Başlıkları	Duş Başlığı	13
2973	2972	Duş Sistemleri	Duşakabin	13
2974	2972	Duş Sistemleri	Jakuzi	13
2975	2972	Duş Sistemleri	Küvet	13
2976	2972	Duş Sistemleri	Duş Teknesi	13
2977	2972	Duş Sistemleri	Duşakabin Yedek Parçaları	13
2979	2978	Tesisat Malzemeleri	Lavabo Sifonu	13
2980	2978	Tesisat Malzemeleri	Duş Kanalı	13
2981	2978	Tesisat Malzemeleri	Körüklü Kada	13
2982	2978	Tesisat Malzemeleri	Muhtelif Ürünler	13
2991	2990	Banyo Ürünleri	Rezervuar Sistemleri	16
2994	2990	Banyo Ürünleri	Çöp Kovaları	16
2992	2991	Rezervuar Sistemleri	Rezervuar	16
2993	2991	Rezervuar Sistemleri	Rezervuar İç Takımlar	16
2996	2995	Hırdavat Ürünleri	Pvc Kapı ve Pencere	16
3000	2995	Hırdavat Ürünleri	Çelik ve Demir Kapılar	16
3003	2995	Hırdavat Ürünleri	Radyatörler	16
3008	2995	Hırdavat Ürünleri	Menfez ve Havalandırmalar	16
3009	2995	Hırdavat Ürünleri	Bağlantı Elemanları	16
3010	2995	Hırdavat Ürünleri	Yağdanlık	16
3011	2995	Hırdavat Ürünleri	Takım Arabaları ve dolapları	16
3014	2995	Hırdavat Ürünleri	Genel Bakım Spreyleri	16
3015	2995	Hırdavat Ürünleri	Posta Kutuları	16
3016	2995	Hırdavat Ürünleri	Mobilya Hırdavatları	16
3025	2995	Hırdavat Ürünleri	Tesisat Hırdavat Ürünleri	16
3026	2995	Hırdavat Ürünleri	Silikonlar	16
3027	2995	Hırdavat Ürünleri	Ambalaj ve Paketleme Malzemeleri	16
3028	2995	Hırdavat Ürünleri	Takım Çantaları ve Avadanlıklar	16
3031	2995	Hırdavat Ürünleri	Merdivenler	16
3032	2995	Hırdavat Ürünleri	Vida, Çivi ve Dübeller	16
3036	2995	Hırdavat Ürünleri	Kapı ve Kapı Hırdavatları	16
3040	2995	Hırdavat Ürünleri	Yapıştırıcı ve Bantlar	16
3043	2995	Hırdavat Ürünleri	Derz Ürünleri	16
3044	2995	Hırdavat Ürünleri	Rötuş ve İşaretleme Kalemleri	16
4182	2995	Hırdavat Ürünleri	Sanayi Tipi Fanlar	16
4184	2995	Hırdavat Ürünleri	Sanayi Tipi Pompalar	16
4193	2995	Hırdavat Ürünleri	Spanzet ve Halatlar	16
4199	2995	Hırdavat Ürünleri	Pvc Borular	16
4206	2995	Hırdavat Ürünleri	Nem Alıcılar	16
6538	2995	Hırdavat Ürünleri	Mıknatıslar	16
2997	2996	Pvc Kapı ve Pencere	Pvc Kapı	16
2998	2996	Pvc Kapı ve Pencere	Pvc Pencere	16
2999	2996	Pvc Kapı ve Pencere	Pvc Aksesuarları	16
3001	3000	Çelik ve Demir Kapılar	Çelik Kapılar	16
3002	3000	Çelik ve Demir Kapılar	Demir ve Ferforje Kapılar	16
3004	3003	Radyatörler	Panel Radyatörler	16
3005	3003	Radyatörler	Alüminyum Radyatörler	16
3006	3003	Radyatörler	Havlupan Radyatörler	16
3007	3003	Radyatörler	Radyatör Sarf Malzemeleri	16
3012	3011	Takım Arabaları ve dolapları	Takım Arabaları	16
3013	3011	Takım Arabaları ve dolapları	Takım Dolapları	16
3017	3016	Mobilya Hırdavatları	Tekerlekler	16
3018	3016	Mobilya Hırdavatları	Mobilya Kulpları	16
3019	3016	Mobilya Hırdavatları	Çekmece Rayları	16
3020	3016	Mobilya Hırdavatları	Mobilya Kilitleri	16
3021	3016	Mobilya Hırdavatları	Ayaklar	16
3022	3016	Mobilya Hırdavatları	Mobilya Menteşeleri	16
3023	3016	Mobilya Hırdavatları	Mobilya Bağlantı Elemanları	16
3024	3016	Mobilya Hırdavatları	Keçe ve Tapalar	16
3029	3028	Takım Çantaları ve Avadanlıklar	Avadanlıklar	16
3030	3028	Takım Çantaları ve Avadanlıklar	Takım Çantaları	16
3033	3032	Vida, Çivi ve Dübeller	Vidalar	16
3034	3032	Vida, Çivi ve Dübeller	Çiviler	16
3035	3032	Vida, Çivi ve Dübeller	Dübeller	16
3037	3036	Kapı ve Kapı Hırdavatları	Kapı Hidrolikleri	16
3038	3036	Kapı ve Kapı Hırdavatları	Kapı Stoperleri	16
3039	3036	Kapı ve Kapı Hırdavatları	Kapı Hırdavatı	16
3041	3040	Yapıştırıcı ve Bantlar	Yapıştırıcılar	16
3042	3040	Yapıştırıcı ve Bantlar	Bantlar	16
3046	3045	Güvenlik Ürünleri	İş Güvenliği Ürünleri	16
3056	3045	Güvenlik Ürünleri	Tıppi Atık Kovaları	16
3057	3045	Güvenlik Ürünleri	Geri Dönüşüm Kovaları	16
3058	3045	Güvenlik Ürünleri	Kilitler	16
3064	3045	Güvenlik Ürünleri	Güvenlik Sistemleri	16
3067	3045	Güvenlik Ürünleri	Diafon Sistemleri	16
3068	3045	Güvenlik Ürünleri	Çelik Para Kasaları	16
3069	3045	Güvenlik Ürünleri	Yangın Söndürme Ürünleri	16
3070	3045	Güvenlik Ürünleri	Yangın Dolapları	16
3047	3046	İş Güvenliği Ürünleri	İş ayakkabısı ve Çizmeler	16
3048	3046	İş Güvenliği Ürünleri	Baretler	16
3049	3046	İş Güvenliği Ürünleri	Eldivenler	16
3050	3046	İş Güvenliği Ürünleri	Gözlükler	16
3051	3046	İş Güvenliği Ürünleri	Kulaklıklar	16
3052	3046	İş Güvenliği Ürünleri	Maskeler	16
3053	3046	İş Güvenliği Ürünleri	İş Elbiseleri	16
3054	3046	İş Güvenliği Ürünleri	Uyarı ve Yönlendirme Ürünleri	16
3055	3046	İş Güvenliği Ürünleri	İş Güvenlik Setleri	16
3059	3058	Kilitler	Asma Kilitler	16
3060	3058	Kilitler	Barel Kilitler	16
3061	3058	Kilitler	Tirajlı Kilitler	16
3062	3058	Kilitler	Bisiklet ve Motosiklet Kilitleri	16
3063	3058	Kilitler	Gömme Kilitler	16
3065	3064	Güvenlik Sistemleri	Alarm Sistemleri	16
3066	3064	Güvenlik Sistemleri	Kapı Geçiş Sistemleri	16
3072	3071	Reklam ve Tanıtım Ürünleri	Tabelalar	16
3073	3071	Reklam ve Tanıtım Ürünleri	Dubalar	16
3074	3071	Reklam ve Tanıtım Ürünleri	Bayraklar	16
3075	3071	Reklam ve Tanıtım Ürünleri	Standlar	16
3076	3071	Reklam ve Tanıtım Ürünleri	Roll Up	16
3078	3077	İnşaat Malzemeleri	Seramik ve Yer Döşemeleri	16
3082	3077	İnşaat Malzemeleri	Yalıtım Malzemeleri	16
3086	3077	İnşaat Malzemeleri	Duvar ve Cephe Kaplama Ürünleri	16
3087	3077	İnşaat Malzemeleri	Usta Malzemeleri	16
3088	3077	İnşaat Malzemeleri	Tavan Kaplama Ürünleri	16
3089	3077	İnşaat Malzemeleri	İnşaat Makineleri	16
3079	3078	Seramik ve Yer Döşemeleri	Seramikler	16
3080	3078	Seramik ve Yer Döşemeleri	Karolar	16
3081	3078	Seramik ve Yer Döşemeleri	Parke ve Ahşaplar	16
3083	3082	Yalıtım Malzemeleri	Isı Yalıtımı	16
3084	3082	Yalıtım Malzemeleri	Ses Yalıtımı	16
3085	3082	Yalıtım Malzemeleri	Su Yalıtımı	16
3091	3090	Endüstriyel Ekipmanlar	Temizlik Kimyasalları	13
3092	3090	Endüstriyel Ekipmanlar	Temizlik Aksesuarları	13
3093	3090	Endüstriyel Ekipmanlar	Endüstriyel Makineler	13
3095	3094	Jeneratörler	Benzinli Jeneratörler	13
3096	3094	Jeneratörler	Dizel Jeneratörler	13
3098	3097	Boya ve Boya Malzemeleri	Duvar Boyaları	13
3105	3097	Boya ve Boya Malzemeleri	Sprey Boyalar	13
3106	3097	Boya ve Boya Malzemeleri	Fırça, Rulo ve Aksesuarlar	13
3110	3097	Boya ve Boya Malzemeleri	Boya İncelticiler	13
4187	3097	Boya ve Boya Malzemeleri	Vernikler	13
4204	3097	Boya ve Boya Malzemeleri	Boya Tabancaları	13
3099	3098	Duvar Boyaları	İç cephe Boyaları	13
3100	3098	Duvar Boyaları	Dış Cephe Boyaları	13
3101	3098	Duvar Boyaları	Tavan Boyaları	13
3102	3098	Duvar Boyaları	Yalıtım Boyaları	13
3103	3098	Duvar Boyaları	Astarlar	13
3104	3098	Duvar Boyaları	Boya Renklendiriciler	13
3107	3106	Fırça, Rulo ve Aksesuarlar	Fırçalar	13
3108	3106	Fırça, Rulo ve Aksesuarlar	Rulolar	13
3109	3106	Fırça, Rulo ve Aksesuarlar	Yardımcı Malzemeler	13
3112	3111	Ölçüm Aletleri	Metal Dedektörleri	13
3113	3111	Ölçüm Aletleri	Kumpas	13
3114	3111	Ölçüm Aletleri	Lazermetre	13
3115	3111	Ölçüm Aletleri	Metre	13
3116	3111	Ölçüm Aletleri	Mikrometre	13
3117	3111	Ölçüm Aletleri	Termometreler	13
3118	3111	Ölçüm Aletleri	Açı Ölçerler	13
3119	3111	Ölçüm Aletleri	Gaz Ölçer	13
3120	3111	Ölçüm Aletleri	Hassas Terazi	13
3121	3111	Ölçüm Aletleri	Higrometre	13
3122	3111	Ölçüm Aletleri	Multimetre	13
3123	3111	Ölçüm Aletleri	Kontrol Kalemi	13
3124	3111	Ölçüm Aletleri	Pensampermetre	13
3125	3111	Ölçüm Aletleri	Test Cihazları	13
3126	3111	Ölçüm Aletleri	Voltmetre	13
4191	3111	Ölçüm Aletleri	Manometre	13
3128	3127	Bahçe Makineleri	Çim Biçme Makineleri	13
3132	3127	Bahçe Makineleri	Çapa Makineleri	13
3135	3127	Bahçe Makineleri	Zincirli Ağaç Kesme Makineleri	13
3139	3127	Bahçe Makineleri	Tırpanlar	13
3142	3127	Bahçe Makineleri	Su Motorları ve Pompalar	13
3149	3127	Bahçe Makineleri	Çit Kesme Makineleri	13
3153	3127	Bahçe Makineleri	Dal Budama Makineleri	13
3157	3127	Bahçe Makineleri	Yaprak ve Dal Öğütme Makineleri	13
3158	3127	Bahçe Makineleri	Hasat Makineleri	13
3159	3127	Bahçe Makineleri	Toprak Burgu Makineleri	13
3160	3127	Bahçe Makineleri	Yaprak Toplama ve Üfleme Makineleri	13
3161	3127	Bahçe Makineleri	Çim Havalandırma Makineleri	13
3162	3127	Bahçe Makineleri	Çim Biçme Makasları	13
3163	3127	Bahçe Makineleri	Makine Yağları ve Aksesuarları	13
3164	3127	Bahçe Makineleri	İlaçlama ve Sisleme Makineleri	13
3169	3127	Bahçe Makineleri	Zincir Bileme Makineleri	13
3170	3127	Bahçe Makineleri	Makine Yedek Parçaları	13
3173	3127	Bahçe Makineleri	Basınçlı Yıkama Makineleri	13
3129	3128	Çim Biçme Makineleri	Elektrikli Çim Biçme Makineleri	13
3130	3128	Çim Biçme Makineleri	Benzinli Çim Biçme Makineleri	13
3131	3128	Çim Biçme Makineleri	Akülü Çim Biçme Makineleri	13
3133	3132	Çapa Makineleri	Benzinli Çapa Makineleri	13
3134	3132	Çapa Makineleri	Dizel Çapa Makineleri	13
3136	3135	Zincirli Ağaç Kesme Makineleri	Zincirli Ağaç Kesmeler	13
3137	3135	Zincirli Ağaç Kesme Makineleri	Elektrikli Ağaç Kesmeler	13
3138	3135	Zincirli Ağaç Kesme Makineleri	Akülü Ağaç Kesmeler	13
3140	3139	Tırpanlar	Elektrikli Tırpanlar	13
3141	3139	Tırpanlar	Benzinli Tırpanlar	13
3143	3142	Su Motorları ve Pompalar	Dalgıç Pompalar	13
3144	3142	Su Motorları ve Pompalar	Santrifüj Pompalar	13
3145	3142	Su Motorları ve Pompalar	Su Motorları	13
3146	3142	Su Motorları ve Pompalar	Hidroforlar	13
3147	3142	Su Motorları ve Pompalar	Bahçe Pompaları	13
3148	3142	Su Motorları ve Pompalar	Yedek Parçalar	13
3150	3149	Çit Kesme Makineleri	Elektrikli Çit Kesme Makineleri	13
3151	3149	Çit Kesme Makineleri	Benzinli Çit Kesme Makineleri	13
3152	3149	Çit Kesme Makineleri	Akülü Çit Kesme Makineleri	13
3154	3153	Dal Budama Makineleri	Elektrikli Dal Budama Makineleri	13
3155	3153	Dal Budama Makineleri	Benzinli Dal Budama Makineleri	13
3156	3153	Dal Budama Makineleri	Akülü Dal Budama Makineleri	13
3165	3164	İlaçlama ve Sisleme Makineleri	Benzinli İlaçlama Makineleri	13
3166	3164	İlaçlama ve Sisleme Makineleri	Akülü İlaçlama Makineleri	13
3167	3164	İlaçlama ve Sisleme Makineleri	Mekanik İlaçlama Makineleri	13
3168	3164	İlaçlama ve Sisleme Makineleri	Sisleme Makineleri	13
3171	3170	Makine Yedek Parçaları	Motorlar	13
3172	3170	Makine Yedek Parçaları	Yedek Parça ve Aksesuarlar	13
3174	3173	Basınçlı Yıkama Makineleri	Yıkama Makineleri	13
3175	3173	Basınçlı Yıkama Makineleri	Yıkama Makinesi Aksesuarları	13
3177	3176	Bahçe Aletleri	Bahçe Setleri	16
3178	3176	Bahçe Aletleri	Budama Makasları	16
3179	3176	Bahçe Aletleri	Budama Testereleri	16
3180	3176	Bahçe Aletleri	Kazma ve Kürekler	16
3183	3176	Bahçe Aletleri	Tırmık	16
3184	3176	Bahçe Aletleri	El Çapaları	16
3185	3176	Bahçe Aletleri	Fide Dikici ve Sökücüler	16
3186	3176	Bahçe Aletleri	Alet Sapları	16
3187	3176	Bahçe Aletleri	Bahçe Orakları	16
3188	3176	Bahçe Aletleri	Aşı Ekipmanları	16
3181	3180	Kazma ve Kürekler	Kazmalar	16
3182	3180	Kazma ve Kürekler	Kürekler	16
3189	3188	Aşı Ekipmanları	Aşı Makası	16
3190	3188	Aşı Ekipmanları	Aşı Bantları	16
3191	3188	Aşı Ekipmanları	Aşı Macunları	16
3193	3192	Bahçe Sulama Ekipmanları	Hortum ve Toplama Ürünleri	13
3194	3192	Bahçe Sulama Ekipmanları	Sulama Başlıkları	13
3195	3192	Bahçe Sulama Ekipmanları	Hortum Bağlantıları	13
3196	3192	Bahçe Sulama Ekipmanları	Fıskiyeler	13
3197	3192	Bahçe Sulama Ekipmanları	Su Zamanlayıcıları	13
3213	3212	Çiçek Bakımı ve Bitki Yetiştirme	Saksılar	16
3214	3212	Çiçek Bakımı ve Bitki Yetiştirme	Tohumlar	16
3220	3212	Çiçek Bakımı ve Bitki Yetiştirme	Torf ve Topraklar	16
3223	3212	Çiçek Bakımı ve Bitki Yetiştirme	Canlı Çiçekler	16
3224	3212	Çiçek Bakımı ve Bitki Yetiştirme	Fideler	16
3228	3212	Çiçek Bakımı ve Bitki Yetiştirme	Bitki Besinleri ve Gübreler	16
3233	3212	Çiçek Bakımı ve Bitki Yetiştirme	Bonsai ve Hobi Bitkileri	16
3234	3212	Çiçek Bakımı ve Bitki Yetiştirme	Dış Mekan ve Sarmaşık Bitkiler	16
3235	3212	Çiçek Bakımı ve Bitki Yetiştirme	Sera ve Sera Ekipmanları	16
3236	3212	Çiçek Bakımı ve Bitki Yetiştirme	Teraryum ve Sukulentler	16
3237	3212	Çiçek Bakımı ve Bitki Yetiştirme	Solmayan Güller	16
3238	3212	Çiçek Bakımı ve Bitki Yetiştirme	Yapay Çiçekler ve Süsleme	16
3215	3214	Tohumlar	Çiçek Tohumları	16
3216	3214	Tohumlar	Meyve Tohumları	16
3217	3214	Tohumlar	Sebze Tohumları	16
3218	3214	Tohumlar	Bitki Tohumları	16
3219	3214	Tohumlar	Çim Tohumları	16
3221	3220	Torf ve Topraklar	Torflar	16
3222	3220	Torf ve Topraklar	Topraklar	16
3225	3224	Fideler	Meyve Fideleri	16
3226	3224	Fideler	Sebze Fideleri	16
3227	3224	Fideler	Çiçek Fideleri	16
3229	3228	Bitki Besinleri ve Gübreler	Katı Gübreler	16
3230	3228	Bitki Besinleri ve Gübreler	Sıvı Gübreler	16
3231	3228	Bitki Besinleri ve Gübreler	Toprak Katkı Ürünleri	16
3232	3228	Bitki Besinleri ve Gübreler	Zararlı Ot Kimyasalları	16
3240	3239	Hayvancılık Ürünleri	Çiftlik Hayvan Yemleri	16
3241	3239	Hayvancılık Ürünleri	Hayvan Bakım Ürünleri	16
3242	3239	Hayvancılık Ürünleri	Kümes Hayvanları Ekipmanları	16
3243	3239	Hayvancılık Ürünleri	Arıcılık Ekipmanları	16
3244	3239	Hayvancılık Ürünleri	Hayvancılık Ekipmanları	16
3246	3245	Bahçe ve Ev Kovucular	Haşere ve Fare Kovucular	16
3247	3245	Bahçe ve Ev Kovucular	Sinek ve Sivrisinek Kovucular	16
3248	3245	Bahçe ve Ev Kovucular	Büyük Hayvan Kovucular	16
3250	3249	Mangal ve Barbekü	Mangallar	13
3251	3249	Mangal ve Barbekü	Mangal Aksesuarları	13
3252	3249	Mangal ve Barbekü	Piknik Setleri	13
3253	3249	Mangal ve Barbekü	Semaverler	13
3254	3249	Mangal ve Barbekü	Nargile ve Aksesuarları	13
4190	3249	Mangal ve Barbekü	Mangal Kömürü	13
3256	3255	Bahçe Dekorasyonu	Dekoratif Ürünler	16
3257	3255	Bahçe Dekorasyonu	Yapay Çim ve Halılar	16
3258	3255	Bahçe Dekorasyonu	Çitler	16
3259	3255	Bahçe Dekorasyonu	Çöp Kovaları ve Konteyner	16
3261	3260	Havuz Ürünleri	Havuz Temizlik Malzemeleri ve Kimyasalları	16
3262	3260	Havuz Ürünleri	Havuz Dekorasyonu	16
3263	3260	Havuz Ürünleri	Havuz Temizlik Makineleri	16
3264	3260	Havuz Ürünleri	Havuz Isıtma Ekipmanları	16
3265	3260	Havuz Ürünleri	Havuz Pompaları	16
3266	3260	Havuz Ürünleri	Havuz Aydınlatma	16
3268	3267	Ahşap Ürünleri	Hazır Ahşap Yapılar	16
3269	3267	Ahşap Ürünleri	Hobi Ahşap Ürünleri	16
3271	3270	Soba ve Şömineler	Sobalar	16
3272	3270	Soba ve Şömineler	Şömineler	16
4180	3270	Soba ve Şömineler	Soba ve Şömine Yakıtları	16
3274	3273	Oto Aksesuar	Oto İç Aksesuar	13
3311	3273	Oto Aksesuar	Oto Dış Aksesuar	13
3327	3273	Oto Aksesuar	Silecekler	13
3328	3273	Oto Aksesuar	Oto Brandalar	13
3329	3273	Oto Aksesuar	Lastik Aksesuarları	13
3338	3273	Oto Aksesuar	Oto Aydınlatma Ürünleri	13
3346	3273	Oto Aksesuar	Korna Ve Sirenler	13
3275	3274	Oto İç Aksesuar	Paspas	13
3278	3274	Oto İç Aksesuar	Bagaj Havuzları	13
3281	3274	Oto İç Aksesuar	Koltuk Kılıfları	13
3286	3274	Oto İç Aksesuar	Seyahat Ürünleri	13
3294	3274	Oto İç Aksesuar	Güneşlikler	13
3295	3274	Oto İç Aksesuar	Direksiyon Kılıfı	13
3296	3274	Oto İç Aksesuar	Kolçaklar	13
3297	3274	Oto İç Aksesuar	Telefon Ve Tablet Aksesuarları	13
3302	3274	Oto İç Aksesuar	Bardak Ve İçecek Tutucu	20
3303	3274	Oto İç Aksesuar	Organizer	13
3304	3274	Oto İç Aksesuar	Araç Kokuları	13
3305	3274	Oto İç Aksesuar	Krom İç Aksesuarlar	13
3306	3274	Oto İç Aksesuar	Torpido Kaplama	13
3307	3274	Oto İç Aksesuar	Pedal Setleri	13
3310	3274	Oto İç Aksesuar	Diğer	13
3276	3275	Paspas	Halı Paspas	15
3277	3275	Paspas	Kavçuk Paspas	13
3279	3278	Bagaj Havuzları	Halı Bagaj Havuzları	13
3280	3278	Bagaj Havuzları	Kavcuk Bagaj Havuzları	13
3282	3281	Koltuk Kılıfları	Araca Özel Koltuk Kılıfları	13
3283	3281	Koltuk Kılıfları	Atlet Koltuk Kılıfları	13
3284	3281	Koltuk Kılıfları	Deri Koltuk Kılıfları	13
3285	3281	Koltuk Kılıfları	Kumaş Koltuk Kılıfları	13
3287	3286	Seyahat Ürünleri	Koltuk Aksesuarları	13
3288	3286	Seyahat Ürünleri	Bagaj Ürünleri	13
3289	3286	Seyahat Ürünleri	Boyun Yastıkları	13
3290	3286	Seyahat Ürünleri	Minderler	13
3291	3286	Seyahat Ürünleri	Elbise Askıları	13
3292	3286	Seyahat Ürünleri	Piknik/Kamp Ürünleri	13
3293	3286	Seyahat Ürünleri	Su Isıtıcılar	13
7249	3286	Seyahat Ürünleri	Oto Buzdolabı	13
3298	3297	Telefon Ve Tablet Aksesuarları	Telefon Tutucular	20
3299	3297	Telefon Ve Tablet Aksesuarları	Tablet Tutucular	20
3300	3297	Telefon Ve Tablet Aksesuarları	Araç Şarj Cihazları	20
3301	3297	Telefon Ve Tablet Aksesuarları	Bluetooth Araç Kiti	20
3308	3307	Pedal Setleri	Otomatik Vites	13
3309	3307	Pedal Setleri	Manuel Vites	13
3312	3311	Oto Dış Aksesuar	Arma Ve Sticker	13
3315	3311	Oto Dış Aksesuar	Krom Dış Aksesuarlar	13
3316	3311	Oto Dış Aksesuar	Cam Aksesuarları	13
3319	3311	Oto Dış Aksesuar	Folyo Kaplama	13
3322	3311	Oto Dış Aksesuar	Sibop Kapakları	13
3323	3311	Oto Dış Aksesuar	Park Sensörleri	13
3324	3311	Oto Dış Aksesuar	Geri Görüş Kameraları	13
3325	3311	Oto Dış Aksesuar	Plakalıklar	13
3326	3311	Oto Dış Aksesuar	Oto Antenleri	13
3313	3312	Arma Ve Sticker	Arma	13
3314	3312	Arma Ve Sticker	Sticker	13
3317	3316	Cam Aksesuarları	Cam Rüzgarlıkları	13
3318	3316	Cam Aksesuarları	Cam Çıtaları	13
3320	3319	Folyo Kaplama	Cam Filmleri	13
3321	3319	Folyo Kaplama	Kaplama Folyoları	13
3330	3329	Lastik Aksesuarları	Buz Çözücüler	13
3331	3329	Lastik Aksesuarları	Oto Kar Zincirleri	13
3332	3329	Lastik Aksesuarları	Oto Kar Çorapları	13
3333	3329	Lastik Aksesuarları	Krikolar	13
3334	3329	Lastik Aksesuarları	Lastik Tamir Kitleri	13
3335	3329	Lastik Aksesuarları	Jant Kapakları	13
3336	3329	Lastik Aksesuarları	Bijonlar	13
3337	3329	Lastik Aksesuarları	Diğer	13
3339	3338	Oto Aydınlatma Ürünleri	Led Şerit	13
3340	3338	Oto Aydınlatma Ürünleri	Oto Ampülleri	13
3341	3338	Oto Aydınlatma Ürünleri	Gündüz Ledi	13
3342	3338	Oto Aydınlatma Ürünleri	Xenon Yedek Ampülleri	13
3343	3338	Oto Aydınlatma Ürünleri	Sis Lambaları	13
3344	3338	Oto Aydınlatma Ürünleri	Far Sensörleri	13
3345	3338	Oto Aydınlatma Ürünleri	Diğer	13
3347	3346	Korna Ve Sirenler	Kornalar	13
3348	3346	Korna Ve Sirenler	Sirenler	13
3350	3349	Oto Ses Ve Görüntü Sistemleri	Oto Ses Sistemleri	10
3355	3349	Oto Ses Ve Görüntü Sistemleri	Oto Görüntü Sistemleri	10
3360	3349	Oto Ses Ve Görüntü Sistemleri	Navigasyon	10
3351	3350	Oto Ses Sistemleri	Oto Teyp, Cd Çalar Ve Mp3 Çalar	10
3352	3350	Oto Ses Sistemleri	Oto Hoparlör	10
3353	3350	Oto Ses Sistemleri	Oto Amfi	10
3354	3350	Oto Ses Sistemleri	Kablo Ve Aksesuar	10
3356	3355	Oto Görüntü Sistemleri	Monitörler	10
3357	3355	Oto Görüntü Sistemleri	Multimedyalar	10
3358	3355	Oto Görüntü Sistemleri	Kameralar	10
3359	3355	Oto Görüntü Sistemleri	Kablo Ve Aksesuarlar	10
3362	3361	Oto Lastik Ve Jant	Oto Lastik	10
3367	3361	Oto Lastik Ve Jant	Jant	10
3363	3362	Oto Lastik	Yaz Lastiği	10
3364	3362	Oto Lastik	Kış Lastiği	10
3365	3362	Oto Lastik	Dört Mevsim	10
3366	3362	Oto Lastik	İş Makinası Ve Zirai Lastik	10
3369	3368	Yedek Parçalar	Oem Yedek Parça	13
3384	3368	Yedek Parçalar	Oto Bakım Ürünleri	13
3428	3368	Yedek Parçalar	Akü Ve Aksesuarları	13
3370	3369	Oem Yedek Parça	Motor Parçaları	13
3371	3369	Oem Yedek Parça	Kaporta Parçaları	13
3372	3369	Oem Yedek Parça	Elektrik Ve Elektronik Parçalar	13
3382	3369	Oem Yedek Parça	İç Trim Parçaları	13
3383	3369	Oem Yedek Parça	Dış Trim Parçaları	13
4225	3369	Oem Yedek Parça	Süspansiyon-Tekerlekler	13
5508	3370	Motor Parçaları	Debriyaj Alt Merkezi	13
5511	3370	Motor Parçaları	Debriyaj Balatası	13
5514	3370	Motor Parçaları	Debriyaj Baskısı	13
5517	3370	Motor Parçaları	Debriyaj Bilyası-Rulmanı	13
5520	3370	Motor Parçaları	Debriyaj Çatal Fiberi	13
5523	3370	Motor Parçaları	Debriyaj Çatalı	13
5526	3370	Motor Parçaları	Debriyaj Hortumu	13
5532	3370	Motor Parçaları	Debriyaj Pedal Sensörü	13
5535	3370	Motor Parçaları	Debriyaj Pedalı	13
5538	3370	Motor Parçaları	Debriyaj Seti	13
5541	3370	Motor Parçaları	Debriyaj Teli	13
5544	3370	Motor Parçaları	Debriyaj Üst Merkezi	13
5547	3370	Motor Parçaları	Volan	13
5550	3370	Motor Parçaları	Debriyaj Merkezi	13
5553	3370	Motor Parçaları	Debriyaj Merkez Burcu	13
5556	3370	Motor Parçaları	Ayna Mahruti	13
5559	3370	Motor Parçaları	Defransiyel	13
5562	3370	Motor Parçaları	Defransiyel Kapağı	13
5565	3370	Motor Parçaları	Defransiyel Kapak Contası	13
5568	3370	Motor Parçaları	Defransiyel Keçesi	13
5571	3370	Motor Parçaları	Defransiyel Rulmanı	13
5574	3370	Motor Parçaları	İstavroz Dişlisi	13
5577	3370	Motor Parçaları	İstavroz Mili	13
5580	3370	Motor Parçaları	Şaft	13
5583	3370	Motor Parçaları	Defransiyel Takozu	13
5586	3370	Motor Parçaları	Geri Vites Dişlisi	13
5589	3370	Motor Parçaları	Geri Vites Müşürü	13
5592	3370	Motor Parçaları	Kilometre Dişlisi	13
5598	3370	Motor Parçaları	Kilometre Teli	13
5601	3370	Motor Parçaları	Prizdirek Kapağı	13
5604	3370	Motor Parçaları	Prizdirek Keçesi	13
5607	3370	Motor Parçaları	Prizdirek Mili	13
5610	3370	Motor Parçaları	Prizdirek Rulmanı	13
5613	3370	Motor Parçaları	Senkromenç	13
5616	3370	Motor Parçaları	Şanzıman Arka Kapak	13
5619	3370	Motor Parçaları	Şanzıman Bilyası	13
5622	3370	Motor Parçaları	Şanzıman Keçesi	13
5625	3370	Motor Parçaları	Şanzıman Takım Conta	13
5628	3370	Motor Parçaları	Şanzıman Takozu	13
5631	3370	Motor Parçaları	Vites Çatalı	13
5634	3370	Motor Parçaları	Vites Çubukları	13
5637	3370	Motor Parçaları	Vites Dişlileri	13
5643	3370	Motor Parçaları	Vites Körüğü	13
5652	3370	Motor Parçaları	Volan Bilyası	13
5655	3370	Motor Parçaları	Kamalı Mil Rulmanı	13
5656	3370	Motor Parçaları	Grup Mili	13
5659	3370	Motor Parçaları	Vites Burcu	13
5662	3370	Motor Parçaları	Vites Müşürü	13
5665	3370	Motor Parçaları	Ek Depo Hortumu	13
5668	3370	Motor Parçaları	Hortum	13
5671	3370	Motor Parçaları	İntercool-Turbo Hortumu	13
5674	3370	Motor Parçaları	Kalorifer Hortumu	13
5677	3370	Motor Parçaları	Klima Borusu	13
5680	3370	Motor Parçaları	Radyatör Alt Hortumu	13
5683	3370	Motor Parçaları	Radyatör Üst Hortumu	13
5686	3370	Motor Parçaları	Su Pompa Hortumu	13
5689	3370	Motor Parçaları	Termostat Hortumu	13
5692	3370	Motor Parçaları	Kalorifer	13
5695	3370	Motor Parçaları	Kalorifer Anahtarı	13
5698	3370	Motor Parçaları	Kalorifer Motoru	13
5701	3370	Motor Parçaları	Kalorifer Musluğu	13
5704	3370	Motor Parçaları	Kalorifer Radyatör Contası	13
5707	3370	Motor Parçaları	Kalorifer Radyatörü	13
5710	3370	Motor Parçaları	Kalorifer Rezistansı	13
5713	3370	Motor Parçaları	Kalorifer Tamir Takımı	13
5716	3370	Motor Parçaları	Devirdaim	13
5719	3370	Motor Parçaları	Fan Davlumbazı	13
5722	3370	Motor Parçaları	Fan Motoru	13
5725	3370	Motor Parçaları	Fan Müşürü	13
5728	3370	Motor Parçaları	Fan Rezistansı	13
5731	3370	Motor Parçaları	Genleşme Kabı	13
5737	3370	Motor Parçaları	İntercool-Turbo Radyatörü	13
5740	3370	Motor Parçaları	Klima Kompresörü	13
5743	3370	Motor Parçaları	Klima Müşürü	13
5746	3370	Motor Parçaları	Klima Radyatörü	13
5749	3370	Motor Parçaları	Kurutucu	13
5752	3370	Motor Parçaları	Pervane	13
5755	3370	Motor Parçaları	Radyatör Bağlantı Ayağı	13
5758	3370	Motor Parçaları	Radyatör Çerçevesi	13
5761	3370	Motor Parçaları	Radyatör Ek Depo	13
5764	3370	Motor Parçaları	Radyatör Ek Depo Kapağı	13
5767	3370	Motor Parçaları	Radyatör Kapağı	13
5770	3370	Motor Parçaları	Su Pompası	13
5773	3370	Motor Parçaları	Su Radyatörü	13
5779	3370	Motor Parçaları	Termostat Gövdesi	13
5782	3370	Motor Parçaları	Devirdaim Borusu	13
5785	3370	Motor Parçaları	Motor Havalandırma Hortumu	13
5788	3370	Motor Parçaları	Bobin	13
5794	3370	Motor Parçaları	Buji Kablosu	13
5797	3370	Motor Parçaları	Distribütör	13
5800	3370	Motor Parçaları	Distribütör Kapağı	13
5803	3370	Motor Parçaları	Isıtma Bujisi	13
5809	3370	Motor Parçaları	Bobin Kablosu	13
5812	3370	Motor Parçaları	Elektrovalf	13
5815	3370	Motor Parçaları	Elektronik Modül	13
5818	3370	Motor Parçaları	Alt Takım Conta	13
5821	3370	Motor Parçaları	Egr Contası	13
5824	3370	Motor Parçaları	Egzoz Manifold Contası	13
5827	3370	Motor Parçaları	Emme Manifold Contası	13
5830	3370	Motor Parçaları	Karbüratör Contası	13
5833	3370	Motor Parçaları	Karter Contası	13
5836	3370	Motor Parçaları	Manifold Contası	13
5839	3370	Motor Parçaları	Silindir Kapak Contası	13
5842	3370	Motor Parçaları	Takım Conta	13
5845	3370	Motor Parçaları	Turbo Contası	13
5848	3370	Motor Parçaları	Üst Kapak Contası	13
5851	3370	Motor Parçaları	Üst Takım Conta	13
5854	3370	Motor Parçaları	Yağ Pompa Contası	13
5857	3370	Motor Parçaları	Devirdaim Contası	13
5860	3370	Motor Parçaları	Eksantrik Conta	13
5863	3370	Motor Parçaları	Yağ Soğutucu Contası	13
5866	3370	Motor Parçaları	Conta	13
5869	3370	Motor Parçaları	Keçe	13
5872	3370	Motor Parçaları	Alternatör Bilyası	13
5875	3370	Motor Parçaları	Alternatör Kayış Seti	13
5881	3370	Motor Parçaları	Direksiyon Kayışı	13
5884	3370	Motor Parçaları	Gergi Bilyası	13
5887	3370	Motor Parçaları	Klima Kayışı	13
5890	3370	Motor Parçaları	Triger Bilyaları	13
5896	3370	Motor Parçaları	Triger Parçaları	13
5899	3370	Motor Parçaları	Triger Seti	13
5905	3370	Motor Parçaları	Zincir Seti	13
5908	3370	Motor Parçaları	Triger Gergi Bilyaları	13
5911	3370	Motor Parçaları	Gergi Rulmanı	13
5914	3370	Motor Parçaları	Triger Dişlisi	13
5917	3370	Motor Parçaları	Ana Yatak	13
5920	3370	Motor Parçaları	Arka Krank Keçesi	13
5923	3370	Motor Parçaları	Blok Tapası	13
5926	3370	Motor Parçaları	Eksantrik Dişlisi	13
5929	3370	Motor Parçaları	Eksantrik Mili	13
5932	3370	Motor Parçaları	Gömlek	13
5935	3370	Motor Parçaları	Hava Akışmetre	13
5938	3370	Motor Parçaları	itici	13
5941	3370	Motor Parçaları	Karter Tapası	13
5944	3370	Motor Parçaları	Kenar Yatak	13
5947	3370	Motor Parçaları	Kol Burcu	13
5950	3370	Motor Parçaları	Kol Yatak	13
5953	3370	Motor Parçaları	Krank	13
5956	3370	Motor Parçaları	Krank Dişlisi	13
5959	3370	Motor Parçaları	Krank Kapak Contası	13
5962	3370	Motor Parçaları	Krank Keçesi	13
5965	3370	Motor Parçaları	Motor Takozu	13
5968	3370	Motor Parçaları	Ön Krank Keçesi	13
5971	3370	Motor Parçaları	Krank Kasnağı	13
5974	3370	Motor Parçaları	Piston Kolu	13
5977	3370	Motor Parçaları	Piston Segman	13
5980	3370	Motor Parçaları	Segman	13
5983	3370	Motor Parçaları	Silindir Kapağı	13
5986	3370	Motor Parçaları	Subap	13
5989	3370	Motor Parçaları	Subap Gaydı	13
5992	3370	Motor Parçaları	Subap Lastiği	13
5995	3370	Motor Parçaları	Turbo	13
5998	3370	Motor Parçaları	Üst Kapak	13
6004	3370	Motor Parçaları	Yağ Çubuğu	13
6007	3370	Motor Parçaları	Yağ Kapağı	13
6010	3370	Motor Parçaları	Yağ Karteri	13
6013	3370	Motor Parçaları	Yağ Pompa Süzgeci	13
6016	3370	Motor Parçaları	Yağ Pompası	13
6019	3370	Motor Parçaları	Yağ Soğutucu	13
6022	3370	Motor Parçaları	Yağlama Fıskiyesi	13
6025	3370	Motor Parçaları	Yakıt Pompası	13
6028	3370	Motor Parçaları	Eksantrik Gergi Yatağı	13
6031	3370	Motor Parçaları	Ay Yatak	13
6034	3370	Motor Parçaları	Eksantrik Yatak	13
6037	3370	Motor Parçaları	Eksantrik Keçesi	13
6040	3370	Motor Parçaları	Fincan	13
6043	3370	Motor Parçaları	Silindir Kapak Tapası	13
6046	3370	Motor Parçaları	Zincir	13
6049	3370	Motor Parçaları	Triger Kapağı	13
6052	3370	Motor Parçaları	Eksantrik Kapağı	13
6055	3370	Motor Parçaları	Eksantrik Aparatı	13
6058	3370	Motor Parçaları	Silindir Kapak Saplaması	13
6061	3370	Motor Parçaları	Külbütör Kapağı	13
6064	3370	Motor Parçaları	Basınç Regülatörü	13
6067	3370	Motor Parçaları	Benzin Otomatiği	13
6070	3370	Motor Parçaları	Benzin Pompası	13
6073	3370	Motor Parçaları	Debimetre	13
6076	3370	Motor Parçaları	Depo Şamandırası	13
6079	3370	Motor Parçaları	Egr Kapağı	13
6082	3370	Motor Parçaları	Egr Komple	13
6085	3370	Motor Parçaları	Egr Valfi	13
6088	3370	Motor Parçaları	Egzoz Manifoldu	13
6091	3370	Motor Parçaları	Emme Manifoldu	13
6094	3370	Motor Parçaları	Enjektör	13
6097	3370	Motor Parçaları	Enjektör Keçesi	13
6100	3370	Motor Parçaları	Gaz Kelebeği	13
6103	3370	Motor Parçaları	Gaz Teli	13
6109	3370	Motor Parçaları	Hava Filtre Bağlantı Lastiği	13
6112	3370	Motor Parçaları	Hava Filtre Kutusu	13
6115	3370	Motor Parçaları	Isı Değiştirici	13
6118	3370	Motor Parçaları	Isı Sacı	13
6121	3370	Motor Parçaları	İntercool Radyatörü	13
6124	3370	Motor Parçaları	Jikle Teli	13
6127	3370	Motor Parçaları	Karbüratör	13
6130	3370	Motor Parçaları	Katalizör	13
6133	3370	Motor Parçaları	Manifold Rekoru	13
6142	3370	Motor Parçaları	Mazot Pompa Müşürü	13
6145	3370	Motor Parçaları	Mazot Pompası	13
6148	3370	Motor Parçaları	Mazot Pompası Komple	13
6151	3370	Motor Parçaları	Potansiyometre	13
6154	3370	Motor Parçaları	Reil Borusu	13
6157	3370	Motor Parçaları	Turbo Radyatörü	13
6160	3370	Motor Parçaları	Turbo Valfi	13
6163	3370	Motor Parçaları	Yakıt Deposu	13
6169	3370	Motor Parçaları	Enjektör Muhafazası	13
6172	3370	Motor Parçaları	Egzoz Lastiği	13
6175	3370	Motor Parçaları	Enjeksiyon Pompa Dişlisi	13
6178	3370	Motor Parçaları	Diyafram	13
6181	3370	Motor Parçaları	Gaz Pedalı	13
6184	3370	Motor Parçaları	Depo Şamandıra Contası	13
6187	3370	Motor Parçaları	Depo Şamandıra Somunu	13
6190	3370	Motor Parçaları	Benzin Deposu	13
6193	3370	Motor Parçaları	Benzin Hortumu	13
6196	3370	Motor Parçaları	Depo Hortumları	13
6199	3370	Motor Parçaları	Emme Hortumu	13
6202	3370	Motor Parçaları	Enjektör Borusu	13
6205	3370	Motor Parçaları	Enjektör Hortumu	13
6208	3370	Motor Parçaları	Hava Filtre Hortumu	13
6211	3370	Motor Parçaları	İntercool Hortumu	13
6214	3370	Motor Parçaları	Mazot Filtre Hortumu	13
6217	3370	Motor Parçaları	Turbo Hortumu	13
6220	3370	Motor Parçaları	Yakıt Hortumu	13
6223	3370	Motor Parçaları	Hava Hortumu	13
6226	3370	Motor Parçaları	Emme Manifold Hortumu	13
6229	3370	Motor Parçaları	Isı Hortumu	13
5224	3371	Kaporta Parçaları	Far Rolesi	13
5227	3371	Kaporta Parçaları	Far	13
5230	3371	Kaporta Parçaları	Far Alt Çıtası	13
5233	3371	Kaporta Parçaları	Far Ampulu	13
5236	3371	Kaporta Parçaları	Far Bağlantı Braketi	13
5239	3371	Kaporta Parçaları	Far Camı	13
5242	3371	Kaporta Parçaları	Far Motoru	13
5245	3371	Kaporta Parçaları	Sağ Far	13
5248	3371	Kaporta Parçaları	Sol Far	13
5251	3371	Kaporta Parçaları	Araç İçi Ampuller	13
5254	3371	Kaporta Parçaları	Arka Tavan Lambası	13
5257	3371	Kaporta Parçaları	Bagaj İç Lambası	13
5260	3371	Kaporta Parçaları	Kapı İç Lambası	13
5263	3371	Kaporta Parçaları	Ön Tavan Lambası	13
5266	3371	Kaporta Parçaları	Tavan Lambası	13
5269	3371	Kaporta Parçaları	Torpido İç Lambası	13
5272	3371	Kaporta Parçaları	Çamurluk Sinyali	13
5275	3371	Kaporta Parçaları	Kaplama Sinyali	13
5278	3371	Kaporta Parçaları	Park Lambası	13
5281	3371	Kaporta Parçaları	Sağ Sinyal	13
5284	3371	Kaporta Parçaları	Sinyal	13
5287	3371	Kaporta Parçaları	Sinyal Ampulleri	13
5290	3371	Kaporta Parçaları	Sol Sinyal	13
5293	3371	Kaporta Parçaları	Ayna Sinyali	13
5296	3371	Kaporta Parçaları	Arka Sis Lambası	13
5299	3371	Kaporta Parçaları	Geri Vites Lambası	13
5305	3371	Kaporta Parçaları	Sağ Sis	13
5308	3371	Kaporta Parçaları	Sis Ampulleri	13
5314	3371	Kaporta Parçaları	Sis Farı	13
5317	3371	Kaporta Parçaları	Sol Sis	13
5320	3371	Kaporta Parçaları	Bagaj Stop	13
5323	3371	Kaporta Parçaları	Dış Stop Sağ	13
5326	3371	Kaporta Parçaları	Dış Stop Sol	13
5329	3371	Kaporta Parçaları	İç Stop Sağ	13
5332	3371	Kaporta Parçaları	İç Stop Sol	13
5335	3371	Kaporta Parçaları	Sağ Stop	13
5338	3371	Kaporta Parçaları	Sol Stop	13
5341	3371	Kaporta Parçaları	Stop	13
5344	3371	Kaporta Parçaları	Stop Ampulu	13
5347	3371	Kaporta Parçaları	Stop Camı	13
5350	3371	Kaporta Parçaları	Plaka Lambası	13
5353	3371	Kaporta Parçaları	Arka Tampon	13
5356	3371	Kaporta Parçaları	Arka Tampon Bandı	13
5359	3371	Kaporta Parçaları	Arka Tampon Braketi	13
5362	3371	Kaporta Parçaları	Arka Tampon Çeki Demir Kapağı	13
5365	3371	Kaporta Parçaları	Arka Tampon Demiri	13
5368	3371	Kaporta Parçaları	Arka Tampon Köpüğü	13
5371	3371	Kaporta Parçaları	Arka Tampon Köşesi	13
5374	3371	Kaporta Parçaları	Arka Tampon Nikelajı	13
5377	3371	Kaporta Parçaları	Arka Çamurluk	13
5380	3371	Kaporta Parçaları	Arka Kapı	13
5383	3371	Kaporta Parçaları	Bagaj Kapağı	13
5386	3371	Kaporta Parçaları	Bagaj Menteşesi	13
5389	3371	Kaporta Parçaları	Bagaj Yayı	13
5392	3371	Kaporta Parçaları	Çamurluk Bağlantı Sacları	13
5398	3371	Kaporta Parçaları	Kapı Menteşeleri	13
5401	3371	Kaporta Parçaları	Motor Kaput Menteşeleri	13
5404	3371	Kaporta Parçaları	Motor Kaputu	13
5407	3371	Kaporta Parçaları	Ön Çamurluk	13
5410	3371	Kaporta Parçaları	Ön Kapı	13
5413	3371	Kaporta Parçaları	Ön Sağ Çamurluk	13
5416	3371	Kaporta Parçaları	Ön Sol Çamurluk	13
5419	3371	Kaporta Parçaları	Sağ Arka Çamurluk	13
5422	3371	Kaporta Parçaları	Sol Arka Çamurluk	13
5425	3371	Kaporta Parçaları	Sürgülü Kapı	13
5428	3371	Kaporta Parçaları	Motor Kaput Amortisörü	13
5431	3371	Kaporta Parçaları	Çamurluk Somunu	13
5434	3371	Kaporta Parçaları	Motor Kaput Açma Teli	13
5437	3371	Kaporta Parçaları	Kapı Ayar Lastiği	13
5440	3371	Kaporta Parçaları	Arka Panel	13
5443	3371	Kaporta Parçaları	Arka Panel Ara Sacı	13
5446	3371	Kaporta Parçaları	Arka Panel Traversi	13
5449	3371	Kaporta Parçaları	Marşbiyel	13
5452	3371	Kaporta Parçaları	Marşbiyel Sacı	13
5455	3371	Kaporta Parçaları	Ön Panel	13
5458	3371	Kaporta Parçaları	Ön Panel Traversi	13
5461	3371	Kaporta Parçaları	Radyatör Alt Sacı	13
5464	3371	Kaporta Parçaları	Şase	13
5467	3371	Kaporta Parçaları	Şase Kolu	13
5470	3371	Kaporta Parçaları	Şase Traversi	13
5473	3371	Kaporta Parçaları	Ön Tampon	13
5476	3371	Kaporta Parçaları	Ön Tampon Bandı	13
5479	3371	Kaporta Parçaları	Ön Tampon Braketi	13
5488	3371	Kaporta Parçaları	Ön Tampon Demiri	13
5491	3371	Kaporta Parçaları	Ön Tampon Izgarası	13
5494	3371	Kaporta Parçaları	Ön Tampon Köpüğü	13
5497	3371	Kaporta Parçaları	Ön Tampon Nikelajı	13
5500	3371	Kaporta Parçaları	Ön Tampon Panjuru	13
5503	3371	Kaporta Parçaları	Ön Tampon Sis Çerçevesi	13
5506	3371	Kaporta Parçaları	Ön Tampon Sis Kapağı	13
3373	3372	Elektrik Ve Elektronik Parçalar	Aydınlatma Parçaları	13
3378	3372	Elektrik Ve Elektronik Parçalar	Elektronik Parçalar	13
3379	3372	Elektrik Ve Elektronik Parçalar	Röle	13
3380	3372	Elektrik Ve Elektronik Parçalar	Sigorta	13
3381	3372	Elektrik Ve Elektronik Parçalar	Diğer	13
4468	3372	Elektrik Ve Elektronik Parçalar	Alternatör	13
4471	3372	Elektrik Ve Elektronik Parçalar	Alternatör Kapağı	13
4474	3372	Elektrik Ve Elektronik Parçalar	Alternatör Kasnağı	13
4477	3372	Elektrik Ve Elektronik Parçalar	Alternatör Kayışı	13
4480	3372	Elektrik Ve Elektronik Parçalar	Konjektör	13
4483	3372	Elektrik Ve Elektronik Parçalar	Stator	13
4486	3372	Elektrik Ve Elektronik Parçalar	Fırça Tutucu	20
4489	3372	Elektrik Ve Elektronik Parçalar	Anten	13
4492	3372	Elektrik Ve Elektronik Parçalar	Anten Çubuğu	13
4495	3372	Elektrik Ve Elektronik Parçalar	Anten Kablosu	13
4498	3372	Elektrik Ve Elektronik Parçalar	Anten Tabanı	13
4501	3372	Elektrik Ve Elektronik Parçalar	Çakmak	13
4504	3372	Elektrik Ve Elektronik Parçalar	Çakmaklık	13
4507	3372	Elektrik Ve Elektronik Parçalar	Korna	13
4510	3372	Elektrik Ve Elektronik Parçalar	Korna Rölesi	13
4513	3372	Elektrik Ve Elektronik Parçalar	Abs Beyni	13
4516	3372	Elektrik Ve Elektronik Parçalar	Airbag Beyni	13
4519	3372	Elektrik Ve Elektronik Parçalar	Body Computer	13
4522	3372	Elektrik Ve Elektronik Parçalar	Direksiyon Airbag	13
4525	3372	Elektrik Ve Elektronik Parçalar	Direksiyon Hava Yastığı	13
4528	3372	Elektrik Ve Elektronik Parçalar	Hava Yastığı Beyni	13
4531	3372	Elektrik Ve Elektronik Parçalar	Koltuk Airbag	13
4534	3372	Elektrik Ve Elektronik Parçalar	Koltuk Hava Yastığı	13
4537	3372	Elektrik Ve Elektronik Parçalar	Park Sensör Beyni	13
4543	3372	Elektrik Ve Elektronik Parçalar	Tavan Airbag	13
4546	3372	Elektrik Ve Elektronik Parçalar	Tavan Hava Yastığı	13
4549	3372	Elektrik Ve Elektronik Parçalar	Tesisatlar	13
4552	3372	Elektrik Ve Elektronik Parçalar	Yolcu Airbag	13
4555	3372	Elektrik Ve Elektronik Parçalar	Yolcu Hava Yastığpı	13
4558	3372	Elektrik Ve Elektronik Parçalar	Anahtarı Buton Grubu	13
4561	3372	Elektrik Ve Elektronik Parçalar	Arka Cam Anahtarı	13
4564	3372	Elektrik Ve Elektronik Parçalar	Arka Silecek Anahtarı	13
4567	3372	Elektrik Ve Elektronik Parçalar	Asr-Esp Anahtarı	13
4570	3372	Elektrik Ve Elektronik Parçalar	Ayna Ayar Anahtarı	13
4573	3372	Elektrik Ve Elektronik Parçalar	Ayna Kumanda Anahtarı	13
4576	3372	Elektrik Ve Elektronik Parçalar	Far Anahtarı	13
4579	3372	Elektrik Ve Elektronik Parçalar	Far Ayar Anahtarı	13
4582	3372	Elektrik Ve Elektronik Parçalar	Far Kolu	13
4585	3372	Elektrik Ve Elektronik Parçalar	Far-Sinyal Kolu	13
4588	3372	Elektrik Ve Elektronik Parçalar	Flaşör Anahtarı	13
4591	3372	Elektrik Ve Elektronik Parçalar	Merkezi Kilit Anahtarı	13
4594	3372	Elektrik Ve Elektronik Parçalar	Ön Cam Anahtarı	13
4597	3372	Elektrik Ve Elektronik Parçalar	Rezistans Anahtarı	13
4600	3372	Elektrik Ve Elektronik Parçalar	Sinyal Kolu	13
4603	3372	Elektrik Ve Elektronik Parçalar	Sis Anahtarı	13
4609	3372	Elektrik Ve Elektronik Parçalar	Kontak	13
4612	3372	Elektrik Ve Elektronik Parçalar	Kontak Termiği	13
4615	3372	Elektrik Ve Elektronik Parçalar	Marş Burcu	13
4618	3372	Elektrik Ve Elektronik Parçalar	Marş Çatalı	13
4621	3372	Elektrik Ve Elektronik Parçalar	Marş Dişlisi	13
4624	3372	Elektrik Ve Elektronik Parçalar	Marş Kollektörü	13
4627	3372	Elektrik Ve Elektronik Parçalar	Marş Kömürü	13
4630	3372	Elektrik Ve Elektronik Parçalar	Marş Motoru	13
4633	3372	Elektrik Ve Elektronik Parçalar	Marş Otomatiği	13
4636	3372	Elektrik Ve Elektronik Parçalar	Marş Ön Kapağı	13
4639	3372	Elektrik Ve Elektronik Parçalar	Pinyon Kapağı	13
4642	3372	Elektrik Ve Elektronik Parçalar	Airbag Darbe Sensörü	13
4645	3372	Elektrik Ve Elektronik Parçalar	Arka Abs Hız Sensörü	13
4648	3372	Elektrik Ve Elektronik Parçalar	Buharlaşma Sensörü	13
4651	3372	Elektrik Ve Elektronik Parçalar	Debriyaj Sensörü	13
4654	3372	Elektrik Ve Elektronik Parçalar	Eksantrik Sensörü	13
4657	3372	Elektrik Ve Elektronik Parçalar	Emme Manifold Sensörü	13
4660	3372	Elektrik Ve Elektronik Parçalar	Far Sensörü	13
4663	3372	Elektrik Ve Elektronik Parçalar	Fren Sensörü	13
4666	3372	Elektrik Ve Elektronik Parçalar	Gaz Pedal Sensörü	13
4669	3372	Elektrik Ve Elektronik Parçalar	Hararet Müşürü	13
4672	3372	Elektrik Ve Elektronik Parçalar	Isı Sensörü	13
4675	3372	Elektrik Ve Elektronik Parçalar	Kilometre Sensörü	13
4678	3372	Elektrik Ve Elektronik Parçalar	Krank Sensörü	13
4681	3372	Elektrik Ve Elektronik Parçalar	Lastik Basınç Sensörü	13
4684	3372	Elektrik Ve Elektronik Parçalar	Map Sensörü	13
4687	3372	Elektrik Ve Elektronik Parçalar	Oksijen-Lambda Sensörü	13
4690	3372	Elektrik Ve Elektronik Parçalar	Ön Abs Hız Sensörü	13
4693	3372	Elektrik Ve Elektronik Parçalar	Park Sensörü	13
4696	3372	Elektrik Ve Elektronik Parçalar	Vuruntu Sensörü	13
4699	3372	Elektrik Ve Elektronik Parçalar	Yağ Müşürü	13
4702	3372	Elektrik Ve Elektronik Parçalar	Yağmur Sensörü	13
4705	3372	Elektrik Ve Elektronik Parçalar	Basınç Sensörü	13
4708	3372	Elektrik Ve Elektronik Parçalar	Oksijen Sensörü	13
4711	3372	Elektrik Ve Elektronik Parçalar	Faz Sensörü	13
4714	3372	Elektrik Ve Elektronik Parçalar	Ön Abs Sensörü	13
4717	3372	Elektrik Ve Elektronik Parçalar	Abs Sensörü	13
4720	3372	Elektrik Ve Elektronik Parçalar	Fren Müşürü	13
4723	3372	Elektrik Ve Elektronik Parçalar	Sıcaklık Sensörü	13
4726	3372	Elektrik Ve Elektronik Parçalar	Pozisyon Sensörü	13
4729	3372	Elektrik Ve Elektronik Parçalar	Arka Abs Sensörü	13
4732	3372	Elektrik Ve Elektronik Parçalar	Kızdırma Rolesi	13
4735	3372	Elektrik Ve Elektronik Parçalar	Gaz Kelebek Sensörü	13
4738	3372	Elektrik Ve Elektronik Parçalar	Abs Sensörü Ön	13
4741	3372	Elektrik Ve Elektronik Parçalar	Abs Sensörü Arka	13
4744	3372	Elektrik Ve Elektronik Parçalar	Gaz Kelebek Potansiyometresi	13
4747	3372	Elektrik Ve Elektronik Parçalar	Hararet Sensörü	13
4750	3372	Elektrik Ve Elektronik Parçalar	Devir Sensörü	13
4753	3372	Elektrik Ve Elektronik Parçalar	Ateşleme Sensörü	13
4756	3372	Elektrik Ve Elektronik Parçalar	Rolanti Sensörü	13
4759	3372	Elektrik Ve Elektronik Parçalar	Darbe Sensörü	13
4762	3372	Elektrik Ve Elektronik Parçalar	Fan Rolesi	13
4765	3372	Elektrik Ve Elektronik Parçalar	Mazot Filtre Sensörü	13
4768	3372	Elektrik Ve Elektronik Parçalar	Mazot Filtre Müşürü	13
4771	3372	Elektrik Ve Elektronik Parçalar	Volan Sensörü	13
4774	3372	Elektrik Ve Elektronik Parçalar	Sensör	13
4777	3372	Elektrik Ve Elektronik Parçalar	Flaşör	13
4783	3372	Elektrik Ve Elektronik Parçalar	Arka Silecek Kolu	13
4789	3372	Elektrik Ve Elektronik Parçalar	Arka Silecek Motoru	13
4792	3372	Elektrik Ve Elektronik Parçalar	Far Silecek Motoru	13
4795	3372	Elektrik Ve Elektronik Parçalar	Kapı Işık Butonu	13
4798	3372	Elektrik Ve Elektronik Parçalar	Kutupbaşı	13
4801	3372	Elektrik Ve Elektronik Parçalar	Ön Silecek Kolu	13
4804	3372	Elektrik Ve Elektronik Parçalar	Ön Silecek Mekanizması	13
4807	3372	Elektrik Ve Elektronik Parçalar	Ön Silecek Motoru	13
4813	3372	Elektrik Ve Elektronik Parçalar	Silecek Frezeleri	13
4816	3372	Elektrik Ve Elektronik Parçalar	Silecek Kolu	13
4819	3372	Elektrik Ve Elektronik Parçalar	Silecek Rölesi	13
4822	3372	Elektrik Ve Elektronik Parçalar	Silecek Su Depo Kapağı	13
4825	3372	Elektrik Ve Elektronik Parçalar	Silecek Su Depo Motoru	13
4828	3372	Elektrik Ve Elektronik Parçalar	Silecek Su Deposu	13
4831	3372	Elektrik Ve Elektronik Parçalar	Silecek Su Fıskiyeleri	13
4834	3372	Elektrik Ve Elektronik Parçalar	Silecek Süpürgesi	13
4837	3372	Elektrik Ve Elektronik Parçalar	Arka Silecek	13
4840	3372	Elektrik Ve Elektronik Parçalar	Cam Su Fıskiyesi	13
4846	3372	Elektrik Ve Elektronik Parçalar	Far Fıskiye Kapağı	13
4849	3372	Elektrik Ve Elektronik Parçalar	Arka Silecek Süpürgesi	13
4852	3372	Elektrik Ve Elektronik Parçalar	Cam Su Bidonu Kapağı	13
4855	3372	Elektrik Ve Elektronik Parçalar	Silecek Su Fıskiye Motoru	13
4858	3372	Elektrik Ve Elektronik Parçalar	Silecek Zamanlama Rolesi	13
4861	3372	Elektrik Ve Elektronik Parçalar	Far Yıkama Rolesi	13
4864	3372	Elektrik Ve Elektronik Parçalar	Silecek Süpürgesi Kolu	13
3374	3373	Aydınlatma Parçaları	Far Lambası	13
3375	3373	Aydınlatma Parçaları	Stop Lambası	13
3376	3373	Aydınlatma Parçaları	Sinyal Lambası	13
3377	3373	Aydınlatma Parçaları	Sis Lambası	13
4867	3382	İç Trim Parçaları	Arka Küllük	13
4870	3382	İç Trim Parçaları	Arka Şapkalık	13
4873	3382	İç Trim Parçaları	Arka Tavan Tutamağı	13
4876	3382	İç Trim Parçaları	Bagaj Açma Kolu	13
4879	3382	İç Trim Parçaları	Bagaj Fitili	13
4882	3382	İç Trim Parçaları	Bagaj Halısı	13
4885	3382	İç Trim Parçaları	Bagaj Rafı	13
4888	3382	İç Trim Parçaları	Cam Bakaliti	13
4891	3382	İç Trim Parçaları	Difüzör Havalandırma	13
4894	3382	İç Trim Parçaları	Döşeme Üst Plastiği	13
4897	3382	İç Trim Parçaları	Eşik Bakaliti	13
4900	3382	İç Trim Parçaları	Eşya Gözü	13
4903	3382	İç Trim Parçaları	Fitiller	13
4906	3382	İç Trim Parçaları	Güneşlik	13
4912	3382	İç Trim Parçaları	Hoparlör Kapağı	13
4915	3382	İç Trim Parçaları	İç Dikiz Aynası	13
4918	3382	İç Trim Parçaları	İçten Açma Kolu	13
4921	3382	İç Trim Parçaları	Kapı Cebi	13
4924	3382	İç Trim Parçaları	Kapı Döşemesi	13
4927	3382	İç Trim Parçaları	Kapı Kolçağı	13
4930	3382	İç Trim Parçaları	Klipsler	13
4933	3382	İç Trim Parçaları	Kolçak	13
4936	3382	İç Trim Parçaları	Koltuk Ayar Kolu	13
4939	3382	İç Trim Parçaları	Koltuk Kaplaması	13
4942	3382	İç Trim Parçaları	Konsol	13
4945	3382	İç Trim Parçaları	Küllük	13
4948	3382	İç Trim Parçaları	Motor Kaput Açma Kolu	13
4951	3382	İç Trim Parçaları	Orta Difüzör	13
4954	3382	İç Trim Parçaları	Orta Direk Bakaliti	13
4957	3382	İç Trim Parçaları	Ön Cam Fitili	13
4960	3382	İç Trim Parçaları	Ön Direk Bakaliti	13
4963	3382	İç Trim Parçaları	Ön Kapı Fitili	13
4966	3382	İç Trim Parçaları	Ön Küllük	13
4969	3382	İç Trim Parçaları	Ön Tavan Tutamağı	13
4972	3382	İç Trim Parçaları	Sağ Difüzör	13
4975	3382	İç Trim Parçaları	Sol Difüzör	13
4978	3382	İç Trim Parçaları	Sürgülü Kapı Fitili	13
4981	3382	İç Trim Parçaları	Taban Döşemesi	13
4984	3382	İç Trim Parçaları	Tavan Döşemesi	13
4987	3382	İç Trim Parçaları	Tavan El Tutamağı	13
4990	3382	İç Trim Parçaları	Torpido	13
4993	3382	İç Trim Parçaları	Torpido Alt Rafı	13
4996	3382	İç Trim Parçaları	Torpido Kapağı	13
4999	3382	İç Trim Parçaları	Torpido Kilidi	13
5002	3382	İç Trim Parçaları	Klips	13
5005	3382	İç Trim Parçaları	Pedal Lastiği	13
5008	3382	İç Trim Parçaları	Tapa	13
5011	3382	İç Trim Parçaları	Güneşlik Ayağı	13
5014	3382	İç Trim Parçaları	Gaz Pedal Lastiği	13
5017	3382	İç Trim Parçaları	Difüzör	13
5020	3382	İç Trim Parçaları	Fren Pedal Lastiği	13
5023	3382	İç Trim Parçaları	Debriyaj Pedal Lastiği	13
5026	3382	İç Trim Parçaları	Radyo Çerçevesi	13
5029	3382	İç Trim Parçaları	Torpido Açma Kolu	13
5035	3382	İç Trim Parçaları	Gösterge Çerçevesi	13
5038	3382	İç Trim Parçaları	Arka Cam Açma Anahtarı	13
5041	3382	İç Trim Parçaları	Arka Cam Açma Halatı	13
5044	3382	İç Trim Parçaları	Arka Cam Açma Kolu	13
5047	3382	İç Trim Parçaları	Arka Cam Kriko Tamir Takımı	13
5050	3382	İç Trim Parçaları	Arka Kapı Cam Motoru Elektrikli	13
5053	3382	İç Trim Parçaları	Arka Cam Krikosu	13
5056	3382	İç Trim Parçaları	Cam Denge Plastiği	13
5059	3382	İç Trim Parçaları	Ön Cam Açma Anahtarı	13
5062	3382	İç Trim Parçaları	Ön Cam Açma Halatı	13
5065	3382	İç Trim Parçaları	Ön Cam Kolu	13
5068	3382	İç Trim Parçaları	Ön Cam Kriko Tamir Takımı	13
5071	3382	İç Trim Parçaları	Ön Cam Krikosu	13
5074	3382	İç Trim Parçaları	Ön Cam Motoru Elektrikli	13
5077	3382	İç Trim Parçaları	Sürgülü Kapı Cam Krikosu	13
5080	3382	İç Trim Parçaları	Sürgülü Kapı Cam Motoru Elektrikli	13
5083	3382	İç Trim Parçaları	Arka Bagaj Kilidi	13
5086	3382	İç Trim Parçaları	Arka Kapı Açma Teli	13
5089	3382	İç Trim Parçaları	Arka Kapı Gergisi	13
5092	3382	İç Trim Parçaları	Arka Kapı İçten Açma Mekanizması	13
5095	3382	İç Trim Parçaları	Arka Kapı Kilidi	13
5098	3382	İç Trim Parçaları	Arka Kapı Kilit Karşılığı	13
5101	3382	İç Trim Parçaları	Arka Kapı Kolu	13
5107	3382	İç Trim Parçaları	Bagaj Açma Teli	13
5110	3382	İç Trim Parçaları	Bagaj Amortisörü	13
5113	3382	İç Trim Parçaları	Bagaj İçten Açma Mekanizması	13
5116	3382	İç Trim Parçaları	Bagaj Kapağı Gergisi	13
5119	3382	İç Trim Parçaları	Bagaj Kapağı Kilit Karşılığı	13
5122	3382	İç Trim Parçaları	Bagaj Kilidi	13
5125	3382	İç Trim Parçaları	İç Açma Kolu Bagaj	13
5128	3382	İç Trim Parçaları	İç Açma Kolu Orta	13
5131	3382	İç Trim Parçaları	İç Açma Kolu Ön	13
5134	3382	İç Trim Parçaları	Kapı Pimi	13
5137	3382	İç Trim Parçaları	Kilit Seti	13
5140	3382	İç Trim Parçaları	Ön Kapı Gergisi	13
5143	3382	İç Trim Parçaları	Ön Kapı İçten Açma Mekanizması	13
5146	3382	İç Trim Parçaları	Ön Kapı Kilidi	13
5149	3382	İç Trim Parçaları	Ön Kapı Kilit Karşılığı	13
5152	3382	İç Trim Parçaları	Ön Kapı Kolu	13
5155	3382	İç Trim Parçaları	Ön Kaput Açma Teli	13
5158	3382	İç Trim Parçaları	Ön Kaput Dayama Demiri	13
5161	3382	İç Trim Parçaları	Ön Kaput Kilidi	13
5163	3382	İç Trim Parçaları	Sürgülü Cam Mandalı	13
5166	3382	İç Trim Parçaları	Sürgülü Kapı Açma Teli	13
5169	3382	İç Trim Parçaları	Sürgülü Kapı Alt Mekanizma	13
5172	3382	İç Trim Parçaları	Sürgülü Kapı Kilidi	13
5175	3382	İç Trim Parçaları	Sürgülü Kapı Kilit Karşılığı	13
5178	3382	İç Trim Parçaları	Sürgülü Kapı Kolu	13
5181	3382	İç Trim Parçaları	Sürgülü Kapı Kontağı	13
5184	3382	İç Trim Parçaları	Sürgülü Kapı Orta Mekanizma	13
5187	3382	İç Trim Parçaları	Sürgülü Kapı Üst Mekanizma	13
5190	3382	İç Trim Parçaları	Şifre	13
5193	3382	İç Trim Parçaları	Şifre Seti	13
5196	3382	İç Trim Parçaları	Bagaj Kapı Kolu	13
5199	3382	İç Trim Parçaları	Bagaj Kilit Karşılığı	13
5202	3382	İç Trim Parçaları	Sürgülü Kapı Mekanizması Alt	13
5205	3382	İç Trim Parçaları	Sürgülü Kapı Mekanizması Üst	13
5208	3382	İç Trim Parçaları	Sürgülü Kapı Mekanizması	13
5211	3382	İç Trim Parçaları	İçten Açma Kolu Bagaj	13
5214	3382	İç Trim Parçaları	Motor Kaput Kilidi	13
5217	3382	İç Trim Parçaları	Ön İçten Açma Kolu	13
5220	3382	İç Trim Parçaları	İç Açma Kolu	13
5223	3382	İç Trim Parçaları	İç Açma Kolu Arka	13
4336	3383	Dış Trim Parçaları	Akü Alt Muhafaza	13
4339	3383	Dış Trim Parçaları	Arka Tampon Çeki Kapağı	13
4342	3383	Dış Trim Parçaları	Armalar	13
4345	3383	Dış Trim Parçaları	Bijon Anahtarı	13
4348	3383	Dış Trim Parçaları	Çamurluk Bantları	13
4351	3383	Dış Trim Parçaları	Çamurluk Davlumbazı	13
4354	3383	Dış Trim Parçaları	Dış Ayna Camı	13
4357	3383	Dış Trim Parçaları	Dış Depo Kapağı	13
4360	3383	Dış Trim Parçaları	Dış Dikiz Aynası	13
4363	3383	Dış Trim Parçaları	Dış Kapı Kolu	13
4366	3383	Dış Trim Parçaları	Kapı Bantları	13
4369	3383	Dış Trim Parçaları	Kapı Direk Bantları	13
4372	3383	Dış Trim Parçaları	Karter Muhafazası	13
4375	3383	Dış Trim Parçaları	Kayış Muhafazaları	13
4381	3383	Dış Trim Parçaları	Logolar	13
4384	3383	Dış Trim Parçaları	Marşbiyel Bakaliti	13
4387	3383	Dış Trim Parçaları	Motor Kaput İzalatörü	13
4390	3383	Dış Trim Parçaları	Ön Cam Havalandırma Izgarası	13
4393	3383	Dış Trim Parçaları	Ön Tampon Çeki Demiri	13
4396	3383	Dış Trim Parçaları	Ön Tampon Çeki Kapağı	13
4399	3383	Dış Trim Parçaları	Radyatör Panjuru	13
4402	3383	Dış Trim Parçaları	Sis Çerçevesi	13
4405	3383	Dış Trim Parçaları	Sis Kapağı	13
4408	3383	Dış Trim Parçaları	Stepne	13
4411	3383	Dış Trim Parçaları	Stepne Civatası	13
4414	3383	Dış Trim Parçaları	Stepne Mekanizması	13
4417	3383	Dış Trim Parçaları	Tampon Fıskiye Kapağı	13
4420	3383	Dış Trim Parçaları	Tampon Kaplamaları	13
4423	3383	Dış Trim Parçaları	Tampon Panjuru	13
4426	3383	Dış Trim Parçaları	Tavan Lastikleri	13
4429	3383	Dış Trim Parçaları	Yazılar	13
4432	3383	Dış Trim Parçaları	Arka Tampon Çeki Demiri Kapağı	13
4435	3383	Dış Trim Parçaları	Paçalık	13
4438	3383	Dış Trim Parçaları	Kapı Fitili	13
4441	3383	Dış Trim Parçaları	Depo Kapağı	13
4444	3383	Dış Trim Parçaları	Plakalık	13
4447	3383	Dış Trim Parçaları	Dış Ayna	13
4450	3383	Dış Trim Parçaları	Rüzgarlık	13
4453	3383	Dış Trim Parçaları	Çeki Demiri	13
4456	3383	Dış Trim Parçaları	Bagaj Eşik Bakaliti	13
4459	3383	Dış Trim Parçaları	Depo Kapak Açma Kolu	13
4462	3383	Dış Trim Parçaları	Arka Cam Fitili	13
4465	3383	Dış Trim Parçaları	Arka Kapı Fitili	13
3385	3384	Oto Bakım Ürünleri	Motor Yağ	13
3389	3384	Oto Bakım Ürünleri	Motor Katkıları	13
3393	3384	Oto Bakım Ürünleri	Oto Temizlik Ürünleri	13
3405	3384	Oto Bakım Ürünleri	Bakım Malzemeleri	13
3427	3384	Oto Bakım Ürünleri	Servis Ekipmanları	13
4227	3384	Oto Bakım Ürünleri	Kauçuk Ve Fitil Bakım Spreyi	13
4228	3384	Oto Bakım Ürünleri	Lastik Tamir Köpüğü	13
4231	3384	Oto Bakım Ürünleri	Mumlu Cila	13
4234	3384	Oto Bakım Ürünleri	Radyatör Delik Tıkayıcı	13
4237	3384	Oto Bakım Ürünleri	Sıvı Conta	13
4240	3384	Oto Bakım Ürünleri	Sıvı Gres	13
4243	3384	Oto Bakım Ürünleri	Silikon	13
4246	3384	Oto Bakım Ürünleri	Silikon Sprey	13
4249	3384	Oto Bakım Ürünleri	Ampul	13
4261	3384	Oto Bakım Ürünleri	Mazot Filtre Kutusu	13
4273	3384	Oto Bakım Ürünleri	Araç İçi Tazeleme Spreyi	13
4276	3384	Oto Bakım Ürünleri	Balata Spreyi	13
4279	3384	Oto Bakım Ürünleri	Bezler	13
4282	3384	Oto Bakım Ürünleri	Cam Temizleme Sabunu	13
4285	3384	Oto Bakım Ürünleri	Koku Çeşitleri	13
4288	3384	Oto Bakım Ürünleri	Motor İç Temizleme	13
4291	3384	Oto Bakım Ürünleri	Motor Temizleme Spreyi	13
4294	3384	Oto Bakım Ürünleri	Pas Sökücü	13
4297	3384	Oto Bakım Ürünleri	Radyatör Temizleyici	13
4303	3384	Oto Bakım Ürünleri	Gres	13
4306	3384	Oto Bakım Ürünleri	Hidrolik Yağı	13
4309	3384	Oto Bakım Ürünleri	Motor Yağı	13
4312	3384	Oto Bakım Ürünleri	Otomatik Şanzıman Yağı	13
4315	3384	Oto Bakım Ürünleri	Şanzıman Yağı	13
4318	3384	Oto Bakım Ürünleri	Benzinli Enjektör Temizleme	13
4321	3384	Oto Bakım Ürünleri	Dizel Enjektör Temizleme	13
4324	3384	Oto Bakım Ürünleri	Egr Temizleme	13
4327	3384	Oto Bakım Ürünleri	Lpg Enjektör Temizleme	13
4333	3384	Oto Bakım Ürünleri	Partikül Temizleme	13
3386	3385	Motor Yağ	Motor Yağ	13
3387	3385	Motor Yağ	Şanzıman Yağ	13
3388	3385	Motor Yağ	Hidrolik Yağ	13
3390	3389	Motor Katkıları	Motor Yağ Katkısı	13
3391	3389	Motor Katkıları	Şanzıman Yağ Katkısı	13
3392	3389	Motor Katkıları	Diğer Katkılar	13
3394	3393	Oto Temizlik Ürünleri	Pasta	13
3395	3393	Oto Temizlik Ürünleri	Cila	13
3396	3393	Oto Temizlik Ürünleri	Boya Koruma	13
3397	3393	Oto Temizlik Ürünleri	Şampuan	13
3398	3393	Oto Temizlik Ürünleri	Seramik Kaplama	13
3399	3393	Oto Temizlik Ürünleri	Cam Temizleyiciler	13
3400	3393	Oto Temizlik Ürünleri	Jant Temizleyiciler	13
3401	3393	Oto Temizlik Ürünleri	Temizlik Setleri	13
3402	3393	Oto Temizlik Ürünleri	Far Temizleyiciler	13
3403	3393	Oto Temizlik Ürünleri	Sünger Ve Bezler	13
3404	3393	Oto Temizlik Ürünleri	Diğer	13
3406	3405	Bakım Malzemeleri	Filtreler	13
3413	3405	Bakım Malzemeleri	Kayışlar	13
3417	3405	Bakım Malzemeleri	Buji Ve Kabloları	13
3422	3405	Bakım Malzemeleri	Fren Parçaları	13
3425	3405	Bakım Malzemeleri	Antifiriz	13
3426	3405	Bakım Malzemeleri	Cam Suyu	13
3407	3406	Filtreler	Polen Filtresi	13
3408	3406	Filtreler	Benzin Filtresi	13
3409	3406	Filtreler	Mazot Filtresi	13
3410	3406	Filtreler	Yağ Filtresi	13
3411	3406	Filtreler	Hava Filtresi	13
3412	3406	Filtreler	Filtre Setleri	13
3414	3413	Kayışlar	Triger Kayışı	13
3415	3413	Kayışlar	V Kayışı	13
3416	3413	Kayışlar	Kayış Setleri	13
3418	3417	Buji Ve Kabloları	Bujiler	13
3421	3417	Buji Ve Kabloları	Buji Kabloları	13
3423	3422	Fren Parçaları	Fren Diski	13
3424	3422	Fren Parçaları	Fren Balatası	13
3429	3428	Akü Ve Aksesuarları	Akü	13
3430	3428	Akü Ve Aksesuarları	Akü Aksesuarları	13
7193	3428	Akü Ve Aksesuarları	Şarj İstasyonları	13
3432	3431	Modifiye Ve Tuning	Body Kit Ve Aerodinamik	13
3433	3431	Modifiye Ve Tuning	Spor Yay, Amortisör Ve Coilover	13
3437	3431	Modifiye Ve Tuning	Eksoz	13
3438	3431	Modifiye Ve Tuning	Pedal Seti	13
3439	3431	Modifiye Ve Tuning	Vites Topuzu Ve Direksiyon	13
3442	3431	Modifiye Ve Tuning	Göstergeler	13
3443	3431	Modifiye Ve Tuning	Ayak Dayama	13
3444	3431	Modifiye Ve Tuning	Spor Koltuk	13
3445	3431	Modifiye Ve Tuning	Kule Gergileri	13
3446	3431	Modifiye Ve Tuning	Silikon Hortumlar	13
3449	3431	Modifiye Ve Tuning	Spacerlar	13
3450	3431	Modifiye Ve Tuning	Chip Tuning	13
3454	3431	Modifiye Ve Tuning	Spoiler	13
3455	3431	Modifiye Ve Tuning	Spor Aynalar	13
3456	3431	Modifiye Ve Tuning	Diğer	13
3434	3433	Spor Yay, Amortisör Ve Coilover	Spor Yay	13
3435	3433	Spor Yay, Amortisör Ve Coilover	Amortisör	13
3436	3433	Spor Yay, Amortisör Ve Coilover	Coilover	13
3440	3439	Vites Topuzu Ve Direksiyon	Vites Topuzu	13
3441	3439	Vites Topuzu Ve Direksiyon	Spor Direksiyon	13
3447	3446	Silikon Hortumlar	Turbo Hortumları	13
3448	3446	Silikon Hortumlar	Su Hortumları	13
3451	3450	Chip Tuning	Pedal Chip	13
3452	3450	Chip Tuning	Performans Modülleri	13
3453	3450	Chip Tuning	Diğer	13
3459	3458	Motosiklet, Utv Ve Atv	Motosikletler	13
3466	3458	Motosiklet, Utv Ve Atv	Utv	13
3467	3458	Motosiklet, Utv Ve Atv	Atv	13
3468	3458	Motosiklet, Utv Ve Atv	Motosiklet Aksesuarları	13
3522	3458	Motosiklet, Utv Ve Atv	Motosiklet Lastikleri	13
3460	3459	Motosikletler	Commuter	13
3461	3459	Motosikletler	Cross	13
3462	3459	Motosikletler	Elektrikli Motosiklet	13
3463	3459	Motosikletler	Naked	13
3464	3459	Motosikletler	Scooter	13
3465	3459	Motosikletler	Touring	13
3469	3468	Motosiklet Aksesuarları	Giyim Ve Ekipman	13
3481	3468	Motosiklet Aksesuarları	Aksesuarlar	13
3502	3468	Motosiklet Aksesuarları	Yedek Parça	13
3518	3468	Motosiklet Aksesuarları	Bakım Ve Temizlik	13
3470	3469	Giyim Ve Ekipman	Kask	13
3471	3469	Giyim Ve Ekipman	Kıyafet	13
3479	3469	Giyim Ve Ekipman	Eldiven	13
3480	3469	Giyim Ve Ekipman	Dizlik Ve Dirseklik	13
3472	3471	Kıyafet	Bandanalar	13
3473	3471	Kıyafet	Giyim Ürünleri	13
3474	3471	Kıyafet	Mont Ve Ceket	13
3475	3471	Kıyafet	Pantolon	13
3476	3471	Kıyafet	Bot Ve Ayakkabı	13
3477	3471	Kıyafet	Yağmurluklar	13
3478	3471	Kıyafet	Termal Giyim	13
3482	3481	Aksesuarlar	Aksesuarlar	13
3483	3481	Aksesuarlar	Anahtarlıklar	13
3484	3481	Aksesuarlar	Tankpad	13
3485	3481	Aksesuarlar	Branda Ve Sele Örtüsü	13
3486	3481	Aksesuarlar	Aydınlatma Ürünleri	13
3487	3481	Aksesuarlar	Motosiklet Ayak Destek Kitleri	13
3488	3481	Aksesuarlar	Motosiklet Bağlama Ve Taşıma Ürünleri	13
3489	3481	Aksesuarlar	Motosiklet Jant Şeritleri	13
3490	3481	Aksesuarlar	Motosiklet Lüzumlu Ürünler	13
3491	3481	Aksesuarlar	Motosiklet Reflektif Ürünler	13
3492	3481	Aksesuarlar	Motosiklet Saatleri	13
3493	3481	Aksesuarlar	Motosiklet Sehpaları	13
3494	3481	Aksesuarlar	Motosiklet Sele Pedi	13
3495	3481	Aksesuarlar	Motosiklet Smart Barlar	13
3496	3481	Aksesuarlar	Motosiklet Telefon Ve Navigasyon Tutucular	20
3497	3481	Aksesuarlar	GPS Ve Navigasyon	13
3498	3481	Aksesuarlar	Intercom	13
3499	3481	Aksesuarlar	Alarm	13
3500	3481	Aksesuarlar	Kilit	13
3501	3481	Aksesuarlar	İlk Yardım Çantaları	13
3503	3502	Yedek Parça	Buji	13
3504	3502	Yedek Parça	Akü	13
3505	3502	Yedek Parça	Filtreler	13
3506	3502	Yedek Parça	Ayna	13
3507	3502	Yedek Parça	Debriyaj	13
3508	3502	Yedek Parça	Far Ve Ampul	13
3509	3502	Yedek Parça	Fren Ve Fren ekipmanları	13
3510	3502	Yedek Parça	Koruma Demiri Ve Takoz	13
3511	3502	Yedek Parça	Elcik	13
3512	3502	Yedek Parça	Egzozlar	13
3513	3502	Yedek Parça	Gösterge	13
3514	3502	Yedek Parça	Ön Cam Siperlik	13
3515	3502	Yedek Parça	Grenaj	13
3516	3502	Yedek Parça	Moto Siklet Karter Korumaları	13
3517	3502	Yedek Parça	Kornalar	13
3519	3518	Bakım Ve Temizlik	Motosiklet Yağları	13
3520	3518	Bakım Ve Temizlik	Temizlik Ürünleri	13
3521	3518	Bakım Ve Temizlik	Motosiklet Lastik Tamir Ürünleri	13
3523	3522	Motosiklet Lastikleri	Yaz Lastikleri	13
3524	3522	Motosiklet Lastikleri	Kış Lastikleri	13
3526	3525	4x4 Off Road	Basamaklar	13
3527	3525	4x4 Off Road	Çamurluk Dodik	13
3528	3525	4x4 Off Road	Kabin	13
3529	3525	4x4 Off Road	Ön Koruma	13
3530	3525	4x4 Off Road	Arka Koruma	13
3531	3525	4x4 Off Road	Sticker	13
3532	3525	4x4 Off Road	Aksesuarlar	13
3533	3525	4x4 Off Road	Vinç	13
3535	3534	Köpek	Köpek Mamaları	16
3546	3534	Köpek	Köpek Mama & Su Kapları	17
3557	3534	Köpek	Köpek Çigneme Kemikleri	17
3561	3534	Köpek	Köpek Tasmaları	17
3572	3534	Köpek	Köpek Taşıma & Seyahat Ürünleri	17
3577	3534	Köpek	Köpek Oyuncakları	17
3585	3534	Köpek	Köpek Elbiseleri	17
3593	3534	Köpek	Köpek Yatakları	17
3597	3534	Köpek	Köpek Kulübeleri	17
3598	3534	Köpek	Köpek Kapıları & Güvenlik Aksesuarları	17
3599	3534	Köpek	Köpek Kafesi ve Aksesuarları	17
3600	3534	Köpek	Köpek Eğitim Malzemeleri	17
3601	3534	Köpek	Köpek Sağlık	17
3615	3534	Köpek	Deniz ve Havuz Ürünleri	17
3536	3535	Köpek Mamaları	Kuru Köpek Mamaları	16
3543	3535	Köpek Mamaları	Konserve & Yaş Köpek Mamaları	16
3537	3536	Kuru Köpek Mamaları	Yavru Kuru Köpek Maması	16
3538	3536	Kuru Köpek Mamaları	Yetişkin Kuru Köpek Maması	16
3539	3536	Kuru Köpek Mamaları	Yaşlı Kuru Köpek Maması	16
3540	3536	Kuru Köpek Mamaları	Diyet Kuru Köpek Maması	16
3541	3536	Kuru Köpek Mamaları	Özel Irk Köpek Maması	16
3542	3536	Kuru Köpek Mamaları	Tahılsız Kuru Köpek Maması	16
3544	3543	Konserve & Yaş Köpek Mamaları	Yavru Köpek Konserveleri	16
3545	3543	Konserve & Yaş Köpek Mamaları	Yaşlı Köpek Konserveleri	16
3547	3546	Köpek Mama & Su Kapları	Paslanmaz Çelik Mama & Su Kapları	17
3548	3546	Köpek Mama & Su Kapları	Plastik, Melamin Mama & Su Kapları	17
3549	3546	Köpek Mama & Su Kapları	Otomatik, Özel Mama & Su Kapları	17
3550	3546	Köpek Mama & Su Kapları	Seramik Mama & Su Kapları	17
3551	3546	Köpek Mama & Su Kapları	Su Pınarları	17
3552	3546	Köpek Mama & Su Kapları	Suluklar	17
3553	3546	Köpek Mama & Su Kapları	Mama Saklama Kapları	17
3554	3546	Köpek Mama & Su Kapları	Mama Servisleri	17
3555	3546	Köpek Mama & Su Kapları	Yavru Köpek Malzemeleri	17
3556	3546	Köpek Mama & Su Kapları	Köpek Ödülleri	17
3558	3557	Köpek Çigneme Kemikleri	Burgu & Çubuk Kemikler	17
3559	3557	Köpek Çigneme Kemikleri	Yenebilir Pres Kemikler	17
3560	3557	Köpek Çigneme Kemikleri	Oyun & Çiğneme Kemikleri	17
3562	3561	Köpek Tasmaları	Uzayan Tasmalar	17
3563	3561	Köpek Tasmaları	Tasma Çantaları	17
3564	3561	Köpek Tasmaları	Göğüs Tasması	17
3565	3561	Köpek Tasmaları	Boyun Tasması	17
3566	3561	Köpek Tasmaları	Eğitim Tasması	17
3567	3561	Köpek Tasmaları	Kayış	17
3568	3561	Köpek Tasmaları	İsimlik / Güvenlik Aksesuarları	17
3569	3561	Köpek Tasmaları	Gezdirme Kayışları	17
3570	3561	Köpek Tasmaları	Zincir Tasma & Aksesuarlar	17
3571	3561	Köpek Tasmaları	Bahçe Bağlama & Güvenlik Ürünleri	17
3573	3572	Köpek Taşıma & Seyahat Ürünleri	Köpek Taşıma Kafesleri	17
3574	3572	Köpek Taşıma & Seyahat Ürünleri	Köpek Taşıma Çantaları	17
3575	3572	Köpek Taşıma & Seyahat Ürünleri	Köpek Oto Aksesuarları	17
3576	3572	Köpek Taşıma & Seyahat Ürünleri	Köpek Seyahat Aksesuarları	17
3578	3577	Köpek Oyuncakları	Köpek Diş İpleri	17
3579	3577	Köpek Oyuncakları	Oyun Topları & Frizbiler	17
3580	3577	Köpek Oyuncakları	Kumaş & Peluş Oyuncaklar	17
3581	3577	Köpek Oyuncakları	Kemik	17
3582	3577	Köpek Oyuncakları	Eğitim Oyuncakları	17
3583	3577	Köpek Oyuncakları	Rampa & Merdiven	17
3584	3577	Köpek Oyuncakları	Diğer	17
3586	3585	Köpek Elbiseleri	Elbise	17
3587	3585	Köpek Elbiseleri	Yazlık T-Shirtler	17
3588	3585	Köpek Elbiseleri	Kışlık Mont ve Kazaklar	17
3589	3585	Köpek Elbiseleri	Yağmurluklar	17
3590	3585	Köpek Elbiseleri	Patikler & Çoraplar	17
3591	3585	Köpek Elbiseleri	Tulum & Takımlar	17
3592	3585	Köpek Elbiseleri	Hırka & Ceketler	17
3594	3593	Köpek Yatakları	Yataklar	17
3595	3593	Köpek Yatakları	Örtüler	17
3596	3593	Köpek Yatakları	Battaniyeleri	17
3602	3601	Köpek Sağlık	Vitaminler	17
3603	3601	Köpek Sağlık	Kene, Pire & Parazit Ürünleri	17
3604	3601	Köpek Sağlık	Şampuanlar & Banyo Malzemeleri	17
3605	3601	Köpek Sağlık	Tarak & Fırça	17
3606	3601	Köpek Sağlık	Köpek Tıraş Makinesi	17
3607	3601	Köpek Sağlık	Köpek Tuvaleti & Eğitim Ürünleri	17
3608	3601	Köpek Sağlık	Cilt ve Tüy Bakım	17
3609	3601	Köpek Sağlık	Pedler ve Külotlar	17
3610	3601	Köpek Sağlık	Koku Giderici	17
3611	3601	Köpek Sağlık	Makas	17
3612	3601	Köpek Sağlık	Kulak Bakım	17
3613	3601	Köpek Sağlık	Göz Bakım	17
3614	3601	Köpek Sağlık	Ağız Bakım	17
3617	3616	Kedi	Kedi Maması	16
3628	3616	Kedi	Kedi Mama & Su Kapları	17
3635	3616	Kedi	Kedi Kumları	16
3638	3616	Kedi	Kedi Tuvalet Kabı & Aksesuarları	17
3646	3616	Kedi	Kedi Tasmaları	17
3650	3616	Kedi	Kedi Taşıma & Seyahat Ürünleri	17
3654	3616	Kedi	Kedi Oyuncakları	17
3659	3616	Kedi	Kedi Tırmalamaları	17
3660	3616	Kedi	Kedi Yatakları	17
3666	3616	Kedi	Kedi Kapıları	17
3667	3616	Kedi	Kedi Evleri	17
3668	3616	Kedi	Kedi Güvenlik Ürünleri	17
3669	3616	Kedi	Kedi Giysileri	17
3670	3616	Kedi	Kedi Sağlık Ürünleri	17
3618	3617	Kedi Maması	Kuru Kedi Maması	16
3625	3617	Kedi Maması	Konserve & Yaş Kedi Mamaları	16
3619	3618	Kuru Kedi Maması	Kuru Kedi Mamaları	16
3620	3618	Kuru Kedi Maması	Yavru Kuru Kedi Maması	16
3621	3618	Kuru Kedi Maması	Yetişkin Kuru Kedi Maması	16
3622	3618	Kuru Kedi Maması	Yaşlı Kuru Kedi Maması	16
3623	3618	Kuru Kedi Maması	Kısırlaştırılmış & Diyet Kuru Kedi Mamaları	16
3624	3618	Kuru Kedi Maması	Tahılsız Kuru Kedi Mamaları	16
3626	3625	Konserve & Yaş Kedi Mamaları	Yavru Kedi Konserveleri	16
3627	3625	Konserve & Yaş Kedi Mamaları	Yetişkin Kedi Konserveleri	16
3629	3628	Kedi Mama & Su Kapları	Mama & Su Kapları	17
3630	3628	Kedi Mama & Su Kapları	Kedi Sulukları & Su Pınarları	17
3631	3628	Kedi Mama & Su Kapları	Mama Saklama Kapları	17
3632	3628	Kedi Mama & Su Kapları	Otomatik Besleyiciler	17
3633	3628	Kedi Mama & Su Kapları	Besleme Paspasları	17
3634	3628	Kedi Mama & Su Kapları	Kedi Ödülleri	17
3636	3635	Kedi Kumları	Slika Kristal Kedi Kumu	16
3637	3635	Kedi Kumları	Doğal Kedi Kumu	16
3639	3638	Kedi Tuvalet Kabı & Aksesuarları	Tuvalet Aksesuarları	17
3640	3638	Kedi Tuvalet Kabı & Aksesuarları	Açık Kedi Tuvaletleri	17
3641	3638	Kedi Tuvalet Kabı & Aksesuarları	Kapalı Kedi Tuvaletleri	17
3642	3638	Kedi Tuvalet Kabı & Aksesuarları	Otomatik Kedi Tuvaletleri	17
3643	3638	Kedi Tuvalet Kabı & Aksesuarları	Kedi Kumu Küreği	17
3644	3638	Kedi Tuvalet Kabı & Aksesuarları	Kedi Tuvalet Paspası	17
3645	3638	Kedi Tuvalet Kabı & Aksesuarları	Kedi Kumu Poşeti	17
3647	3646	Kedi Tasmaları	Boyun Tasması	17
3648	3646	Kedi Tasmaları	Göğüs Tasması	17
3649	3646	Kedi Tasmaları	Kedi İsimlikleri	17
3651	3650	Kedi Taşıma & Seyahat Ürünleri	Kedi Taşıma Kafesleri	17
3652	3650	Kedi Taşıma & Seyahat Ürünleri	Kedi Taşıma Çantaları	17
3653	3650	Kedi Taşıma & Seyahat Ürünleri	Kedi Seyahat Aksesuarları	17
3655	3654	Kedi Oyuncakları	Kedi Otlu Oyuncaklar	17
3656	3654	Kedi Oyuncakları	Olta Oyuncaklar	17
3657	3654	Kedi Oyuncakları	Toplar & Fareler	17
3658	3654	Kedi Oyuncakları	Aktivite & Zeka Oyuncakları	17
3661	3660	Kedi Yatakları	Yataklar	17
3662	3660	Kedi Yatakları	Paspaslar	17
3663	3660	Kedi Yatakları	Battaniyeler	17
3664	3660	Kedi Yatakları	Radyatör Yatakları & Askıları	17
3665	3660	Kedi Yatakları	Cama Asılan Kedi Yatakları	17
3671	3670	Kedi Sağlık Ürünleri	Şampuanlar	17
3672	3670	Kedi Sağlık Ürünleri	Tarak, Fırçalar & Makaslar	17
3673	3670	Kedi Sağlık Ürünleri	Kedi Çimleri	17
3674	3670	Kedi Sağlık Ürünleri	Parazit Karşıtı Ürünler	17
3675	3670	Kedi Sağlık Ürünleri	Kedi Tuvalet Eğitimi	17
3676	3670	Kedi Sağlık Ürünleri	Koku Giderici	17
3677	3670	Kedi Sağlık Ürünleri	Göz ve Ağız Bakım Ürünleri	17
3678	3670	Kedi Sağlık Ürünleri	Vitaminler	17
3679	3670	Kedi Sağlık Ürünleri	Göz Bakım	17
3680	3670	Kedi Sağlık Ürünleri	Ağız Bakım	17
3681	3670	Kedi Sağlık Ürünleri	Kulak Bakım	17
3683	3682	Kuş	Kuş Kafesleri & Aksesuarları	17
3689	3682	Kuş	Kuş Yemleri & Krakerler	17
3695	3682	Kuş	Kuş Suluk & Yemlikleri	17
3696	3682	Kuş	Kuş Oyuncak & Tünekleri	17
3697	3682	Kuş	Kuş Sağlık & Bakım Ürünleri	17
3701	3682	Kuş	Kuluçka Makineleri	17
3684	3683	Kuş Kafesleri & Aksesuarları	Kanarya Kafesleri	17
3685	3683	Kuş Kafesleri & Aksesuarları	Papağan Kafesleri & Standları	17
3686	3683	Kuş Kafesleri & Aksesuarları	Muhabbet Kuşu Kafesleri	17
3687	3683	Kuş Kafesleri & Aksesuarları	Kuş Yuvası & Kuluçka Makineleri	17
3688	3683	Kuş Kafesleri & Aksesuarları	Kafes Aksesuarları	17
3690	3689	Kuş Yemleri & Krakerler	Kanarya Yemleri	17
3691	3689	Kuş Yemleri & Krakerler	Papağan Yemleri	17
3692	3689	Kuş Yemleri & Krakerler	Muhabbet Yemleri	17
3693	3689	Kuş Yemleri & Krakerler	Güvercin Yemi	17
3694	3689	Kuş Yemleri & Krakerler	Tavuk Yemleri	17
3698	3697	Kuş Sağlık & Bakım Ürünleri	Vitamin & Mineraller	17
3699	3697	Kuş Sağlık & Bakım Ürünleri	Parazit Spreyleri & Dezenfektanlar	17
3700	3697	Kuş Sağlık & Bakım Ürünleri	Kuş Banyoları & Küvetler	17
3703	3702	Balık	Balık Yemleri	17
3713	3702	Balık	Akvaryum	17
3716	3702	Balık	Akvaryum Malzemeleri	17
3727	3702	Balık	Dekoratif Malzemeler	17
3733	3702	Balık	Filtreler	17
3739	3702	Balık	Filtre Malzemeleri	17
3743	3702	Balık	Hava & Sirkülasyon Motorları	17
3746	3702	Balık	Isıtıcılar	17
3747	3702	Balık	Balık Yemleme Makineleri	17
3748	3702	Balık	Su Kimyası / Bakımı	17
3754	3702	Balık	Bitki Bakımı	17
3758	3702	Balık	Tuzlu Su	17
3704	3703	Balık Yemleri	Tatlı Su Yemleri	17
3711	3703	Balık Yemleri	Tuzlu Su Yemleri	17
3705	3704	Tatlı Su Yemleri	Granül / Stick Yemler	17
3706	3704	Tatlı Su Yemleri	Pul Yemler	17
3707	3704	Tatlı Su Yemleri	Tablet / FD Kurutulmuş Yemler	17
3708	3704	Tatlı Su Yemleri	Kova Yemler	17
3709	3704	Tatlı Su Yemleri	Yavru Yemleri	17
3710	3704	Tatlı Su Yemleri	Tatil Yemleri	17
3712	3711	Tuzlu Su Yemleri	Granül / Pul Yemler	17
3714	3713	Akvaryum	Betta Kitleri	17
3715	3713	Akvaryum	Cam Akvaryumlar	17
3717	3716	Akvaryum Malzemeleri	Hava Taşları	17
3718	3716	Akvaryum Malzemeleri	Dereceler	17
3719	3716	Akvaryum Malzemeleri	Kepçeler	17
3720	3716	Akvaryum Malzemeleri	Hortum / Vantuz / Bağlantı Parçaları	17
3721	3716	Akvaryum Malzemeleri	Sifonlar / Kum Temizleyiciler	17
3722	3716	Akvaryum Malzemeleri	Silecekler	17
3723	3716	Akvaryum Malzemeleri	Maşalar	17
3724	3716	Akvaryum Malzemeleri	Yavruluklar / Beta Bölmeleri	17
3725	3716	Akvaryum Malzemeleri	Yemleme Makineleri	17
3726	3716	Akvaryum Malzemeleri	Aydınlatma Ürünleri	17
3728	3727	Dekoratif Malzemeler	Kumlar	17
3729	3727	Dekoratif Malzemeler	Renkli Çakıllar	17
3730	3727	Dekoratif Malzemeler	Yapay Bitkiler	17
3731	3727	Dekoratif Malzemeler	Dekorlar ve Süsler	17
3732	3727	Dekoratif Malzemeler	Plastik Posterler	17
3734	3733	Filtreler	İç Filtreler	17
3735	3733	Filtreler	Dış Filtreler	17
3736	3733	Filtreler	UV Filtreler	17
3737	3733	Filtreler	Askı Filtreler	17
3738	3733	Filtreler	Sünger Filtreler	17
3740	3739	Filtre Malzemeleri	Biyolojik / Kimyasal Malzemeler	17
3741	3739	Filtre Malzemeleri	Sünger / Elyaf / Bioball	17
3742	3739	Filtre Malzemeleri	Filtre Aksesuarları / Yedek Parçaları	17
3744	3743	Hava & Sirkülasyon Motorları	Hava Motorları	17
3745	3743	Hava & Sirkülasyon Motorları	Sirkülasyon Motorları	17
3749	3748	Su Kimyası / Bakımı	Su Düzenleyiciler	17
3750	3748	Su Kimyası / Bakımı	Biyolojik Start / Bakteri Kültürleri	17
3751	3748	Su Kimyası / Bakımı	PH / GH / KH Düzenleyiciler	17
3752	3748	Su Kimyası / Bakımı	Yosun Giderici / Kimyasal Temizleyiciler	17
3753	3748	Su Kimyası / Bakımı	Testler	17
3755	3754	Bitki Bakımı	CO2 Sistemleri / Aksesuarları	17
3756	3754	Bitki Bakımı	Kumlar / Taban Malzemeleri	17
3757	3754	Bitki Bakımı	Aksesuar	17
3759	3758	Tuzlu Su	Protein Skimmer ve Reaktörler	17
3760	3758	Tuzlu Su	Soğutucular / Fanlar	17
3761	3758	Tuzlu Su	Tuzlar	17
3762	3758	Tuzlu Su	Su Kimyası / Bakımı	17
3764	3763	Hamster & Tavşan	Yemler / Ek Besinler	17
3765	3763	Hamster & Tavşan	Kafesler	17
3766	3763	Hamster & Tavşan	Oyuncaklar	17
3767	3763	Hamster & Tavşan	Bakım / Temizlik Malzemeleri	17
3770	3763	Hamster & Tavşan	Yataklar / Evler	17
3771	3763	Hamster & Tavşan	Kafesler / Oyun Parkı	17
3772	3763	Hamster & Tavşan	Mama Kapları Suluk / Besleme Aparatları	17
3773	3763	Hamster & Tavşan	Derece / Nem Ölçerler	17
3768	3767	Bakım / Temizlik Malzemeleri	Tuvalet / Hijyen Malzemeleri	17
3769	3767	Bakım / Temizlik Malzemeleri	Taraklar / Makaslar	17
3775	3774	Kaplumbağa	Yemler / Ek Besinler	17
3776	3774	Kaplumbağa	Terraryumlar / Malzemeler	17
3779	3774	Kaplumbağa	Aydınlatma/ Uv / Ay Işığı / Isıtma Malzemeleri	17
3780	3774	Kaplumbağa	Kaplumbağa Bahçeleri ve Aksesuarları	17
3777	3776	Terraryumlar / Malzemeler	Terraryumlar	17
3778	3776	Terraryumlar / Malzemeler	Terraryum Aksesuarları	17
3782	3781	Bantlar ve Yapıştırıcılar	Koli Bandı	18
3783	3781	Bantlar ve Yapıştırıcılar	Çift Taraflı Bant	18
3784	3781	Bantlar ve Yapıştırıcılar	Selefon Bant	18
3785	3781	Bantlar ve Yapıştırıcılar	Tutkal	18
3786	3781	Bantlar ve Yapıştırıcılar	Sprey Yapıştırıcı	18
3787	3781	Bantlar ve Yapıştırıcılar	Zamk	18
3788	3781	Bantlar ve Yapıştırıcılar	Stick	18
3789	3781	Bantlar ve Yapıştırıcılar	Uhu	18
3790	3781	Bantlar ve Yapıştırıcılar	Diğer	18
3792	3791	Dosyalama ve Organizasyon	Arşiv Kutusu ve Dosyası	18
3793	3791	Dosyalama ve Organizasyon	Sekreterlik	18
3794	3791	Dosyalama ve Organizasyon	Dosya	18
3805	3791	Dosyalama ve Organizasyon	Klasör	18
3810	3791	Dosyalama ve Organizasyon	Ayraç ve Seperatör	18
3811	3791	Dosyalama ve Organizasyon	Evrak Rafı	18
3812	3791	Dosyalama ve Organizasyon	Belge Çantası	18
3813	3791	Dosyalama ve Organizasyon	Masaüstü Düzenleyicileri	18
3814	3791	Dosyalama ve Organizasyon	Magazinlik	18
3815	3791	Dosyalama ve Organizasyon	Takvimler, Organizerler ve Planlayıcılar	18
3795	3794	Dosya	Çıtçıtlı Dosya	18
3796	3794	Dosya	Sunum Dosyası	18
3797	3794	Dosya	Poşet Dosya	18
3798	3794	Dosya	Telli Dosya	18
3799	3794	Dosya	Karton Dosya	18
3800	3794	Dosya	Askılı Dosya	18
3801	3794	Dosya	Sıkıştırmalı Dosya	18
3802	3794	Dosya	Lastikli Dosya	18
3803	3794	Dosya	Körüklü Dosya	18
3804	3794	Dosya	Diğer	18
3806	3805	Klasör	Plastik Klasör	18
3807	3805	Klasör	Karton Klasör	18
3808	3805	Klasör	Halkalı Klasör	18
3809	3805	Klasör	Diğer	18
3817	3816	Ofis ve Kırtasiye Ürünleri	Kalem ve Yazı	18
3838	3816	Ofis ve Kırtasiye Ürünleri	Okul Ürünleri	18
3866	3816	Ofis ve Kırtasiye Ürünleri	Defter & Ajanda	18
3883	3816	Ofis ve Kırtasiye Ürünleri	Yaka Kartı & Aksesuaları	18
3884	3816	Ofis ve Kırtasiye Ürünleri	Ambalaj Malzemeleri	18
3885	3816	Ofis ve Kırtasiye Ürünleri	Koli Bantları	18
3886	3816	Ofis ve Kırtasiye Ürünleri	Taşıma ve Nakliyat Kutuları	18
3818	3817	Kalem ve Yazı	Dolma Kalem	18
3819	3817	Kalem ve Yazı	Fosforlu Kalem	18
3820	3817	Kalem ve Yazı	Kurşun Kalem	18
3821	3817	Kalem ve Yazı	Roller Kalem	18
3822	3817	Kalem ve Yazı	Tükenmez Kalem	18
3823	3817	Kalem ve Yazı	Tahta Kalemi	18
3824	3817	Kalem ve Yazı	Pilot Kalem	18
3825	3817	Kalem ve Yazı	Jel Kalem	18
3826	3817	Kalem ve Yazı	Koli Kalemi	18
3827	3817	Kalem ve Yazı	Asetat Kalemi	18
3828	3817	Kalem ve Yazı	Versatil Kalem	18
3829	3817	Kalem ve Yazı	Kaligrafi Kalemi	18
3830	3817	Kalem ve Yazı	Kalem Setleri	18
3831	3817	Kalem ve Yazı	Mürekkep	18
3832	3817	Kalem ve Yazı	Kalem Kartuşları	18
3833	3817	Kalem ve Yazı	Tebeşirler	18
3834	3817	Kalem ve Yazı	Uçlar	18
3835	3817	Kalem ve Yazı	Kalemtraş	18
3836	3817	Kalem ve Yazı	Daksil ve Silgi	18
3837	3817	Kalem ve Yazı	Diğer	18
3839	3838	Okul Ürünleri	El İşi Malzemeleri	18
3840	3838	Okul Ürünleri	Harita & Küre & Bayrak	18
3841	3838	Okul Ürünleri	Eğitim Levhaları	18
3842	3838	Okul Ürünleri	Kapı Giydirme	18
3843	3838	Okul Ürünleri	Çubuk, Fasülye, Sayı Boncuğu	18
3844	3838	Okul Ürünleri	Ataşlar ve Kıskaçlar	18
3845	3838	Okul Ürünleri	Raptiyeler	18
3846	3838	Okul Ürünleri	Etiket, Fiş ve Ders Programı	18
3847	3838	Okul Ürünleri	Kalemlik ve Kalem Kutusu	18
3848	3838	Okul Ürünleri	Kalemtraş	18
3849	3838	Okul Ürünleri	Büyüteç	18
3850	3838	Okul Ürünleri	Okul Çantası	18
3851	3838	Okul Ürünleri	Oyunlar	18
3852	3838	Okul Ürünleri	Oyun Hamuru	18
3853	3838	Okul Ürünleri	Boyalar	18
3854	3838	Okul Ürünleri	Mikroskop	18
3855	3838	Okul Ürünleri	Beslenme Çantası	18
3856	3838	Okul Ürünleri	Suluk & Matara	18
3857	3838	Okul Ürünleri	Resim Çantası	18
3858	3838	Okul Ürünleri	Çizim Gereçleri	18
3859	3838	Okul Ürünleri	Okul Defteri	18
3860	3838	Okul Ürünleri	Yazı Tahtası & Pano	18
3861	3838	Okul Ürünleri	Silgi & Tahta Silgisi	18
3862	3838	Okul Ürünleri	Okul Müzik Aletleri	18
3863	3838	Okul Ürünleri	Sıra Örtüsü	18
3864	3838	Okul Ürünleri	Deney Malzemesi	18
3865	3838	Okul Ürünleri	Diğer	18
3867	3866	Defter & Ajanda	Ajanda	18
3868	3866	Defter & Ajanda	Ciltli Defter	18
3869	3866	Defter & Ajanda	Fihrist	18
3870	3866	Defter & Ajanda	Ticari Defter	18
3871	3866	Defter & Ajanda	Spiralli Defter	18
3872	3866	Defter & Ajanda	Bloknot	18
3873	3866	Defter & Ajanda	Not Defterleri	18
3874	3866	Defter & Ajanda	Yapışkanlı Not Kağıdı	18
3875	3866	Defter & Ajanda	Güzel Yazı Defteri	18
3876	3866	Defter & Ajanda	Resim Defteri	18
3877	3866	Defter & Ajanda	Müzik Defteri	18
3878	3866	Defter & Ajanda	Teknik Çizim & Eskiz	18
3879	3866	Defter & Ajanda	Okul Defteri	18
3880	3866	Defter & Ajanda	Organizer Defter	18
3881	3866	Defter & Ajanda	Günlükler	18
3882	3866	Defter & Ajanda	Diğer	18
3888	3887	Ofis Makineleri	Hesap Makinesi	18
3889	3887	Ofis Makineleri	Etiket Makinesi	18
3890	3887	Ofis Makineleri	Laminasyon Makinesi	18
3891	3887	Ofis Makineleri	Para Sayma Makinesi	18
3892	3887	Ofis Makineleri	Yazar Kasa & POS	18
3893	3887	Ofis Makineleri	Evrak İmha Makinesi	18
3894	3887	Ofis Makineleri	Kart Baskı Makinesi	18
3895	3887	Ofis Makineleri	Giyotin & Kağıt Kesme Makinesi	18
3896	3887	Ofis Makineleri	Ofis Makinesi Aksesuarları	18
3897	3887	Ofis Makineleri	Spiral & Ciltleme Makinesi	18
3898	3887	Ofis Makineleri	Terazi	18
3899	3887	Ofis Makineleri	Piller & Şarj Cihazları	18
3900	3887	Ofis Makineleri	Para Kasası	18
3901	3887	Ofis Makineleri	Para Kontrol Makinesi	18
3902	3887	Ofis Makineleri	Para Çekmecesi	18
3903	3887	Ofis Makineleri	Kartuş, Toner&Drum	18
3904	3887	Ofis Makineleri	Faks Makinesi	18
3905	3887	Ofis Makineleri	Fotokopi Makineleri	18
3906	3887	Ofis Makineleri	Yazıcılar	18
3907	3887	Ofis Makineleri	Sunum Ekipmanları & Projektörler	18
3908	3887	Ofis Makineleri	Diğer	18
3916	3909	Ofis Mobilyası	Pano & Mantar Pano	18
3917	3909	Ofis Mobilyası	Çöp Kovası	18
3918	3909	Ofis Mobilyası	Diğer	18
3920	3919	Masa Araçları	Bant Kesme Makinesi	18
3921	3919	Masa Araçları	Delgeç	18
3922	3919	Masa Araçları	Kıskaç	18
3923	3919	Masa Araçları	Kalemlik	18
3924	3919	Masa Araçları	Kartvizitlik	18
3925	3919	Masa Araçları	Kaşe	18
3926	3919	Masa Araçları	Zarf Açacağı	18
3927	3919	Masa Araçları	Maket Bıçağı & Makas	18
3928	3919	Masa Araçları	Sümen Takımı	18
3929	3919	Masa Araçları	Zımba Teli	18
3930	3919	Masa Araçları	Zımba Makinesi	18
3931	3919	Masa Araçları	Zımba Teli Sökücü	18
3932	3919	Masa Araçları	Masaüstü Setler	18
3933	3919	Masa Araçları	İsimlik & Dekor	18
3934	3919	Masa Araçları	Diğer	18
3936	3935	Kağıt Ürünleri	Kartpostallar	18
3937	3935	Kağıt Ürünleri	Kartvizitler	18
3938	3935	Kağıt Ürünleri	Evraklar ve Makbuzlar	18
3939	3935	Kağıt Ürünleri	Yazarkasa Ruloları	18
3940	3935	Kağıt Ürünleri	Yazıcı ve Fotokopi Kağıdı	7
3941	3935	Kağıt Ürünleri	Zarflar	18
3942	3935	Kağıt Ürünleri	Çizgili Kağıt	18
3943	3935	Kağıt Ürünleri	Diğer	18
3945	3944	Sanatsal Malzemeler	Boya	18
3946	3944	Sanatsal Malzemeler	Fırça	18
3947	3944	Sanatsal Malzemeler	Tuval	18
3948	3944	Sanatsal Malzemeler	Şövale	18
3949	3944	Sanatsal Malzemeler	Sanatsal Kağıt & Defter	18
3950	3944	Sanatsal Malzemeler	Kalemler	18
3951	3944	Sanatsal Malzemeler	Vernik	18
3952	3944	Sanatsal Malzemeler	Palet	18
3953	3944	Sanatsal Malzemeler	Boyanabilir Obje	18
3954	3944	Sanatsal Malzemeler	Hobi Ürünleri	18
3955	3944	Sanatsal Malzemeler	Sanatsal Malzemeler	18
3956	3944	Sanatsal Malzemeler	Maket Yapımı	18
3957	3944	Sanatsal Malzemeler	El İşi Ürünleri	18
3958	3944	Sanatsal Malzemeler	Çizim Boyama Setleri	18
3959	3944	Sanatsal Malzemeler	Seramik & Heykel Ürünleri	18
3960	3944	Sanatsal Malzemeler	Diğer	18
3961	3960	Diğer	Aile Hayatı	18
3962	3960	Diğer	Çocuk Bakımı ve Gelişimi	18
3963	3960	Diğer	Hamilelik	18
3965	3964	Edebiyat ve Kurgu	Roman	15
3966	3964	Edebiyat ve Kurgu	Türk Edebiyatı	15
3967	3964	Edebiyat ve Kurgu	Dünya Edebiyatı	15
3968	3964	Edebiyat ve Kurgu	Aksiyon ve Macera	15
3969	3964	Edebiyat ve Kurgu	Antik ve Orta Çağ Edebiyatı	15
3970	3964	Edebiyat ve Kurgu	Deneme, Araştırma ve İncelemeler	15
3971	3964	Edebiyat ve Kurgu	Dramalar ve Oyunlar	15
3972	3964	Edebiyat ve Kurgu	Öyküler ve Antolojiler	15
3973	3964	Edebiyat ve Kurgu	Çizgi Roman ve Mizah	15
3974	3964	Edebiyat ve Kurgu	Tarih ve Eleştiri	15
3975	3964	Edebiyat ve Kurgu	Dergi	15
3976	3964	Edebiyat ve Kurgu	Şiir	15
3977	3964	Edebiyat ve Kurgu	Diğer	15
3979	3978	Ders ve Eğitim	Ders Kitapları	15
3980	3979	Ders Kitapları	Okul Öncesi	15
3981	3979	Ders Kitapları	İlköğretim	15
3986	3979	Ders Kitapları	Ortaöğretim	15
3991	3979	Ders Kitapları	Lise	15
3996	3979	Ders Kitapları	Üniversiteye Hazırlık	15
3982	3981	İlköğretim	1.Sınıf	15
3983	3981	İlköğretim	2.Sınıf	15
3984	3981	İlköğretim	3.Sınıf	15
3985	3981	İlköğretim	4.Sınıf	15
3987	3986	Ortaöğretim	5.Sınıf	15
3988	3986	Ortaöğretim	6.Sınıf	15
3989	3986	Ortaöğretim	7.Sınıf	15
3990	3986	Ortaöğretim	8.Sınıf	15
3992	3991	Lise	9.Sınıf	15
3993	3991	Lise	10.Sınıf	15
3994	3991	Lise	11.Sınıf	15
3995	3991	Lise	12.Sınıf	15
3997	3996	Üniversiteye Hazırlık	Üniversiteye Hazırlık Konu ve Soru	15
3999	3998	Sınavlara Hazırlık	LGS	15
4002	3998	Sınavlara Hazırlık	YKS, TYT ve AYT	15
4006	3998	Sınavlara Hazırlık	KPSS	15
4012	3998	Sınavlara Hazırlık	ALES	15
4015	3998	Sınavlara Hazırlık	GYS	15
4016	3998	Sınavlara Hazırlık	DGS	15
4019	3998	Sınavlara Hazırlık	SPK	15
4020	3998	Sınavlara Hazırlık	YDS-TOEFL-COPE-YÖK DİL-LYS	15
4024	3998	Sınavlara Hazırlık	PMYO ve Askeri Sınavlar	15
4025	3998	Sınavlara Hazırlık	PTT Sınavları Hazırlık	15
4026	3998	Sınavlara Hazırlık	Açık Öğretim Sınavları Hazırlık	15
4027	3998	Sınavlara Hazırlık	Adli ve İdari Hakimlik	15
4028	3998	Sınavlara Hazırlık	Diğer Sınavlar	15
4000	3999	LGS	LGS Konu ve Soru	15
4001	3999	LGS	LGS Deneme ve Çıkmış Sorular	15
4003	4002	YKS, TYT ve AYT	TYT Temel Yeterlilik Sınavı	15
4004	4002	YKS, TYT ve AYT	AYT Alan Yeterlilik Sınavı	15
4005	4002	YKS, TYT ve AYT	TYT ve AYT Sınavları	15
4007	4006	KPSS	KPSS GK-GY	15
4008	4006	KPSS	KPSS ÖABT	15
4009	4006	KPSS	KPSS Lise Önlisans	15
4010	4006	KPSS	KPSS Eğitim Bilimleri	15
4011	4006	KPSS	KPSS A Grubu	15
4013	4012	ALES	ALES Konu ve Soru	15
4014	4012	ALES	ALES Deneme ve Çıkmış Sorular	15
4017	4016	DGS	DGS Konu ve Soru	15
4018	4016	DGS	DGS Deneme ve Çıkmış Sorular	15
4021	4020	YDS-TOEFL-COPE-YÖK DİL-LYS	YDS-TOEFL-COPE-YÖK DİL-LYS Konu ve Soru	15
4022	4020	YDS-TOEFL-COPE-YÖK DİL-LYS	YDS-TOEFL-COPE-YÖK DİL-LYS Deneme	15
4023	4020	YDS-TOEFL-COPE-YÖK DİL-LYS	YDS-TOEFL-COPE-YÖK DİL-LYS Çıkmış Sorular	15
4030	4029	Çocuk ve Gençlik Kitapları	Çocuk ve Gençlik Romanları	15
4031	4029	Çocuk ve Gençlik Kitapları	Okul Öncesi	15
4032	4029	Çocuk ve Gençlik Kitapları	Masal,Hikaye ve Öykü	15
4033	4029	Çocuk ve Gençlik Kitapları	Çizgi Roman ve Mizah	15
4034	4029	Çocuk ve Gençlik Kitapları	Aktivite ve Eğitici Kitaplar	15
4035	4029	Çocuk ve Gençlik Kitapları	Macera ve Fantastik	15
4036	4029	Çocuk ve Gençlik Kitapları	Boyama Kitapları	15
4038	4037	Siyaset, Felsefe Sosyal Bilimler	Felsefe	15
4039	4037	Siyaset, Felsefe Sosyal Bilimler	Siyaset	15
4040	4037	Siyaset, Felsefe Sosyal Bilimler	Sosyal Bilimler	15
4043	4042	Sağlık, Spor ve Beslenme	Diyetler ve Özel Beslenme	15
4044	4042	Sağlık, Spor ve Beslenme	Çocuk Sağlığı	15
4045	4042	Sağlık, Spor ve Beslenme	Kadın Sağlığı	15
4046	4042	Sağlık, Spor ve Beslenme	Alternatif Tıp	15
4047	4042	Sağlık, Spor ve Beslenme	Psikoloji ve Tavsiye	15
4048	4042	Sağlık, Spor ve Beslenme	Cinsellik	15
4049	4042	Sağlık, Spor ve Beslenme	Yemek Kitapları	15
4050	4042	Sağlık, Spor ve Beslenme	Gelişim Psiklojisi	15
4052	4051	Ekonomi ve Finans	Ekonomi ve Finans	15
4053	4051	Ekonomi ve Finans	Kariyer, Yönetim ve Liderlik	15
4054	4051	Ekonomi ve Finans	Muhasebe	15
4055	4051	Ekonomi ve Finans	Pazarlama ve Satış	15
4056	4051	Ekonomi ve Finans	Dış Ticaret	15
4057	4051	Ekonomi ve Finans	Vergilendirme	15
4058	4051	Ekonomi ve Finans	İnsan Kaynakları ve Halkla İlişkiler	15
4060	4059	Güzel Sanatlar ve Fotoğraf	Tiyatro ve Sinema	15
4061	4059	Güzel Sanatlar ve Fotoğraf	Müzik	15
4062	4059	Güzel Sanatlar ve Fotoğraf	Grafik ve Animasyon	15
4063	4059	Güzel Sanatlar ve Fotoğraf	Müzik Kitapları	15
4064	4059	Güzel Sanatlar ve Fotoğraf	Fotoğrafçılık	15
4066	4065	Bilgisayarlar ve İnternet	Bilgisayara Giriş	15
4067	4065	Bilgisayarlar ve İnternet	Donanım	15
4068	4065	Bilgisayarlar ve İnternet	İşletim Sistemleri	15
4069	4065	Bilgisayarlar ve İnternet	Veritabanı	15
4070	4065	Bilgisayarlar ve İnternet	Programlama	15
4071	4065	Bilgisayarlar ve İnternet	İnternet ve E-Ticaret	15
4072	4065	Bilgisayarlar ve İnternet	Klavye Teknikleri	15
4073	4065	Bilgisayarlar ve İnternet	Tasarım	15
4075	4074	Akademik Bilimler	Tarih	15
4076	4074	Akademik Bilimler	Hukuk	15
4077	4074	Akademik Bilimler	Edebiyat	15
4078	4074	Akademik Bilimler	Tıp	15
4079	4074	Akademik Bilimler	Mühendislik	15
4080	4074	Akademik Bilimler	Fizik	15
4081	4074	Akademik Bilimler	Kimya	15
4082	4074	Akademik Bilimler	Biyoloji	15
4083	4074	Akademik Bilimler	Matematik	15
4084	4074	Akademik Bilimler	Felsefe	15
4085	4074	Akademik Bilimler	Sosyoloji	15
4087	4086	Seyahat ve Turizm	Atlaslar ve Haritalar	15
4088	4086	Seyahat ve Turizm	Sözlükler	15
4090	4089	Yabancı Kaynaklar	Roman ve Hikaye	15
4091	4089	Yabancı Kaynaklar	Test ve Alıştırma	15
4092	4089	Yabancı Kaynaklar	Bilim ve Araştırma	15
4093	4089	Yabancı Kaynaklar	Diğer Yabancı Dil Kaynakları	15
4095	4094	Film	Yabancı Film	15
4096	4094	Film	Yerli Film	15
4097	4094	Film	Animasyon ve Çizgi Film	15
4098	4094	Film	Belgesel	15
4100	4099	Müzik	Müzik Aletleri	15
4109	4099	Müzik	Müzik Aletleri Aksesuarları	15
4110	4099	Müzik	Müzik Albümler ve Plaklar	15
4101	4100	Müzik Aletleri	Nefesli Çalgılar	15
4102	4100	Müzik Aletleri	Telli Çalgılar	15
4103	4100	Müzik Aletleri	Vurmalı Çalgılar	15
4104	4100	Müzik Aletleri	Yaylı Çalgılar	15
4105	4100	Müzik Aletleri	Stüdyo & DJ Ekipmanları	15
4106	4100	Müzik Aletleri	Tuşlu Çalgılar	15
4107	4100	Müzik Aletleri	Orrf Enstrümanları	15
4108	4100	Müzik Aletleri	Diğer Müzik Aletleri	15
7949	4101	Nefesli Çalgılar	Klarnet	15
7974	4101	Nefesli Çalgılar	Yan Flüt	15
7999	4101	Nefesli Çalgılar	Ney	15
8024	4101	Nefesli Çalgılar	Melodika	15
8049	4101	Nefesli Çalgılar	Flüt	15
8074	4101	Nefesli Çalgılar	Mızıka	15
8099	4101	Nefesli Çalgılar	Mey	15
8124	4101	Nefesli Çalgılar	Kaval	15
8149	4101	Nefesli Çalgılar	Saksafon	15
8174	4101	Nefesli Çalgılar	Zurna	15
8199	4101	Nefesli Çalgılar	Trompet	15
8224	4101	Nefesli Çalgılar	Trombon	15
8249	4101	Nefesli Çalgılar	Korno	15
8274	4101	Nefesli Çalgılar	Bariton	15
8299	4101	Nefesli Çalgılar	Fagot	15
7264	4102	Telli Çalgılar	Gitarlar	15
7399	4102	Telli Çalgılar	Bağlama	15
7424	4102	Telli Çalgılar	Ukulele	15
7449	4102	Telli Çalgılar	Ud	15
7474	4102	Telli Çalgılar	Cümbüş	15
7499	4102	Telli Çalgılar	Mandolin	15
7524	4102	Telli Çalgılar	Santur	15
7549	4102	Telli Çalgılar	Kanun	15
7574	4102	Telli Çalgılar	Saz	15
7714	4103	Vurmalı Çalgılar	Bateri	15
7739	4103	Vurmalı Çalgılar	Akustik Davullar	15
7764	4103	Vurmalı Çalgılar	Dijital Davullar	15
7789	4103	Vurmalı Çalgılar	Davul	15
7814	4103	Vurmalı Çalgılar	Darbuka	15
7839	4103	Vurmalı Çalgılar	Perküsyon	15
7864	4103	Vurmalı Çalgılar	Trampet	15
7889	4103	Vurmalı Çalgılar	Defler	15
7914	4103	Vurmalı Çalgılar	Zil	15
7939	4103	Vurmalı Çalgılar	Tef	15
8309	4104	Yaylı Çalgılar	Keman	15
8334	4104	Yaylı Çalgılar	Kemençe	15
8359	4104	Yaylı Çalgılar	Kemane	15
8384	4104	Yaylı Çalgılar	Çello	15
8409	4104	Yaylı Çalgılar	Tambur	15
8434	4104	Yaylı Çalgılar	Viyola	15
8459	4104	Yaylı Çalgılar	Viyolonsel	15
8484	4104	Yaylı Çalgılar	Elektro Keman	15
8509	4104	Yaylı Çalgılar	Kontrbas	15
9199	4105	Stüdyo & DJ Ekipmanları	Kayıt Teknolojileri	15
9224	4105	Stüdyo & DJ Ekipmanları	Stüdyo Donanımları ve Teknolojileri	15
9249	4105	Stüdyo & DJ Ekipmanları	Usb/Pcı/Fırewıre Interfaces	15
9274	4105	Stüdyo & DJ Ekipmanları	DJ Setup	15
9299	4105	Stüdyo & DJ Ekipmanları	Mixerler	15
9324	4105	Stüdyo & DJ Ekipmanları	Synthesizer	15
9349	4105	Stüdyo & DJ Ekipmanları	Stüdyo & Sahne Aksesuarları	15
9374	4105	Stüdyo & DJ Ekipmanları	Direct Box	15
9399	4105	Stüdyo & DJ Ekipmanları	Hoparlör Aksesuarları	15
9424	4105	Stüdyo & DJ Ekipmanları	Stagebox	15
9449	4105	Stüdyo & DJ Ekipmanları	Stüdyo Kabloları	15
9474	4105	Stüdyo & DJ Ekipmanları	Mikrofonlar	15
9499	4105	Stüdyo & DJ Ekipmanları	Kulaklıklar	15
9524	4105	Stüdyo & DJ Ekipmanları	Plak	15
9549	4105	Stüdyo & DJ Ekipmanları	Pikap	15
9574	4105	Stüdyo & DJ Ekipmanları	Ses Kartları	15
9599	4105	Stüdyo & DJ Ekipmanları	Kayıt Mikrofonları	15
9624	4105	Stüdyo & DJ Ekipmanları	Midi Klavye	15
9649	4105	Stüdyo & DJ Ekipmanları	Stüdyo Monitör	15
9674	4105	Stüdyo & DJ Ekipmanları	Klavyeler	15
9699	4105	Stüdyo & DJ Ekipmanları	Dj Controller	15
9724	4105	Stüdyo & DJ Ekipmanları	Aksesuarlar	15
9749	4105	Stüdyo & DJ Ekipmanları	Amfi Efect	15
9774	4105	Stüdyo & DJ Ekipmanları	Pedallar	15
9799	4105	Stüdyo & DJ Ekipmanları	Prosesörler	15
7599	4106	Tuşlu Çalgılar	Piyano	15
7649	4106	Tuşlu Çalgılar	Org	15
7664	4106	Tuşlu Çalgılar	Akordiyon	15
4111	4110	Müzik Albümler ve Plaklar	Türk Sanatçılar	15
4112	4110	Müzik Albümler ve Plaklar	Yabancı Sanatçılar	15
4114	4113	Video Oyunu	PlayStation 3	15
4115	4113	Video Oyunu	PlayStation 4	15
4116	4113	Video Oyunu	Xbox One	15
4117	4113	Video Oyunu	Xbox 360	15
4118	4113	Video Oyunu	PC Oyunları	15
2147	4119	Outdoor Giyim	Sweatshirt ve T-Shirt	16
2148	4119	Outdoor Giyim	Montlar ve Ceketler	16
2149	4119	Outdoor Giyim	Yağmurluklar	16
2150	4119	Outdoor Giyim	Yelekler	16
2151	4119	Outdoor Giyim	Softshell ve Polar	16
2152	4119	Outdoor Giyim	Gömlekler	16
2153	4119	Outdoor Giyim	Pantolon ve Kapri	16
2154	4119	Outdoor Giyim	Eldivenler	16
2155	4119	Outdoor Giyim	Bere	16
2156	4119	Outdoor Giyim	Şapkalar	16
2157	4119	Outdoor Giyim	Kemerler	16
2158	4119	Outdoor Giyim	Termal İç Giyim	16
2159	4119	Outdoor Giyim	Çorap ve Tozluklar	16
2160	4119	Outdoor Giyim	Yelken Giyim & Aksesuar	16
2161	4119	Outdoor Giyim	Bandana	16
2162	4119	Outdoor Giyim	Outdoor Gözlükler	16
4126	4125	Sunucu	Server & Server Aksesuarları	8
4128	4127	Bebek Banyo ve Tuvalet Eğitimi	Tuvalet Alıştırma Külodu	13
4129	4127	Bebek Banyo ve Tuvalet Eğitimi	Tuvalet Oturak Lazımlık	13
4130	4127	Bebek Banyo ve Tuvalet Eğitimi	Bebek Cilt Bakım	13
4131	4127	Bebek Banyo ve Tuvalet Eğitimi	Bebek Banyo Malzemeleri	13
4138	4127	Bebek Banyo ve Tuvalet Eğitimi	Bebek Şampuanları Ve Sabunlar	13
4139	4127	Bebek Banyo ve Tuvalet Eğitimi	Tırnak Makası	13
4140	4127	Bebek Banyo ve Tuvalet Eğitimi	Diğer Banyo Ürünleri	13
4141	4127	Bebek Banyo ve Tuvalet Eğitimi	Fırça Ve Taraklar	13
4142	4127	Bebek Banyo ve Tuvalet Eğitimi	Bakım Setleri	13
4143	4127	Bebek Banyo ve Tuvalet Eğitimi	Çamaşır Filesi	13
4132	4131	Bebek Banyo Malzemeleri	Çocuk Basamağı	13
4133	4131	Bebek Banyo Malzemeleri	Banyo Süngeri	13
4134	4131	Bebek Banyo Malzemeleri	Küvet Ürünleri	13
4135	4131	Bebek Banyo Malzemeleri	Banyo Şapkası	13
4136	4131	Bebek Banyo Malzemeleri	Havlular Ve Keseler Ve Bornoz	13
4137	4131	Bebek Banyo Malzemeleri	Banyo Termometresi	13
4145	4144	Bebek Arabaları ve Aksesuarları	İkiz Bebek Arabaları	16
4146	4144	Bebek Arabaları ve Aksesuarları	Travel Sistem Bebek Arabası	16
4147	4144	Bebek Arabaları ve Aksesuarları	Tek Yönlü Bebek Arabası	16
4148	4144	Bebek Arabaları ve Aksesuarları	Baston Pusetler	16
4149	4144	Bebek Arabaları ve Aksesuarları	Bebek Arabası Aksesuarları	16
4150	4144	Bebek Arabaları ve Aksesuarları	3 Tekerli Bebek Arabası	16
4151	4144	Bebek Arabaları ve Aksesuarları	Çift Yönlü Bebek Arabası	16
4152	4144	Bebek Arabaları ve Aksesuarları	Aksesuarlar	16
4154	4153	Bebek Bakım ve Sağlık	Bebek Bakım	13
4172	4153	Bebek Bakım ve Sağlık	Atta Çantası	13
4173	4153	Bebek Bakım ve Sağlık	Bebek Bakım Seti	13
4155	4154	Bebek Bakım	Bebek Cilt Bakım	13
4168	4154	Bebek Bakım	Bebek Ağız Ve Diş Bakım	13
4171	4154	Bebek Bakım	Bebek Tartı	13
4156	4155	Bebek Cilt Bakım	Buhar Makinası	13
4157	4155	Bebek Cilt Bakım	Ateş Ölçer	13
4158	4155	Bebek Cilt Bakım	Güneş Bakım Ürünleri	13
4159	4155	Bebek Cilt Bakım	Bebek Bakım Çantası	16
4160	4155	Bebek Cilt Bakım	Burun Aspretörü	13
4161	4155	Bebek Cilt Bakım	Kolonya	13
4162	4155	Bebek Cilt Bakım	Pişik Kremi	13
4163	4155	Bebek Cilt Bakım	Losyon	13
4164	4155	Bebek Cilt Bakım	Pudra & Parfüm	13
4165	4155	Bebek Cilt Bakım	Bebek Yağı	13
4166	4155	Bebek Cilt Bakım	Kulak Çubuğu	13
4167	4155	Bebek Cilt Bakım	Temizleme Pamuğu	13
4169	4168	Bebek Ağız Ve Diş Bakım	Diş Macunu	13
4170	4168	Bebek Ağız Ve Diş Bakım	Diş Fırçası	13
6232	4225	Süspansiyon-Tekerlekler	Aks Askısı	13
6235	4225	Süspansiyon-Tekerlekler	Aks Kafası Dış	13
6238	4225	Süspansiyon-Tekerlekler	Aks Kafası İç	13
6241	4225	Süspansiyon-Tekerlekler	Aks Keçesi	13
6244	4225	Süspansiyon-Tekerlekler	Aks Körüğü Dış	13
6247	4225	Süspansiyon-Tekerlekler	Aks Körüğü İç	13
6250	4225	Süspansiyon-Tekerlekler	Aks Körük Kelepçesi	13
6253	4225	Süspansiyon-Tekerlekler	Aks Mafsalı	13
6256	4225	Süspansiyon-Tekerlekler	Aks Rulmanı	13
6259	4225	Süspansiyon-Tekerlekler	Aks Somunu	13
6262	4225	Süspansiyon-Tekerlekler	Aks Sportu	13
6265	4225	Süspansiyon-Tekerlekler	Aks Taşıyıcı	13
6268	4225	Süspansiyon-Tekerlekler	Aks Taşıyıcı Sağ	13
6271	4225	Süspansiyon-Tekerlekler	Aks Taşıyıcı Sol	13
6274	4225	Süspansiyon-Tekerlekler	Aks Yüzüğü	13
6277	4225	Süspansiyon-Tekerlekler	Arka Aks	13
6280	4225	Süspansiyon-Tekerlekler	Arka Aks Rulmanı	13
6283	4225	Süspansiyon-Tekerlekler	Arka Porya	13
6286	4225	Süspansiyon-Tekerlekler	Arka Teker Rulmanı	13
6289	4225	Süspansiyon-Tekerlekler	Makas Burcu	13
6292	4225	Süspansiyon-Tekerlekler	Motor Traversi	13
6295	4225	Süspansiyon-Tekerlekler	Ön Aks Komple	13
6298	4225	Süspansiyon-Tekerlekler	Ön Porya	13
6301	4225	Süspansiyon-Tekerlekler	Ön Teker Rulmanı	13
6304	4225	Süspansiyon-Tekerlekler	Ön Aks Sağ	13
6307	4225	Süspansiyon-Tekerlekler	Ön Aks Sol	13
6310	4225	Süspansiyon-Tekerlekler	Torsiyon	13
6313	4225	Süspansiyon-Tekerlekler	Torsiyon Burcu	13
6316	4225	Süspansiyon-Tekerlekler	Torsiyon Tamir Takımı	13
6319	4225	Süspansiyon-Tekerlekler	Aks Askı Rulmanı	13
6322	4225	Süspansiyon-Tekerlekler	Porya Kapağı	13
6325	4225	Süspansiyon-Tekerlekler	Jant Merkezleme Civatası	13
6331	4225	Süspansiyon-Tekerlekler	Amortisör Burcu	13
6334	4225	Süspansiyon-Tekerlekler	Ara Yatak Takozu	13
6337	4225	Süspansiyon-Tekerlekler	Arka Amortisör	13
6340	4225	Süspansiyon-Tekerlekler	Arka Amortisör Bilyası	13
6343	4225	Süspansiyon-Tekerlekler	Arka Amortisör Takozu	13
6346	4225	Süspansiyon-Tekerlekler	Arka Amortisör Toz Körüğü	13
6349	4225	Süspansiyon-Tekerlekler	Arka Helezon	13
6352	4225	Süspansiyon-Tekerlekler	Helezon Lastiği	13
6358	4225	Süspansiyon-Tekerlekler	Ön Amortisör Bilyası	13
6361	4225	Süspansiyon-Tekerlekler	Ön Amortisör Takozu	13
6364	4225	Süspansiyon-Tekerlekler	Ön Amortisör Toz Körüğü	13
6367	4225	Süspansiyon-Tekerlekler	Ön Helezon	13
6370	4225	Süspansiyon-Tekerlekler	Ön Süspansiyon Takozu	13
6373	4225	Süspansiyon-Tekerlekler	Direksiyon Körüğü	13
6376	4225	Süspansiyon-Tekerlekler	Direksiyon Kutusu	13
6379	4225	Süspansiyon-Tekerlekler	Direksiyon Mafsalı	13
6382	4225	Süspansiyon-Tekerlekler	Direksiyon Pompası	13
6385	4225	Süspansiyon-Tekerlekler	Direksiyon Power	13
6388	4225	Süspansiyon-Tekerlekler	Direksiyon Simidi	13
6391	4225	Süspansiyon-Tekerlekler	Direksiyon Tamir Takımı	13
6394	4225	Süspansiyon-Tekerlekler	Direksiyon Yağ Depo Kapağı	13
6397	4225	Süspansiyon-Tekerlekler	Direksiyon Yağ Deposu	13
6400	4225	Süspansiyon-Tekerlekler	Direksiyon Muhafaza Bakaliti	13
6403	4225	Süspansiyon-Tekerlekler	Direksiyon Bağlantı Lastiği	13
6406	4225	Süspansiyon-Tekerlekler	Direksiyon Ayar Kolu	13
6408	4225	Süspansiyon-Tekerlekler	Direksiyon Tıkırtı Burcu	13
6411	4225	Süspansiyon-Tekerlekler	Direksiyon Pompa Kütüğü	13
6414	4225	Süspansiyon-Tekerlekler	Direksiyon Pompa Kasnağı	13
6417	4225	Süspansiyon-Tekerlekler	Rotbaşı	13
6420	4225	Süspansiyon-Tekerlekler	Rotil	13
6423	4225	Süspansiyon-Tekerlekler	Rotilli Kol	13
6426	4225	Süspansiyon-Tekerlekler	Rotkolu	13
6429	4225	Süspansiyon-Tekerlekler	Direksiyon Hortumu	13
6432	4225	Süspansiyon-Tekerlekler	Bijon	13
6435	4225	Süspansiyon-Tekerlekler	Çelik Jant	13
6441	4225	Süspansiyon-Tekerlekler	Sac Jant	13
6444	4225	Süspansiyon-Tekerlekler	Arka Salıncak	13
6447	4225	Süspansiyon-Tekerlekler	Arka Salıncak Burcu	13
6450	4225	Süspansiyon-Tekerlekler	Denge Kolu	13
6453	4225	Süspansiyon-Tekerlekler	Ön Salıncak	13
6456	4225	Süspansiyon-Tekerlekler	Ön Salıncak Burcu	13
6459	4225	Süspansiyon-Tekerlekler	Ön Z Rot	13
6471	4225	Süspansiyon-Tekerlekler	Sağ Ön Salıncak	13
6474	4225	Süspansiyon-Tekerlekler	Sol Ön Salıncak	13
6477	4225	Süspansiyon-Tekerlekler	Viraj Demiri	13
6480	4225	Süspansiyon-Tekerlekler	Viraj Demiri Çivisi	13
6483	4225	Süspansiyon-Tekerlekler	Viraj Demiri Kelepçesi	13
6486	4225	Süspansiyon-Tekerlekler	Viraj Demiri Uç Lastiği	13
6489	4225	Süspansiyon-Tekerlekler	Rotmili	13
6492	4225	Süspansiyon-Tekerlekler	Viraj Uç Demiri	13
6495	4225	Süspansiyon-Tekerlekler	Z Rot	13
6498	4225	Süspansiyon-Tekerlekler	Barakol Lastiği	13
6501	4225	Süspansiyon-Tekerlekler	Ön Salıncak Sağ	13
6504	4225	Süspansiyon-Tekerlekler	Ön Salıncak Sol	13
6507	4225	Süspansiyon-Tekerlekler	Alt Tabla	13
6510	4225	Süspansiyon-Tekerlekler	Denge Kol Lastiği	13
6513	4225	Süspansiyon-Tekerlekler	Viraj Demir Lastiği	13
6516	4225	Süspansiyon-Tekerlekler	Salıncak Burcu	13
6519	4225	Süspansiyon-Tekerlekler	Viraj Demiri Lastiği	13
6522	4225	Süspansiyon-Tekerlekler	Alt Rotil	13
6525	4225	Süspansiyon-Tekerlekler	Amortisör Takozu	13
6528	4225	Süspansiyon-Tekerlekler	Arka Süspansiyon Takozu	13
6537	4225	Süspansiyon-Tekerlekler	Torsiyon Takozu	13
6567	6555	Havlu & Havlu Seti	El Yüz Havluları	20
6579	6555	Havlu & Havlu Seti	Ayak Havluları	20
6591	6555	Havlu & Havlu Seti	Banyo Havluları	20
6603	6555	Havlu & Havlu Seti	Havlu Setleri	20
6627	6615	Ev Gereçleri	Ütü Masası	20
6639	6615	Ev Gereçleri	Çamaşırlık	20
6664	6645	Satış Sonrası Hizmetler Kategorisi	Kasko Paketleri	25
6683	6645	Satış Sonrası Hizmetler Kategorisi	Tamir Paketleri	20
6702	6645	Satış Sonrası Hizmetler Kategorisi	Bakım Paketleri	20
6721	6645	Satış Sonrası Hizmetler Kategorisi	Uzatılmış Garanti	10
6725	6724	AFAD Yardım	Yardım	0
3910	6822	Ofis Mobilyası	Ofis Koltukları	20
3911	6822	Ofis Mobilyası	Ofis Masaları	20
3912	6822	Ofis Mobilyası	Ofis Dolapları	20
3913	6822	Ofis Mobilyası	Ofis Sehpası	20
3914	6822	Ofis Mobilyası	Kitaplık	20
3915	6822	Ofis Mobilyası	Oyuncu Koltuğu	20
3199	6843	Bahçe Mobilyası	Bahçe Takım Mobilyalar	20
3200	6843	Bahçe Mobilyası	Salıncaklar	20
3201	6843	Bahçe Mobilyası	Hamaklar	20
3202	6843	Bahçe Mobilyası	Şezlong	20
3203	6843	Bahçe Mobilyası	Şemsiye	20
3204	6843	Bahçe Mobilyası	Tente	20
3205	6843	Bahçe Mobilyası	Sandalye	20
3206	6843	Bahçe Mobilyası	Masa	20
3207	6843	Bahçe Mobilyası	Tabure	20
3208	6843	Bahçe Mobilyası	Sehpa	20
3209	6843	Bahçe Mobilyası	Koltuk	20
3210	6843	Bahçe Mobilyası	Banklar	20
3211	6843	Bahçe Mobilyası	Bahçe Minderleri ve Puflar	20
1279	6863	Bebek Odası Tekstil	Nevresim Takımları	20
1280	6863	Bebek Odası Tekstil	Battaniye	20
1281	6863	Bebek Odası Tekstil	Yastık	20
1282	6863	Bebek Odası Tekstil	Yorgan	20
1283	6863	Bebek Odası Tekstil	Alez	20
1284	6863	Bebek Odası Tekstil	Çarşaf	20
1285	6863	Bebek Odası Tekstil	Uyku Seti	20
1286	6863	Bebek Odası Tekstil	Halı	20
1287	6863	Bebek Odası Tekstil	Cibinlik Perde	20
2917	6884	Aydınlatma	Avizeler	20
2921	6884	Aydınlatma	Sarkıtlar	20
2923	6884	Aydınlatma	Masa Lambaları	20
2924	6884	Aydınlatma	Aplikler	20
2925	6884	Aydınlatma	Gece Lambaları	20
2926	6884	Aydınlatma	Lambader	20
2929	6884	Aydınlatma	Tavan Vantilatörü ve Fanlar	15
2936	6884	Aydınlatma	Dekoratif Aydınlatma Ürünleri	20
9808	6884	Aydınlatma	Abajur	20
9894	6884	Aydınlatma	Akıllı Aydınlatma	20
9915	6884	Aydınlatma	Plafonyerler	20
6908	6887	Oyuncu Ekipmanları	Oyuncu Mousepad	12
6947	6887	Oyuncu Ekipmanları	Oyuncu Setleri	12
6968	6887	Oyuncu Ekipmanları	Oyuncu Kulaklıkları	12
6969	6887	Oyuncu Ekipmanları	Oyuncu Mouse	12
6990	6887	Oyuncu Ekipmanları	Oyuncu Klavye	12
1425	7064	Aksiyon Kameralar	Kameralar	10
1426	7064	Aksiyon Kameralar	Aksesuarlar	10
1427	7064	Aksiyon Kameralar	Gimbal	10
1428	7064	Aksiyon Kameralar	Diğer	10
7307	7264	Gitarlar	Klasik Gitarlar	15
7314	7264	Gitarlar	Akustik Gitarlar	15
7339	7264	Gitarlar	Elektro Gitarlar	15
7364	7264	Gitarlar	Bass Gitarlar	15
7389	7264	Gitarlar	Gitar Amfisi	15
7624	7599	Piyano	Akustik Piyanolar	15
7689	7599	Piyano	Dijital Piyanolar	15
